 0.00000000e+00  2.28037321e-22 
 1.00000000e-09  0.00000000e+00 
 2.00000000e-09  8.85956618e-14 
 4.00000000e-09  3.99026949e-13 
 8.00000000e-09  1.46407311e-12 
 1.60000000e-08  5.72508143e-12 
 3.20000000e-08  2.27730543e-11 
 6.40000000e-08  9.09781981e-11 
 1.28000000e-07  3.63887377e-10 
 2.28000000e-07  1.21722140e-09 
 3.28000000e-07  2.80083904e-09 
 4.28000000e-07  5.27694903e-09 
 5.28000000e-07  8.64895041e-09 
 6.28000000e-07  1.29214353e-08 
 7.28000000e-07  1.81003338e-08 
 8.28000000e-07  2.41930986e-08 
 9.28000000e-07  3.12089404e-08 
 1.02800000e-06  3.91591174e-08 
 1.12800000e-06  4.80572958e-08 
 1.22800000e-06  5.79199850e-08 
 1.32800000e-06  6.87670721e-08 
 1.42800000e-06  8.06224655e-08 
 1.52800000e-06  9.35148784e-08 
 1.62800000e-06  1.07478771e-07 
 1.72800000e-06  1.23127643e-07 
 1.82800000e-06  1.40538948e-07 
 1.92800000e-06  1.59233489e-07 
 2.02800000e-06  1.79294953e-07 
 2.12800000e-06  2.00823862e-07 
 2.22800000e-06  2.23940987e-07 
 2.32800000e-06  2.48791466e-07 
 2.42800000e-06  2.75549769e-07 
 2.52800000e-06  3.04425685e-07 
 2.62800000e-06  3.35671530e-07 
 2.72800000e-06  3.69590852e-07 
 2.82800000e-06  4.06548901e-07 
 2.92800000e-06  4.46985261e-07 
 3.02800000e-06  4.91429073e-07 
 3.12800000e-06  5.40517377e-07 
 3.22800000e-06  5.95017218e-07 
 3.32800000e-06  6.55852290e-07 
 3.42800000e-06  7.24135044e-07 
 3.52800000e-06  8.01205386e-07 
 3.62800000e-06  8.88677310e-07 
 3.72800000e-06  9.88495105e-07 
 3.82800000e-06  1.10300109e-06 
 3.92800000e-06  1.23501723e-06 
 4.02800000e-06  1.38794354e-06 
 4.12800000e-06  1.56587663e-06 
 4.22800000e-06  1.77375255e-06 
 4.32800000e-06  2.01751903e-06 
 4.42800000e-06  2.30434295e-06 
 4.52800000e-06  2.64286040e-06 
 4.62800000e-06  3.04347801e-06 
 4.72800000e-06  3.51873606e-06 
 4.82800000e-06  4.08374609e-06 
 4.92800000e-06  4.75671807e-06 
 5.02800000e-06  5.55959578e-06 
 5.12800000e-06  6.51882220e-06 
 5.22800000e-06  7.66626173e-06 
 5.32800000e-06  9.04031124e-06 
 5.42800000e-06  1.06872384e-05 
 5.52800000e-06  1.26627935e-05 
 5.62800000e-06  1.50341516e-05 
 5.72800000e-06  1.78822495e-05 
 5.82800000e-06  2.13046013e-05 
 5.92800000e-06  2.54186865e-05 
 6.02800000e-06  3.03660273e-05 
 6.12800000e-06  3.63170947e-05 
 6.22800000e-06  4.34772078e-05 
 6.32800000e-06  5.20936260e-05 
 6.42800000e-06  6.24640700e-05 
 6.52800000e-06  7.49469527e-05 
 6.62800000e-06  8.99736545e-05 
 6.72800000e-06  1.08063237e-04 
 6.82800000e-06  1.29840059e-04 
 6.92800000e-06  1.56054844e-04 
 7.02800000e-06  1.87609820e-04 
 7.12800000e-06  2.25588683e-04 
 7.22800000e-06  2.71292195e-04 
 7.32800000e-06  3.26280361e-04 
 7.42800000e-06  3.92422260e-04 
 7.52800000e-06  4.71954620e-04 
 7.62800000e-06  5.67550318e-04 
 7.72800000e-06  6.82397973e-04 
 7.82800000e-06  8.20293702e-04 
 7.92800000e-06  9.85745841e-04 
 8.02800000e-06  1.18409303e-03 
 8.12800000e-06  1.42163529e-03 
 8.22800000e-06  1.70577671e-03 
 8.32800000e-06  2.04517678e-03 
 8.42800000e-06  2.44990541e-03 
 8.52800000e-06  2.93159410e-03 
 8.62800000e-06  3.50357280e-03 
 8.72800000e-06  4.18097850e-03 
 8.82800000e-06  4.98081859e-03 
 8.92800000e-06  5.92196966e-03 
 9.02800000e-06  7.02509119e-03 
 9.12800000e-06  8.31243570e-03 
 9.22800000e-06  9.80754143e-03 
 9.32800000e-06  1.15348024e-02 
 9.42800000e-06  1.35189232e-02 
 9.52800000e-06  1.57842788e-02 
 9.62800000e-06  1.83542169e-02 
 9.72800000e-06  2.12503467e-02 
 9.82800000e-06  2.44918708e-02 
 9.92800000e-06  2.80950087e-02 
 1.00280000e-05  3.20725576e-02 
 1.01280000e-05  3.64336185e-02 
 1.02280000e-05  4.11834985e-02 
 1.03280000e-05  4.63237832e-02 
 1.04280000e-05  5.18525565e-02 
 1.05280000e-05  5.77647371e-02 
 1.06280000e-05  6.40524939e-02 
 1.07280000e-05  7.07057034e-02 
 1.08280000e-05  7.77124186e-02 
 1.09280000e-05  8.50593200e-02 
 1.10280000e-05  9.27321324e-02 
 1.11280000e-05  1.00715994e-01 
 1.12280000e-05  1.08995773e-01 
 1.13280000e-05  1.17556329e-01 
 1.14280000e-05  1.26382721e-01 
 1.15280000e-05  1.35460374e-01 
 1.16280000e-05  1.44775195e-01 
 1.17280000e-05  1.54313660e-01 
 1.18280000e-05  1.64062872e-01 
 1.19280000e-05  1.74010588e-01 
 1.20280000e-05  1.84145236e-01 
 1.21280000e-05  1.94455911e-01 
 1.22280000e-05  2.04932365e-01 
 1.23280000e-05  2.15564986e-01 
 1.24280000e-05  2.26344772e-01 
 1.25280000e-05  2.37263302e-01 
 1.26280000e-05  2.48312706e-01 
 1.27280000e-05  2.59485634e-01 
 1.28280000e-05  2.70775220e-01 
 1.29280000e-05  2.82175055e-01 
 1.30280000e-05  2.93679154e-01 
 1.31280000e-05  3.05281928e-01 
 1.32280000e-05  3.16978155e-01 
 1.33280000e-05  3.28762957e-01 
 1.34280000e-05  3.40631770e-01 
 1.35280000e-05  3.52580326e-01 
 1.36280000e-05  3.64604630e-01 
 1.37280000e-05  3.76700940e-01 
 1.38280000e-05  3.88865748e-01 
 1.39280000e-05  4.01095763e-01 
 1.40280000e-05  4.13387898e-01 
 1.41280000e-05  4.25733425e-01 
 1.42280000e-05  4.38123581e-01 
 1.43280000e-05  4.50561788e-01 
 1.44280000e-05  4.63052698e-01 
 1.45280000e-05  4.75594923e-01 
 1.46280000e-05  4.88186257e-01 
 1.47280000e-05  5.00824515e-01 
 1.48280000e-05  5.13507624e-01 
 1.49280000e-05  5.26233630e-01 
 1.50280000e-05  5.39000692e-01 
 1.51280000e-05  5.51807069e-01 
 1.52280000e-05  5.64651118e-01 
 1.53280000e-05  5.77531286e-01 
 1.54280000e-05  5.90446102e-01 
 1.55280000e-05  6.03394176e-01 
 1.56280000e-05  6.16374188e-01 
 1.57280000e-05  6.29384888e-01 
 1.58280000e-05  6.42425089e-01 
 1.59280000e-05  6.55493664e-01 
 1.60280000e-05  6.68589542e-01 
 1.61280000e-05  6.81711705e-01 
 1.62280000e-05  6.94859183e-01 
 1.63280000e-05  7.08031054e-01 
 1.64280000e-05  7.21226437e-01 
 1.65280000e-05  7.34444496e-01 
 1.66280000e-05  7.47684431e-01 
 1.67280000e-05  7.60945477e-01 
 1.68280000e-05  7.74226906e-01 
 1.69280000e-05  7.87528021e-01 
 1.70280000e-05  8.00848156e-01 
 1.71280000e-05  8.14186674e-01 
 1.72280000e-05  8.27542964e-01 
 1.73280000e-05  8.40916443e-01 
 1.74280000e-05  8.54306551e-01 
 1.75280000e-05  8.67712751e-01 
 1.76280000e-05  8.81134528e-01 
 1.77280000e-05  8.94571389e-01 
 1.78280000e-05  9.08022861e-01 
 1.79280000e-05  9.21488486e-01 
 1.80280000e-05  9.34967830e-01 
 1.81280000e-05  9.48460469e-01 
 1.82280000e-05  9.61966002e-01 
 1.83280000e-05  9.75484039e-01 
 1.84280000e-05  9.89014205e-01 
 1.85280000e-05  1.00255614e+00 
 1.86280000e-05  1.01610950e+00 
 1.87280000e-05  1.02967394e+00 
 1.88280000e-05  1.04324915e+00 
 1.89280000e-05  1.05683482e+00 
 1.90280000e-05  1.07043064e+00 
 1.91280000e-05  1.08403633e+00 
 1.92280000e-05  1.09765160e+00 
 1.93280000e-05  1.11127620e+00 
 1.94280000e-05  1.12490985e+00 
 1.95280000e-05  1.13855230e+00 
 1.96280000e-05  1.15220332e+00 
 1.97280000e-05  1.16586267e+00 
 1.98280000e-05  1.17953012e+00 
 1.99280000e-05  1.19320546e+00 
 2.00280000e-05  1.20688846e+00 
 2.01280000e-05  1.22057893e+00 
 2.02280000e-05  1.23427666e+00 
 2.03280000e-05  1.24798147e+00 
 2.04280000e-05  1.26169317e+00 
 2.05280000e-05  1.27541157e+00 
 2.06280000e-05  1.28913650e+00 
 2.07280000e-05  1.30286779e+00 
 2.08280000e-05  1.31660528e+00 
 2.09280000e-05  1.33034881e+00 
 2.10280000e-05  1.34409822e+00 
 2.11280000e-05  1.35785337e+00 
 2.12280000e-05  1.37161410e+00 
 2.13280000e-05  1.38538028e+00 
 2.14280000e-05  1.39915177e+00 
 2.15280000e-05  1.41292843e+00 
 2.16280000e-05  1.42671015e+00 
 2.17280000e-05  1.44049678e+00 
 2.18280000e-05  1.45428822e+00 
 2.19280000e-05  1.46808434e+00 
 2.20280000e-05  1.48188503e+00 
 2.21280000e-05  1.49569017e+00 
 2.22280000e-05  1.50949966e+00 
 2.23280000e-05  1.52331339e+00 
 2.24280000e-05  1.53713126e+00 
 2.25280000e-05  1.55095317e+00 
 2.26280000e-05  1.56477902e+00 
 2.27280000e-05  1.57860871e+00 
 2.28280000e-05  1.59244217e+00 
 2.29280000e-05  1.60627929e+00 
 2.30280000e-05  1.62011999e+00 
 2.31280000e-05  1.63396418e+00 
 2.32280000e-05  1.64781179e+00 
 2.33280000e-05  1.66166273e+00 
 2.34280000e-05  1.67551692e+00 
 2.35280000e-05  1.68937429e+00 
 2.36280000e-05  1.70323477e+00 
 2.37280000e-05  1.71709827e+00 
 2.38280000e-05  1.73096474e+00 
 2.39280000e-05  1.74483410e+00 
 2.40280000e-05  1.75870629e+00 
 2.41280000e-05  1.77258124e+00 
 2.42280000e-05  1.78645889e+00 
 2.43280000e-05  1.80033917e+00 
 2.44280000e-05  1.81422203e+00 
 2.45280000e-05  1.82810740e+00 
 2.46280000e-05  1.84199524e+00 
 2.47280000e-05  1.85588548e+00 
 2.48280000e-05  1.86977807e+00 
 2.49280000e-05  1.88367296e+00 
 2.50280000e-05  1.89757009e+00 
 2.51280000e-05  1.91146942e+00 
 2.52280000e-05  1.92537089e+00 
 2.53280000e-05  1.93927446e+00 
 2.54280000e-05  1.95318008e+00 
 2.55280000e-05  1.96708770e+00 
 2.56280000e-05  1.98099728e+00 
 2.57280000e-05  1.99490878e+00 
 2.58280000e-05  2.00882216e+00 
 2.59280000e-05  2.02273736e+00 
 2.60280000e-05  2.03665436e+00 
 2.61280000e-05  2.05057311e+00 
 2.62280000e-05  2.06449357e+00 
 2.63280000e-05  2.07841571e+00 
 2.64280000e-05  2.09233949e+00 
 2.65280000e-05  2.10626487e+00 
 2.66280000e-05  2.12019182e+00 
 2.67280000e-05  2.13412030e+00 
 2.68280000e-05  2.14805028e+00 
 2.69280000e-05  2.16198173e+00 
 2.70280000e-05  2.17591462e+00 
 2.71280000e-05  2.18984891e+00 
 2.72280000e-05  2.20378457e+00 
 2.73280000e-05  2.21772158e+00 
 2.74280000e-05  2.23165990e+00 
 2.75280000e-05  2.24559951e+00 
 2.76280000e-05  2.25954037e+00 
 2.77280000e-05  2.27348247e+00 
 2.78280000e-05  2.28742577e+00 
 2.79280000e-05  2.30137026e+00 
 2.80280000e-05  2.31531589e+00 
 2.81280000e-05  2.32926266e+00 
 2.82280000e-05  2.34321052e+00 
 2.83280000e-05  2.35715947e+00 
 2.84280000e-05  2.37110948e+00 
 2.85280000e-05  2.38506052e+00 
 2.86280000e-05  2.39901258e+00 
 2.87280000e-05  2.41296562e+00 
 2.88280000e-05  2.42691964e+00 
 2.89280000e-05  2.44087461e+00 
 2.90280000e-05  2.45483050e+00 
 2.91280000e-05  2.46878731e+00 
 2.92280000e-05  2.48274500e+00 
 2.93280000e-05  2.49670357e+00 
 2.94280000e-05  2.51066299e+00 
 2.95280000e-05  2.52462324e+00 
 2.96280000e-05  2.53858431e+00 
 2.97280000e-05  2.55254618e+00 
 2.98280000e-05  2.56650884e+00 
 2.99280000e-05  2.58047226e+00 
 3.00280000e-05  2.59443643e+00 
 3.01280000e-05  2.60840133e+00 
 3.02280000e-05  2.62236695e+00 
 3.03280000e-05  2.63633328e+00 
 3.04280000e-05  2.65030030e+00 
 3.05280000e-05  2.66426799e+00 
 3.06280000e-05  2.67823634e+00 
 3.07280000e-05  2.69220533e+00 
 3.08280000e-05  2.70617496e+00 
 3.09280000e-05  2.72014521e+00 
 3.10280000e-05  2.73411607e+00 
 3.11280000e-05  2.74808751e+00 
 3.12280000e-05  2.76205954e+00 
 3.13280000e-05  2.77603214e+00 
 3.14280000e-05  2.79000530e+00 
 3.15280000e-05  2.80397900e+00 
 3.16280000e-05  2.81795324e+00 
 3.17280000e-05  2.83192800e+00 
 3.18280000e-05  2.84590327e+00 
 3.19280000e-05  2.85987904e+00 
 3.20280000e-05  2.87385531e+00 
 3.21280000e-05  2.88783205e+00 
 3.22280000e-05  2.90180927e+00 
 3.23280000e-05  2.91578694e+00 
 3.24280000e-05  2.92976507e+00 
 3.25280000e-05  2.94374364e+00 
 3.26280000e-05  2.95772264e+00 
 3.27280000e-05  2.97170207e+00 
 3.28280000e-05  2.98568191e+00 
 3.29280000e-05  2.99966216e+00 
 3.30280000e-05  3.01364280e+00 
 3.31280000e-05  3.02762384e+00 
 3.32280000e-05  3.04160526e+00 
 3.33280000e-05  3.05558705e+00 
 3.34280000e-05  3.06956920e+00 
 3.35280000e-05  3.08355172e+00 
 3.36280000e-05  3.09753458e+00 
 3.37280000e-05  3.11151779e+00 
 3.38280000e-05  3.12550134e+00 
 3.39280000e-05  3.13948521e+00 
 3.40280000e-05  3.15346941e+00 
 3.41280000e-05  3.16745393e+00 
 3.42280000e-05  3.18143875e+00 
 3.43280000e-05  3.19542388e+00 
 3.44280000e-05  3.20940930e+00 
 3.45280000e-05  3.22339501e+00 
 3.46280000e-05  3.23738101e+00 
 3.47280000e-05  3.25136729e+00 
 3.48280000e-05  3.26535384e+00 
 3.49280000e-05  3.27934066e+00 
 3.50280000e-05  3.29332774e+00 
 3.51280000e-05  3.30731508e+00 
 3.52280000e-05  3.32130267e+00 
 3.53280000e-05  3.33529050e+00 
 3.54280000e-05  3.34927858e+00 
 3.55280000e-05  3.36326689e+00 
 3.56280000e-05  3.37725543e+00 
 3.57280000e-05  3.38987444e+00 
 3.58280000e-05  3.39223829e+00 
 3.59280000e-05  3.38397378e+00 
 3.60280000e-05  3.37364461e+00 
 3.61280000e-05  3.36295340e+00 
 3.62280000e-05  3.35223831e+00 
 3.63280000e-05  3.34156780e+00 
 3.64280000e-05  3.33095769e+00 
 3.65280000e-05  3.32041383e+00 
 3.66280000e-05  3.30994034e+00 
 3.67280000e-05  3.29954126e+00 
 3.68280000e-05  3.28922083e+00 
 3.69280000e-05  3.27898361e+00 
 3.70280000e-05  3.26883450e+00 
 3.71280000e-05  3.25877876e+00 
 3.72280000e-05  3.24882208e+00 
 3.73280000e-05  3.23897055e+00 
 3.74280000e-05  3.22923078e+00 
 3.75280000e-05  3.21960988e+00 
 3.76280000e-05  3.21011550e+00 
 3.77280000e-05  3.20075592e+00 
 3.78280000e-05  3.19154004e+00 
 3.79280000e-05  3.18247748e+00 
 3.80280000e-05  3.17357856e+00 
 3.81280000e-05  3.16485439e+00 
 3.82280000e-05  3.15631688e+00 
 3.83280000e-05  3.14797873e+00 
 3.84280000e-05  3.13985348e+00 
 3.85280000e-05  3.13195548e+00 
 3.86280000e-05  3.12429979e+00 
 3.87280000e-05  3.11690212e+00 
 3.88280000e-05  3.10977867e+00 
 3.89280000e-05  3.10294590e+00 
 3.90280000e-05  3.09642022e+00 
 3.91280000e-05  3.09021759e+00 
 3.92280000e-05  3.08435304e+00 
 3.93280000e-05  3.07884007e+00 
 3.94280000e-05  3.07368996e+00 
 3.95280000e-05  3.06891112e+00 
 3.96280000e-05  3.06450838e+00 
 3.97280000e-05  3.06048237e+00 
 3.98280000e-05  3.05682915e+00 
 3.99280000e-05  3.05354003e+00 
 4.00280000e-05  3.05060165e+00 
 4.01280000e-05  3.04799647e+00 
 4.02280000e-05  3.04570347e+00 
 4.03280000e-05  3.04369898e+00 
 4.04280000e-05  3.04195774e+00 
 4.05280000e-05  3.04045381e+00 
 4.06280000e-05  3.03916144e+00 
 4.07280000e-05  3.03805582e+00 
 4.08280000e-05  3.03711359e+00 
 4.09280000e-05  3.03631318e+00 
 4.10280000e-05  3.03563505e+00 
 4.11280000e-05  3.03506171e+00 
 4.12280000e-05  3.03457774e+00 
 4.13280000e-05  3.03416965e+00 
 4.14280000e-05  3.03382574e+00 
 4.15280000e-05  3.03353596e+00 
 4.16280000e-05  3.03329171e+00 
 4.17280000e-05  3.03308567e+00 
 4.18280000e-05  3.03291163e+00 
 4.19280000e-05  3.03276436e+00 
 4.20280000e-05  3.03263945e+00 
 4.21280000e-05  3.03253320e+00 
 4.22280000e-05  3.03244250e+00 
 4.23280000e-05  3.03236476e+00 
 4.24280000e-05  3.03229780e+00 
 4.25280000e-05  3.03223982e+00 
 4.26280000e-05  3.03218930e+00 
 4.27280000e-05  3.03214499e+00 
 4.28280000e-05  3.03210583e+00 
 4.29280000e-05  3.03207096e+00 
 4.30280000e-05  3.03203965e+00 
 4.31280000e-05  3.03201130e+00 
 4.32280000e-05  3.03198540e+00 
 4.33280000e-05  3.03196154e+00 
 4.34280000e-05  3.03193938e+00 
 4.35280000e-05  3.03191862e+00 
 4.36280000e-05  3.03189903e+00 
 4.37280000e-05  3.03188041e+00 
 4.38280000e-05  3.03186260e+00 
 4.39280000e-05  3.03184545e+00 
 4.40280000e-05  3.03182886e+00 
 4.41280000e-05  3.03181273e+00 
 4.42280000e-05  3.03179698e+00 
 4.43280000e-05  3.03178155e+00 
 4.44280000e-05  3.03176638e+00 
 4.45280000e-05  3.03175144e+00 
 4.46280000e-05  3.03173667e+00 
 4.47280000e-05  3.03172206e+00 
 4.48280000e-05  3.03170757e+00 
 4.49280000e-05  3.03169318e+00 
 4.50280000e-05  3.03167888e+00 
 4.51280000e-05  3.03166466e+00 
 4.52280000e-05  3.03165049e+00 
 4.53280000e-05  3.03163638e+00 
 4.54280000e-05  3.03162230e+00 
 4.55280000e-05  3.03160826e+00 
 4.56280000e-05  3.03159425e+00 
 4.57280000e-05  3.03158026e+00 
 4.58280000e-05  3.03156630e+00 
 4.59280000e-05  3.03155235e+00 
 4.60280000e-05  3.03153841e+00 
 4.61280000e-05  3.03152449e+00 
 4.62280000e-05  3.03151057e+00 
 4.63280000e-05  3.03149667e+00 
 4.64280000e-05  3.03148277e+00 
 4.65280000e-05  3.03146888e+00 
 4.66280000e-05  3.03145499e+00 
 4.67280000e-05  3.03144111e+00 
 4.68280000e-05  3.03142723e+00 
 4.69280000e-05  3.03141335e+00 
 4.70280000e-05  3.03139948e+00 
 4.71280000e-05  3.03138560e+00 
 4.72280000e-05  3.03137174e+00 
 4.73280000e-05  3.03135787e+00 
 4.74280000e-05  3.03134400e+00 
 4.75280000e-05  3.03133014e+00 
 4.76280000e-05  3.03131628e+00 
 4.77280000e-05  3.03130241e+00 
 4.78280000e-05  3.03128855e+00 
 4.79280000e-05  3.03127470e+00 
 4.80280000e-05  3.03126084e+00 
 4.81280000e-05  3.03124698e+00 
 4.82280000e-05  3.03123312e+00 
 4.83280000e-05  3.03121927e+00 
 4.84280000e-05  3.03120541e+00 
 4.85280000e-05  3.03119156e+00 
 4.86280000e-05  3.03117770e+00 
 4.87280000e-05  3.03116385e+00 
 4.88280000e-05  3.03115000e+00 
 4.89280000e-05  3.03113615e+00 
 4.90280000e-05  3.03112230e+00 
 4.91280000e-05  3.03110845e+00 
 4.92280000e-05  3.03109460e+00 
 4.93280000e-05  3.03108075e+00 
 4.94280000e-05  3.03106690e+00 
 4.95280000e-05  3.03105305e+00 
 4.96280000e-05  3.03103920e+00 
 4.97280000e-05  3.03102536e+00 
 4.98280000e-05  3.03101151e+00 
 4.99280000e-05  3.03099766e+00 
 5.00280000e-05  3.03098382e+00 
 5.01280000e-05  3.03096997e+00 
 5.02280000e-05  3.03095613e+00 
 5.03280000e-05  3.03094229e+00 
 5.04280000e-05  3.03092844e+00 
 5.05280000e-05  3.03091460e+00 
 5.06280000e-05  3.03090076e+00 
 5.07280000e-05  3.03088692e+00 
 5.08280000e-05  3.03087308e+00 
 5.09280000e-05  3.03085924e+00 
 5.10280000e-05  3.03084540e+00 
 5.11280000e-05  3.03083156e+00 
 5.12280000e-05  3.03081772e+00 
 5.13280000e-05  3.03080388e+00 
 5.14280000e-05  3.03079004e+00 
 5.15280000e-05  3.03077621e+00 
 5.16280000e-05  3.03076237e+00 
 5.17280000e-05  3.03074853e+00 
 5.18280000e-05  3.03073470e+00 
 5.19280000e-05  3.03072086e+00 
 5.20280000e-05  3.03070703e+00 
 5.21280000e-05  3.03069319e+00 
 5.22280000e-05  3.03067936e+00 
 5.23280000e-05  3.03066553e+00 
 5.24280000e-05  3.03065170e+00 
 5.25280000e-05  3.03063786e+00 
 5.26280000e-05  3.03062403e+00 
 5.27280000e-05  3.03061020e+00 
 5.28280000e-05  3.03059637e+00 
 5.29280000e-05  3.03058254e+00 
 5.30280000e-05  3.03056871e+00 
 5.31280000e-05  3.03055488e+00 
 5.32280000e-05  3.03054105e+00 
 5.33280000e-05  3.03052722e+00 
 5.34280000e-05  3.03051339e+00 
 5.35280000e-05  3.03049957e+00 
 5.36280000e-05  3.03048574e+00 
 5.37280000e-05  3.03047191e+00 
 5.38280000e-05  3.03045809e+00 
 5.39280000e-05  3.03044426e+00 
 5.40280000e-05  3.03043044e+00 
 5.41280000e-05  3.03041661e+00 
 5.42280000e-05  3.03040279e+00 
 5.43280000e-05  3.03038896e+00 
 5.44280000e-05  3.03037514e+00 
 5.45280000e-05  3.03036132e+00 
 5.46280000e-05  3.03034749e+00 
 5.47280000e-05  3.03033367e+00 
 5.48280000e-05  3.03031985e+00 
 5.49280000e-05  3.03030603e+00 
 5.50280000e-05  3.03029221e+00 
 5.51280000e-05  3.03027839e+00 
 5.52280000e-05  3.03026457e+00 
 5.53280000e-05  3.03025075e+00 
 5.54280000e-05  3.03023693e+00 
 5.55280000e-05  3.03022311e+00 
 5.56280000e-05  3.03020929e+00 
 5.57280000e-05  3.03019547e+00 
 5.58280000e-05  3.03018165e+00 
 5.59280000e-05  3.03016784e+00 
 5.60280000e-05  3.03015402e+00 
 5.61280000e-05  3.03014020e+00 
 5.62280000e-05  3.03012639e+00 
 5.63280000e-05  3.03011257e+00 
 5.64280000e-05  3.03009876e+00 
 5.65280000e-05  3.03008494e+00 
 5.66280000e-05  3.03007113e+00 
 5.67280000e-05  3.03005731e+00 
 5.68280000e-05  3.03004350e+00 
 5.69280000e-05  3.03002969e+00 
 5.70280000e-05  3.03001587e+00 
 5.71280000e-05  3.03000206e+00 
 5.72280000e-05  3.02998825e+00 
 5.73280000e-05  3.02997444e+00 
 5.74280000e-05  3.02996063e+00 
 5.75280000e-05  3.02994682e+00 
 5.76280000e-05  3.02993301e+00 
 5.77280000e-05  3.02991920e+00 
 5.78280000e-05  3.02990539e+00 
 5.79280000e-05  3.02989158e+00 
 5.80280000e-05  3.02987777e+00 
 5.81280000e-05  3.02986396e+00 
 5.82280000e-05  3.02985015e+00 
 5.83280000e-05  3.02983634e+00 
 5.84280000e-05  3.02982254e+00 
 5.85280000e-05  3.02980873e+00 
 5.86280000e-05  3.02979492e+00 
 5.87280000e-05  3.02978112e+00 
 5.88280000e-05  3.02976731e+00 
 5.89280000e-05  3.02975351e+00 
 5.90280000e-05  3.02973970e+00 
 5.91280000e-05  3.02972590e+00 
 5.92280000e-05  3.02971209e+00 
 5.93280000e-05  3.02969829e+00 
 5.94280000e-05  3.02968448e+00 
 5.95280000e-05  3.02967068e+00 
 5.96280000e-05  3.02965688e+00 
 5.97280000e-05  3.02964308e+00 
 5.98280000e-05  3.02962927e+00 
 5.99280000e-05  3.02961547e+00 
 6.00280000e-05  3.02960167e+00 
 6.01280000e-05  3.02958787e+00 
 6.02280000e-05  3.02957407e+00 
 6.03280000e-05  3.02956027e+00 
 6.04280000e-05  3.02954647e+00 
 6.05280000e-05  3.02953267e+00 
 6.06280000e-05  3.02951887e+00 
 6.07280000e-05  3.02950507e+00 
 6.08280000e-05  3.02949127e+00 
 6.09280000e-05  3.02947747e+00 
 6.10280000e-05  3.02946367e+00 
 6.11280000e-05  3.02944988e+00 
 6.12280000e-05  3.02943608e+00 
 6.13280000e-05  3.02942228e+00 
 6.14280000e-05  3.02940848e+00 
 6.15280000e-05  3.02939469e+00 
 6.16280000e-05  3.02938089e+00 
 6.17280000e-05  3.02936710e+00 
 6.18280000e-05  3.02935330e+00 
 6.19280000e-05  3.02933951e+00 
 6.20280000e-05  3.02932571e+00 
 6.21280000e-05  3.02931192e+00 
 6.22280000e-05  3.02929812e+00 
 6.23280000e-05  3.02928433e+00 
 6.24280000e-05  3.02927054e+00 
 6.25280000e-05  3.02925674e+00 
 6.26280000e-05  3.02924295e+00 
 6.27280000e-05  3.02922916e+00 
 6.28280000e-05  3.02921537e+00 
 6.29280000e-05  3.02920158e+00 
 6.30280000e-05  3.02918779e+00 
 6.31280000e-05  3.02917400e+00 
 6.32280000e-05  3.02916020e+00 
 6.33280000e-05  3.02914641e+00 
 6.34280000e-05  3.02913262e+00 
 6.35280000e-05  3.02911884e+00 
 6.36280000e-05  3.02910505e+00 
 6.37280000e-05  3.02909126e+00 
 6.38280000e-05  3.02907747e+00 
 6.39280000e-05  3.02906368e+00 
 6.40280000e-05  3.02904989e+00 
 6.41280000e-05  3.02903611e+00 
 6.42280000e-05  3.02902232e+00 
 6.43280000e-05  3.02900853e+00 
 6.44280000e-05  3.02899475e+00 
 6.45280000e-05  3.02898096e+00 
 6.46280000e-05  3.02896717e+00 
 6.47280000e-05  3.02895339e+00 
 6.48280000e-05  3.02893960e+00 
 6.49280000e-05  3.02892582e+00 
 6.50280000e-05  3.02891203e+00 
 6.51280000e-05  3.02889825e+00 
 6.52280000e-05  3.02888447e+00 
 6.53280000e-05  3.02887068e+00 
 6.54280000e-05  3.02885690e+00 
 6.55280000e-05  3.02884312e+00 
 6.56280000e-05  3.02882933e+00 
 6.57280000e-05  3.02881555e+00 
 6.58280000e-05  3.02880177e+00 
 6.59280000e-05  3.02878799e+00 
 6.60280000e-05  3.02877421e+00 
 6.61280000e-05  3.02876043e+00 
 6.62280000e-05  3.02874665e+00 
 6.63280000e-05  3.02873287e+00 
 6.64280000e-05  3.02871909e+00 
 6.65280000e-05  3.02870531e+00 
 6.66280000e-05  3.02869153e+00 
 6.67280000e-05  3.02867775e+00 
 6.68280000e-05  3.02866397e+00 
 6.69280000e-05  3.02865019e+00 
 6.70280000e-05  3.02863641e+00 
 6.71280000e-05  3.02862264e+00 
 6.72280000e-05  3.02860886e+00 
 6.73280000e-05  3.02859508e+00 
 6.74280000e-05  3.02858131e+00 
 6.75280000e-05  3.02856753e+00 
 6.76280000e-05  3.02855375e+00 
 6.77280000e-05  3.02853998e+00 
 6.78280000e-05  3.02852620e+00 
 6.79280000e-05  3.02851243e+00 
 6.80280000e-05  3.02849865e+00 
 6.81280000e-05  3.02848488e+00 
 6.82280000e-05  3.02847110e+00 
 6.83280000e-05  3.02845733e+00 
 6.84280000e-05  3.02844356e+00 
 6.85280000e-05  3.02842978e+00 
 6.86280000e-05  3.02841601e+00 
 6.87280000e-05  3.02840224e+00 
 6.88280000e-05  3.02838847e+00 
 6.89280000e-05  3.02837469e+00 
 6.90280000e-05  3.02836092e+00 
 6.91280000e-05  3.02834715e+00 
 6.92280000e-05  3.02833338e+00 
 6.93280000e-05  3.02831961e+00 
 6.94280000e-05  3.02830584e+00 
 6.95280000e-05  3.02829207e+00 
 6.96280000e-05  3.02827830e+00 
 6.97280000e-05  3.02826453e+00 
 6.98280000e-05  3.02825076e+00 
 6.99280000e-05  3.02823699e+00 
 7.00280000e-05  3.02822323e+00 
 7.01280000e-05  3.02820946e+00 
 7.02280000e-05  3.02819569e+00 
 7.03280000e-05  3.02818192e+00 
 7.04280000e-05  3.02816816e+00 
 7.05280000e-05  3.02815439e+00 
 7.06280000e-05  3.02814062e+00 
 7.07280000e-05  3.02812686e+00 
 7.08280000e-05  3.02811309e+00 
 7.09280000e-05  3.02809932e+00 
 7.10280000e-05  3.02808556e+00 
 7.11280000e-05  3.02807179e+00 
 7.12280000e-05  3.02805803e+00 
 7.13280000e-05  3.02804427e+00 
 7.14280000e-05  3.02803050e+00 
 7.15280000e-05  3.02801674e+00 
 7.16280000e-05  3.02800297e+00 
 7.17280000e-05  3.02798921e+00 
 7.18280000e-05  3.02797545e+00 
 7.19280000e-05  3.02796169e+00 
 7.20280000e-05  3.02794792e+00 
 7.21280000e-05  3.02793416e+00 
 7.22280000e-05  3.02792040e+00 
 7.23280000e-05  3.02790664e+00 
 7.24280000e-05  3.02789288e+00 
 7.25280000e-05  3.02787912e+00 
 7.26280000e-05  3.02786536e+00 
 7.27280000e-05  3.02785160e+00 
 7.28280000e-05  3.02783784e+00 
 7.29280000e-05  3.02782408e+00 
 7.30280000e-05  3.02781032e+00 
 7.31280000e-05  3.02779656e+00 
 7.32280000e-05  3.02778280e+00 
 7.33280000e-05  3.02776905e+00 
 7.34280000e-05  3.02775529e+00 
 7.35280000e-05  3.02774153e+00 
 7.36280000e-05  3.02772777e+00 
 7.37280000e-05  3.02771402e+00 
 7.38280000e-05  3.02770026e+00 
 7.39280000e-05  3.02768651e+00 
 7.40280000e-05  3.02767275e+00 
 7.41280000e-05  3.02765899e+00 
 7.42280000e-05  3.02764524e+00 
 7.43280000e-05  3.02763148e+00 
 7.44280000e-05  3.02761773e+00 
 7.45280000e-05  3.02760398e+00 
 7.46280000e-05  3.02759022e+00 
 7.47280000e-05  3.02757647e+00 
 7.48280000e-05  3.02756272e+00 
 7.49280000e-05  3.02754896e+00 
 7.50280000e-05  3.02753521e+00 
 7.51280000e-05  3.02752146e+00 
 7.52280000e-05  3.02750771e+00 
 7.53280000e-05  3.02749395e+00 
 7.54280000e-05  3.02748020e+00 
 7.55280000e-05  3.02746645e+00 
 7.56280000e-05  3.02745270e+00 
 7.57280000e-05  3.02743895e+00 
 7.58280000e-05  3.02742520e+00 
 7.59280000e-05  3.02741145e+00 
 7.60280000e-05  3.02739770e+00 
 7.61280000e-05  3.02738395e+00 
 7.62280000e-05  3.02737021e+00 
 7.63280000e-05  3.02735646e+00 
 7.64280000e-05  3.02734271e+00 
 7.65280000e-05  3.02732896e+00 
 7.66280000e-05  3.02731521e+00 
 7.67280000e-05  3.02730147e+00 
 7.68280000e-05  3.02728772e+00 
 7.69280000e-05  3.02727397e+00 
 7.70280000e-05  3.02726023e+00 
 7.71280000e-05  3.02724648e+00 
 7.72280000e-05  3.02723274e+00 
 7.73280000e-05  3.02721899e+00 
 7.74280000e-05  3.02720525e+00 
 7.75280000e-05  3.02719150e+00 
 7.76280000e-05  3.02717776e+00 
 7.77280000e-05  3.02716401e+00 
 7.78280000e-05  3.02715027e+00 
 7.79280000e-05  3.02713653e+00 
 7.80280000e-05  3.02712278e+00 
 7.81280000e-05  3.02710904e+00 
 7.82280000e-05  3.02709530e+00 
 7.83280000e-05  3.02708156e+00 
 7.84280000e-05  3.02706782e+00 
 7.85280000e-05  3.02705408e+00 
 7.86280000e-05  3.02704033e+00 
 7.87280000e-05  3.02702659e+00 
 7.88280000e-05  3.02701285e+00 
 7.89280000e-05  3.02699911e+00 
 7.90280000e-05  3.02698537e+00 
 7.91280000e-05  3.02697164e+00 
 7.92280000e-05  3.02695790e+00 
 7.93280000e-05  3.02694416e+00 
 7.94280000e-05  3.02693042e+00 
 7.95280000e-05  3.02691668e+00 
 7.96280000e-05  3.02690294e+00 
 7.97280000e-05  3.02688921e+00 
 7.98280000e-05  3.02687547e+00 
 7.99280000e-05  3.02686173e+00 
 8.00280000e-05  3.02684800e+00 
 8.01280000e-05  3.02683426e+00 
 8.02280000e-05  3.02682053e+00 
 8.03280000e-05  3.02680679e+00 
 8.04280000e-05  3.02679306e+00 
 8.05280000e-05  3.02677932e+00 
 8.06280000e-05  3.02676559e+00 
 8.07280000e-05  3.02675185e+00 
 8.08280000e-05  3.02673812e+00 
 8.09280000e-05  3.02672439e+00 
 8.10280000e-05  3.02671065e+00 
 8.11280000e-05  3.02669692e+00 
 8.12280000e-05  3.02668319e+00 
 8.13280000e-05  3.02666946e+00 
 8.14280000e-05  3.02665573e+00 
 8.15280000e-05  3.02664200e+00 
 8.16280000e-05  3.02662827e+00 
 8.17280000e-05  3.02661454e+00 
 8.18280000e-05  3.02660081e+00 
 8.19280000e-05  3.02658708e+00 
 8.20280000e-05  3.02657335e+00 
 8.21280000e-05  3.02655962e+00 
 8.22280000e-05  3.02654589e+00 
 8.23280000e-05  3.02653216e+00 
 8.24280000e-05  3.02651843e+00 
 8.25280000e-05  3.02650471e+00 
 8.26280000e-05  3.02649098e+00 
 8.27280000e-05  3.02647725e+00 
 8.28280000e-05  3.02646353e+00 
 8.29280000e-05  3.02644980e+00 
 8.30280000e-05  3.02643607e+00 
 8.31280000e-05  3.02642235e+00 
 8.32280000e-05  3.02640862e+00 
 8.33280000e-05  3.02639490e+00 
 8.34280000e-05  3.02638118e+00 
 8.35280000e-05  3.02636745e+00 
 8.36280000e-05  3.02635373e+00 
 8.37280000e-05  3.02634001e+00 
 8.38280000e-05  3.02632628e+00 
 8.39280000e-05  3.02631256e+00 
 8.40280000e-05  3.02629884e+00 
 8.41280000e-05  3.02628512e+00 
 8.42280000e-05  3.02627140e+00 
 8.43280000e-05  3.02625768e+00 
 8.44280000e-05  3.02624396e+00 
 8.45280000e-05  3.02623024e+00 
 8.46280000e-05  3.02621652e+00 
 8.47280000e-05  3.02620280e+00 
 8.48280000e-05  3.02618908e+00 
 8.49280000e-05  3.02617536e+00 
 8.50280000e-05  3.02616164e+00 
 8.51280000e-05  3.02614792e+00 
 8.52280000e-05  3.02613421e+00 
 8.53280000e-05  3.02612049e+00 
 8.54280000e-05  3.02610677e+00 
 8.55280000e-05  3.02609306e+00 
 8.56280000e-05  3.02607934e+00 
 8.57280000e-05  3.02606563e+00 
 8.58280000e-05  3.02605191e+00 
 8.59280000e-05  3.02603820e+00 
 8.60280000e-05  3.02602448e+00 
 8.61280000e-05  3.02601077e+00 
 8.62280000e-05  3.02599705e+00 
 8.63280000e-05  3.02598334e+00 
 8.64280000e-05  3.02596963e+00 
 8.65280000e-05  3.02595592e+00 
 8.66280000e-05  3.02594220e+00 
 8.67280000e-05  3.02592849e+00 
 8.68280000e-05  3.02591478e+00 
 8.69280000e-05  3.02590107e+00 
 8.70280000e-05  3.02588736e+00 
 8.71280000e-05  3.02587365e+00 
 8.72280000e-05  3.02585994e+00 
 8.73280000e-05  3.02584623e+00 
 8.74280000e-05  3.02583253e+00 
 8.75280000e-05  3.02581882e+00 
 8.76280000e-05  3.02580511e+00 
 8.77280000e-05  3.02579140e+00 
 8.78280000e-05  3.02577770e+00 
 8.79280000e-05  3.02576399e+00 
 8.80280000e-05  3.02575028e+00 
 8.81280000e-05  3.02573658e+00 
 8.82280000e-05  3.02572287e+00 
 8.83280000e-05  3.02570917e+00 
 8.84280000e-05  3.02569546e+00 
 8.85280000e-05  3.02568176e+00 
 8.86280000e-05  3.02566806e+00 
 8.87280000e-05  3.02565435e+00 
 8.88280000e-05  3.02564065e+00 
 8.89280000e-05  3.02562695e+00 
 8.90280000e-05  3.02561325e+00 
 8.91280000e-05  3.02559955e+00 
 8.92280000e-05  3.02558585e+00 
 8.93280000e-05  3.02557214e+00 
 8.94280000e-05  3.02555845e+00 
 8.95280000e-05  3.02554475e+00 
 8.96280000e-05  3.02553105e+00 
 8.97280000e-05  3.02551735e+00 
 8.98280000e-05  3.02550365e+00 
 8.99280000e-05  3.02548995e+00 
 9.00280000e-05  3.02547626e+00 
 9.01280000e-05  3.02546256e+00 
 9.02280000e-05  3.02544886e+00 
 9.03280000e-05  3.02543517e+00 
 9.04280000e-05  3.02542147e+00 
 9.05280000e-05  3.02540778e+00 
 9.06280000e-05  3.02539408e+00 
 9.07280000e-05  3.02538039e+00 
 9.08280000e-05  3.02536670e+00 
 9.09280000e-05  3.02535300e+00 
 9.10280000e-05  3.02533931e+00 
 9.11280000e-05  3.02532562e+00 
 9.12280000e-05  3.02531193e+00 
 9.13280000e-05  3.02529824e+00 
 9.14280000e-05  3.02528455e+00 
 9.15280000e-05  3.02527086e+00 
 9.16280000e-05  3.02525717e+00 
 9.17280000e-05  3.02524348e+00 
 9.18280000e-05  3.02522979e+00 
 9.19280000e-05  3.02521610e+00 
 9.20280000e-05  3.02520242e+00 
 9.21280000e-05  3.02518873e+00 
 9.22280000e-05  3.02517504e+00 
 9.23280000e-05  3.02516136e+00 
 9.24280000e-05  3.02514767e+00 
 9.25280000e-05  3.02513399e+00 
 9.26280000e-05  3.02512031e+00 
 9.27280000e-05  3.02510662e+00 
 9.28280000e-05  3.02509294e+00 
 9.29280000e-05  3.02507926e+00 
 9.30280000e-05  3.02506558e+00 
 9.31280000e-05  3.02505189e+00 
 9.32280000e-05  3.02503821e+00 
 9.33280000e-05  3.02502453e+00 
 9.34280000e-05  3.02501085e+00 
 9.35280000e-05  3.02499718e+00 
 9.36280000e-05  3.02498350e+00 
 9.37280000e-05  3.02496982e+00 
 9.38280000e-05  3.02495614e+00 
 9.39280000e-05  3.02494247e+00 
 9.40280000e-05  3.02492879e+00 
 9.41280000e-05  3.02491512e+00 
 9.42280000e-05  3.02490144e+00 
 9.43280000e-05  3.02488777e+00 
 9.44280000e-05  3.02487410e+00 
 9.45280000e-05  3.02486043e+00 
 9.46280000e-05  3.02484675e+00 
 9.47280000e-05  3.02483308e+00 
 9.48280000e-05  3.02481942e+00 
 9.49280000e-05  3.02480575e+00 
 9.50280000e-05  3.02479208e+00 
 9.51280000e-05  3.02477842e+00 
 9.52280000e-05  3.02476475e+00 
 9.53280000e-05  3.02475109e+00 
 9.54280000e-05  3.02473743e+00 
 9.55280000e-05  3.02472377e+00 
 9.56280000e-05  3.02471011e+00 
 9.57280000e-05  3.02469646e+00 
 9.58280000e-05  3.02468280e+00 
 9.59280000e-05  3.02466915e+00 
 9.60280000e-05  3.02465551e+00 
 9.61280000e-05  3.02464187e+00 
 9.62280000e-05  3.02462823e+00 
 9.63280000e-05  3.02461460e+00 
 9.64280000e-05  3.02460098e+00 
 9.65280000e-05  3.02458736e+00 
 9.66280000e-05  3.02457375e+00 
 9.67280000e-05  3.02456016e+00 
 9.68280000e-05  3.02454658e+00 
 9.69280000e-05  3.02453302e+00 
 9.70280000e-05  3.02451947e+00 
 9.71280000e-05  3.02450595e+00 
 9.72280000e-05  3.02449246e+00 
 9.73280000e-05  3.02447900e+00 
 9.74280000e-05  3.02446558e+00 
 9.75280000e-05  3.02445221e+00 
 9.76280000e-05  3.02443890e+00 
 9.77280000e-05  3.02442565e+00 
 9.78280000e-05  3.02441250e+00 
 9.79280000e-05  3.02439944e+00 
 9.80280000e-05  3.02438651e+00 
 9.81280000e-05  3.02437373e+00 
 9.82280000e-05  3.02436112e+00 
 9.83280000e-05  3.02434873e+00 
 9.84280000e-05  3.02433659e+00 
 9.85280000e-05  3.02432477e+00 
 9.86280000e-05  3.02431332e+00 
 9.87280000e-05  3.02430232e+00 
 9.88280000e-05  3.02429186e+00 
 9.89280000e-05  3.02428206e+00 
 9.90280000e-05  3.02427305e+00 
 9.91280000e-05  3.02426499e+00 
 9.92280000e-05  3.02425807e+00 
 9.93280000e-05  3.02425253e+00 
 9.94280000e-05  3.02424866e+00 
 9.95280000e-05  3.02424678e+00 
 9.96280000e-05  3.02424732e+00 
 9.97280000e-05  3.02425076e+00 
 9.98280000e-05  3.02425770e+00 
 9.99280000e-05  3.02426884e+00 
 1.00028000e-04  3.02428506e+00 
 1.00128000e-04  3.02430737e+00 
 1.00228000e-04  3.02433701e+00 
 1.00328000e-04  3.02437547e+00 
 1.00428000e-04  3.02442452e+00 
 1.00528000e-04  3.02448630e+00 
 1.00628000e-04  3.02456335e+00 
 1.00728000e-04  3.02465871e+00 
 1.00828000e-04  3.02477600e+00 
 1.00928000e-04  3.02491954e+00 
 1.01028000e-04  3.02509441e+00 
 1.01128000e-04  3.02530666e+00 
 1.01228000e-04  3.02556337e+00 
 1.01328000e-04  3.02587287e+00 
 1.01428000e-04  3.02624482e+00 
 1.01528000e-04  3.02669047e+00 
 1.01628000e-04  3.02722266e+00 
 1.01728000e-04  3.02785608e+00 
 1.01828000e-04  3.02860725e+00 
 1.01928000e-04  3.02949460e+00 
 1.02028000e-04  3.03053835e+00 
 1.02128000e-04  3.03176043e+00 
 1.02228000e-04  3.03318410e+00 
 1.02328000e-04  3.03483365e+00 
 1.02428000e-04  3.03673384e+00 
 1.02528000e-04  3.03890926e+00 
 1.02628000e-04  3.04138366e+00 
 1.02728000e-04  3.04417927e+00 
 1.02828000e-04  3.04731604e+00 
 1.02928000e-04  3.05081109e+00 
 1.03028000e-04  3.05467819e+00 
 1.03128000e-04  3.05892747e+00 
 1.03228000e-04  3.06356527e+00 
 1.03328000e-04  3.06859413e+00 
 1.03428000e-04  3.07401302e+00 
 1.03528000e-04  3.07981765e+00 
 1.03628000e-04  3.08600084e+00 
 1.03728000e-04  3.09255299e+00 
 1.03828000e-04  3.09946254e+00 
 1.03928000e-04  3.10671646e+00 
 1.04028000e-04  3.11430064e+00 
 1.04128000e-04  3.12220028e+00 
 1.04228000e-04  3.13040027e+00 
 1.04328000e-04  3.13888540e+00 
 1.04428000e-04  3.14764062e+00 
 1.04528000e-04  3.15665120e+00 
 1.04628000e-04  3.16590289e+00 
 1.04728000e-04  3.17538197e+00 
 1.04828000e-04  3.18507535e+00 
 1.04928000e-04  3.19497059e+00 
 1.05028000e-04  3.20505592e+00 
 1.05128000e-04  3.21532024e+00 
 1.05228000e-04  3.22575310e+00 
 1.05328000e-04  3.23634472e+00 
 1.05428000e-04  3.24708593e+00 
 1.05528000e-04  3.25796814e+00 
 1.05628000e-04  3.26898332e+00 
 1.05728000e-04  3.28012399e+00 
 1.05828000e-04  3.29138314e+00 
 1.05928000e-04  3.30275424e+00 
 1.06028000e-04  3.31423120e+00 
 1.06128000e-04  3.32580831e+00 
 1.06228000e-04  3.33748025e+00 
 1.06328000e-04  3.34924206e+00 
 1.06428000e-04  3.36108908e+00 
 1.06528000e-04  3.37301697e+00 
 1.06628000e-04  3.38502166e+00 
 1.06728000e-04  3.39709933e+00 
 1.06828000e-04  3.40924643e+00 
 1.06928000e-04  3.42145959e+00 
 1.07028000e-04  3.43373569e+00 
 1.07128000e-04  3.44606583e+00 
 1.07228000e-04  3.45034695e+00 
 1.07328000e-04  3.44404275e+00 
 1.07428000e-04  3.43492948e+00 
 1.07528000e-04  3.42553825e+00 
 1.07628000e-04  3.41623011e+00 
 1.07728000e-04  3.40706165e+00 
 1.07828000e-04  3.39804880e+00 
 1.07928000e-04  3.38920286e+00 
 1.08028000e-04  3.38053526e+00 
 1.08128000e-04  3.37205815e+00 
 1.08228000e-04  3.36378452e+00 
 1.08328000e-04  3.35572814e+00 
 1.08428000e-04  3.34790358e+00 
 1.08528000e-04  3.34032614e+00 
 1.08628000e-04  3.33301168e+00 
 1.08728000e-04  3.32597650e+00 
 1.08828000e-04  3.31923710e+00 
 1.08928000e-04  3.31280977e+00 
 1.09028000e-04  3.30671024e+00 
 1.09128000e-04  3.30095314e+00 
 1.09228000e-04  3.29555133e+00 
 1.09328000e-04  3.29051529e+00 
 1.09428000e-04  3.28585239e+00 
 1.09528000e-04  3.28156618e+00 
 1.09628000e-04  3.27765594e+00 
 1.09728000e-04  3.27411624e+00 
 1.09828000e-04  3.27093691e+00 
 1.09928000e-04  3.26810325e+00 
 1.10028000e-04  3.26559656e+00 
 1.10128000e-04  3.26339488e+00 
 1.10228000e-04  3.26147397e+00 
 1.10328000e-04  3.25980824e+00 
 1.10428000e-04  3.25837175e+00 
 1.10528000e-04  3.25713897e+00 
 1.10628000e-04  3.25608549e+00 
 1.10728000e-04  3.25518849e+00 
 1.10828000e-04  3.25442702e+00 
 1.10928000e-04  3.25378217e+00 
 1.11028000e-04  3.25323711e+00 
 1.11128000e-04  3.25277703e+00 
 1.11228000e-04  3.25238900e+00 
 1.11328000e-04  3.25206188e+00 
 1.11428000e-04  3.25178607e+00 
 1.11528000e-04  3.25155338e+00 
 1.11628000e-04  3.25135687e+00 
 1.11728000e-04  3.25119064e+00 
 1.11828000e-04  3.25104974e+00 
 1.11928000e-04  3.25092997e+00 
 1.12028000e-04  3.25082784e+00 
 1.12128000e-04  3.25074041e+00 
 1.12228000e-04  3.25066523e+00 
 1.12328000e-04  3.25060023e+00 
 1.12428000e-04  3.25054371e+00 
 1.12528000e-04  3.25049423e+00 
 1.12628000e-04  3.25045062e+00 
 1.12728000e-04  3.25041188e+00 
 1.12828000e-04  3.25037719e+00 
 1.12928000e-04  3.25034585e+00 
 1.13028000e-04  3.25031731e+00 
 1.13128000e-04  3.25029109e+00 
 1.13228000e-04  3.25026680e+00 
 1.13328000e-04  3.25024410e+00 
 1.13428000e-04  3.25022274e+00 
 1.13528000e-04  3.25020247e+00 
 1.13628000e-04  3.25018312e+00 
 1.13728000e-04  3.25016453e+00 
 1.13828000e-04  3.25014657e+00 
 1.13928000e-04  3.25012914e+00 
 1.14028000e-04  3.25011214e+00 
 1.14128000e-04  3.25009550e+00 
 1.14228000e-04  3.25007916e+00 
 1.14328000e-04  3.25006308e+00 
 1.14428000e-04  3.25004719e+00 
 1.14528000e-04  3.25003148e+00 
 1.14628000e-04  3.25001591e+00 
 1.14728000e-04  3.25000047e+00 
 1.14828000e-04  3.24998511e+00 
 1.14928000e-04  3.24996985e+00 
 1.15028000e-04  3.24995465e+00 
 1.15128000e-04  3.24993950e+00 
 1.15228000e-04  3.24992441e+00 
 1.15328000e-04  3.24990935e+00 
 1.15428000e-04  3.24989432e+00 
 1.15528000e-04  3.24987933e+00 
 1.15628000e-04  3.24986435e+00 
 1.15728000e-04  3.24984940e+00 
 1.15828000e-04  3.24983446e+00 
 1.15928000e-04  3.24981953e+00 
 1.16028000e-04  3.24980462e+00 
 1.16128000e-04  3.24978971e+00 
 1.16228000e-04  3.24977481e+00 
 1.16328000e-04  3.24975992e+00 
 1.16428000e-04  3.24974504e+00 
 1.16528000e-04  3.24973016e+00 
 1.16628000e-04  3.24971528e+00 
 1.16728000e-04  3.24970041e+00 
 1.16828000e-04  3.24968554e+00 
 1.16928000e-04  3.24967067e+00 
 1.17028000e-04  3.24965581e+00 
 1.17128000e-04  3.24964095e+00 
 1.17228000e-04  3.24962609e+00 
 1.17328000e-04  3.24961123e+00 
 1.17428000e-04  3.24959637e+00 
 1.17528000e-04  3.24958151e+00 
 1.17628000e-04  3.24956666e+00 
 1.17728000e-04  3.24955180e+00 
 1.17828000e-04  3.24953695e+00 
 1.17928000e-04  3.24952210e+00 
 1.18028000e-04  3.24950725e+00 
 1.18128000e-04  3.24949240e+00 
 1.18228000e-04  3.24947755e+00 
 1.18328000e-04  3.24946270e+00 
 1.18428000e-04  3.24944785e+00 
 1.18528000e-04  3.24943300e+00 
 1.18628000e-04  3.24941816e+00 
 1.18728000e-04  3.24940331e+00 
 1.18828000e-04  3.24938846e+00 
 1.18928000e-04  3.24937362e+00 
 1.19028000e-04  3.24935878e+00 
 1.19128000e-04  3.24934393e+00 
 1.19228000e-04  3.24932909e+00 
 1.19328000e-04  3.24931425e+00 
 1.19428000e-04  3.24929940e+00 
 1.19528000e-04  3.24928456e+00 
 1.19628000e-04  3.24926972e+00 
 1.19728000e-04  3.24925488e+00 
 1.19828000e-04  3.24924004e+00 
 1.19928000e-04  3.24922520e+00 
 1.20028000e-04  3.24921036e+00 
 1.20128000e-04  3.24919553e+00 
 1.20228000e-04  3.24918069e+00 
 1.20328000e-04  3.24916585e+00 
 1.20428000e-04  3.24915102e+00 
 1.20528000e-04  3.24913618e+00 
 1.20628000e-04  3.24912135e+00 
 1.20728000e-04  3.24910651e+00 
 1.20828000e-04  3.24909168e+00 
 1.20928000e-04  3.24907684e+00 
 1.21028000e-04  3.24906201e+00 
 1.21128000e-04  3.24904718e+00 
 1.21228000e-04  3.24903235e+00 
 1.21328000e-04  3.24901751e+00 
 1.21428000e-04  3.24900268e+00 
 1.21528000e-04  3.24898785e+00 
 1.21628000e-04  3.24897302e+00 
 1.21728000e-04  3.24895819e+00 
 1.21828000e-04  3.24894336e+00 
 1.21928000e-04  3.24892854e+00 
 1.22028000e-04  3.24891371e+00 
 1.22128000e-04  3.24889888e+00 
 1.22228000e-04  3.24888405e+00 
 1.22328000e-04  3.24886923e+00 
 1.22428000e-04  3.24885440e+00 
 1.22528000e-04  3.24883957e+00 
 1.22628000e-04  3.24882475e+00 
 1.22728000e-04  3.24880992e+00 
 1.22828000e-04  3.24879510e+00 
 1.22928000e-04  3.24878028e+00 
 1.23028000e-04  3.24876545e+00 
 1.23128000e-04  3.24875063e+00 
 1.23228000e-04  3.24873581e+00 
 1.23328000e-04  3.24872099e+00 
 1.23428000e-04  3.24870616e+00 
 1.23528000e-04  3.24869134e+00 
 1.23628000e-04  3.24867652e+00 
 1.23728000e-04  3.24866170e+00 
 1.23828000e-04  3.24864688e+00 
 1.23928000e-04  3.24863206e+00 
 1.24028000e-04  3.24861724e+00 
 1.24128000e-04  3.24860243e+00 
 1.24228000e-04  3.24858761e+00 
 1.24328000e-04  3.24857279e+00 
 1.24428000e-04  3.24855797e+00 
 1.24528000e-04  3.24854316e+00 
 1.24628000e-04  3.24852834e+00 
 1.24728000e-04  3.24851353e+00 
 1.24828000e-04  3.24849871e+00 
 1.24928000e-04  3.24848390e+00 
 1.25028000e-04  3.24846908e+00 
 1.25128000e-04  3.24845427e+00 
 1.25228000e-04  3.24843945e+00 
 1.25328000e-04  3.24842464e+00 
 1.25428000e-04  3.24840983e+00 
 1.25528000e-04  3.24839501e+00 
 1.25628000e-04  3.24838020e+00 
 1.25728000e-04  3.24836539e+00 
 1.25828000e-04  3.24835058e+00 
 1.25928000e-04  3.24833577e+00 
 1.26028000e-04  3.24832096e+00 
 1.26128000e-04  3.24830615e+00 
 1.26228000e-04  3.24829134e+00 
 1.26328000e-04  3.24827653e+00 
 1.26428000e-04  3.24826172e+00 
 1.26528000e-04  3.24824691e+00 
 1.26628000e-04  3.24823211e+00 
 1.26728000e-04  3.24821730e+00 
 1.26828000e-04  3.24820249e+00 
 1.26928000e-04  3.24818768e+00 
 1.27028000e-04  3.24817288e+00 
 1.27128000e-04  3.24815807e+00 
 1.27228000e-04  3.24814327e+00 
 1.27328000e-04  3.24812846e+00 
 1.27428000e-04  3.24811366e+00 
 1.27528000e-04  3.24809885e+00 
 1.27628000e-04  3.24808405e+00 
 1.27728000e-04  3.24806924e+00 
 1.27828000e-04  3.24805444e+00 
 1.27928000e-04  3.24803964e+00 
 1.28028000e-04  3.24802484e+00 
 1.28128000e-04  3.24801003e+00 
 1.28228000e-04  3.24799523e+00 
 1.28328000e-04  3.24798043e+00 
 1.28428000e-04  3.24796563e+00 
 1.28528000e-04  3.24795083e+00 
 1.28628000e-04  3.24793603e+00 
 1.28728000e-04  3.24792123e+00 
 1.28828000e-04  3.24790643e+00 
 1.28928000e-04  3.24789163e+00 
 1.29028000e-04  3.24787683e+00 
 1.29128000e-04  3.24786203e+00 
 1.29228000e-04  3.24784723e+00 
 1.29328000e-04  3.24783244e+00 
 1.29428000e-04  3.24781764e+00 
 1.29528000e-04  3.24780284e+00 
 1.29628000e-04  3.24778805e+00 
 1.29728000e-04  3.24777325e+00 
 1.29828000e-04  3.24775845e+00 
 1.29928000e-04  3.24774366e+00 
 1.30028000e-04  3.24772886e+00 
 1.30128000e-04  3.24771407e+00 
 1.30228000e-04  3.24769927e+00 
 1.30328000e-04  3.24768448e+00 
 1.30428000e-04  3.24766969e+00 
 1.30528000e-04  3.24765489e+00 
 1.30628000e-04  3.24764010e+00 
 1.30728000e-04  3.24762531e+00 
 1.30828000e-04  3.24761051e+00 
 1.30928000e-04  3.24759572e+00 
 1.31028000e-04  3.24758093e+00 
 1.31128000e-04  3.24756614e+00 
 1.31228000e-04  3.24755135e+00 
 1.31328000e-04  3.24753656e+00 
 1.31428000e-04  3.24752177e+00 
 1.31528000e-04  3.24750698e+00 
 1.31628000e-04  3.24749219e+00 
 1.31728000e-04  3.24747740e+00 
 1.31828000e-04  3.24746261e+00 
 1.31928000e-04  3.24744782e+00 
 1.32028000e-04  3.24743303e+00 
 1.32128000e-04  3.24741824e+00 
 1.32228000e-04  3.24740346e+00 
 1.32328000e-04  3.24738867e+00 
 1.32428000e-04  3.24737388e+00 
 1.32528000e-04  3.24735909e+00 
 1.32628000e-04  3.24734431e+00 
 1.32728000e-04  3.24732952e+00 
 1.32828000e-04  3.24731474e+00 
 1.32928000e-04  3.24729995e+00 
 1.33028000e-04  3.24728517e+00 
 1.33128000e-04  3.24727038e+00 
 1.33228000e-04  3.24725560e+00 
 1.33328000e-04  3.24724081e+00 
 1.33428000e-04  3.24722603e+00 
 1.33528000e-04  3.24721125e+00 
 1.33628000e-04  3.24719646e+00 
 1.33728000e-04  3.24718168e+00 
 1.33828000e-04  3.24716690e+00 
 1.33928000e-04  3.24715212e+00 
 1.34028000e-04  3.24713734e+00 
 1.34128000e-04  3.24712255e+00 
 1.34228000e-04  3.24710777e+00 
 1.34328000e-04  3.24709299e+00 
 1.34428000e-04  3.24707821e+00 
 1.34528000e-04  3.24706343e+00 
 1.34628000e-04  3.24704865e+00 
 1.34728000e-04  3.24703387e+00 
 1.34828000e-04  3.24701909e+00 
 1.34928000e-04  3.24700432e+00 
 1.35028000e-04  3.24698954e+00 
 1.35128000e-04  3.24697476e+00 
 1.35228000e-04  3.24695998e+00 
 1.35328000e-04  3.24694520e+00 
 1.35428000e-04  3.24693043e+00 
 1.35528000e-04  3.24691565e+00 
 1.35628000e-04  3.24690087e+00 
 1.35728000e-04  3.24688610e+00 
 1.35828000e-04  3.24687132e+00 
 1.35928000e-04  3.24685655e+00 
 1.36028000e-04  3.24684177e+00 
 1.36128000e-04  3.24682700e+00 
 1.36228000e-04  3.24681222e+00 
 1.36328000e-04  3.24679745e+00 
 1.36428000e-04  3.24678267e+00 
 1.36528000e-04  3.24676790e+00 
 1.36628000e-04  3.24675313e+00 
 1.36728000e-04  3.24673835e+00 
 1.36828000e-04  3.24672358e+00 
 1.36928000e-04  3.24670881e+00 
 1.37028000e-04  3.24669404e+00 
 1.37128000e-04  3.24667927e+00 
 1.37228000e-04  3.24666450e+00 
 1.37328000e-04  3.24664972e+00 
 1.37428000e-04  3.24663495e+00 
 1.37528000e-04  3.24662018e+00 
 1.37628000e-04  3.24660541e+00 
 1.37728000e-04  3.24659064e+00 
 1.37828000e-04  3.24657587e+00 
 1.37928000e-04  3.24656110e+00 
 1.38028000e-04  3.24654634e+00 
 1.38128000e-04  3.24653157e+00 
 1.38228000e-04  3.24651680e+00 
 1.38328000e-04  3.24650203e+00 
 1.38428000e-04  3.24648726e+00 
 1.38528000e-04  3.24647250e+00 
 1.38628000e-04  3.24645773e+00 
 1.38728000e-04  3.24644296e+00 
 1.38828000e-04  3.24642820e+00 
 1.38928000e-04  3.24641343e+00 
 1.39028000e-04  3.24639866e+00 
 1.39128000e-04  3.24638390e+00 
 1.39228000e-04  3.24636913e+00 
 1.39328000e-04  3.24635437e+00 
 1.39428000e-04  3.24633961e+00 
 1.39528000e-04  3.24632484e+00 
 1.39628000e-04  3.24631008e+00 
 1.39728000e-04  3.24629531e+00 
 1.39828000e-04  3.24628055e+00 
 1.39928000e-04  3.24626579e+00 
 1.40028000e-04  3.24625103e+00 
 1.40128000e-04  3.24623626e+00 
 1.40228000e-04  3.24622150e+00 
 1.40328000e-04  3.24620674e+00 
 1.40428000e-04  3.24619198e+00 
 1.40528000e-04  3.24617722e+00 
 1.40628000e-04  3.24616246e+00 
 1.40728000e-04  3.24614770e+00 
 1.40828000e-04  3.24613294e+00 
 1.40928000e-04  3.24611818e+00 
 1.41028000e-04  3.24610342e+00 
 1.41128000e-04  3.24608866e+00 
 1.41228000e-04  3.24607390e+00 
 1.41328000e-04  3.24605914e+00 
 1.41428000e-04  3.24604438e+00 
 1.41528000e-04  3.24602962e+00 
 1.41628000e-04  3.24601487e+00 
 1.41728000e-04  3.24600011e+00 
 1.41828000e-04  3.24598535e+00 
 1.41928000e-04  3.24597059e+00 
 1.42028000e-04  3.24595584e+00 
 1.42128000e-04  3.24594108e+00 
 1.42228000e-04  3.24592633e+00 
 1.42328000e-04  3.24591157e+00 
 1.42428000e-04  3.24589681e+00 
 1.42528000e-04  3.24588206e+00 
 1.42628000e-04  3.24586731e+00 
 1.42728000e-04  3.24585255e+00 
 1.42828000e-04  3.24583780e+00 
 1.42928000e-04  3.24582304e+00 
 1.43028000e-04  3.24580829e+00 
 1.43128000e-04  3.24579354e+00 
 1.43228000e-04  3.24577878e+00 
 1.43328000e-04  3.24576403e+00 
 1.43428000e-04  3.24574928e+00 
 1.43528000e-04  3.24573453e+00 
 1.43628000e-04  3.24571978e+00 
 1.43728000e-04  3.24570502e+00 
 1.43828000e-04  3.24569027e+00 
 1.43928000e-04  3.24567552e+00 
 1.44028000e-04  3.24566077e+00 
 1.44128000e-04  3.24564602e+00 
 1.44228000e-04  3.24563127e+00 
 1.44328000e-04  3.24561652e+00 
 1.44428000e-04  3.24560177e+00 
 1.44528000e-04  3.24558703e+00 
 1.44628000e-04  3.24557228e+00 
 1.44728000e-04  3.24555753e+00 
 1.44828000e-04  3.24554278e+00 
 1.44928000e-04  3.24552803e+00 
 1.45028000e-04  3.24551329e+00 
 1.45128000e-04  3.24549854e+00 
 1.45228000e-04  3.24548379e+00 
 1.45328000e-04  3.24546905e+00 
 1.45428000e-04  3.24545430e+00 
 1.45528000e-04  3.24543955e+00 
 1.45628000e-04  3.24542481e+00 
 1.45728000e-04  3.24541006e+00 
 1.45828000e-04  3.24539532e+00 
 1.45928000e-04  3.24538058e+00 
 1.46028000e-04  3.24536583e+00 
 1.46128000e-04  3.24535109e+00 
 1.46228000e-04  3.24533634e+00 
 1.46328000e-04  3.24532160e+00 
 1.46428000e-04  3.24530686e+00 
 1.46528000e-04  3.24529211e+00 
 1.46628000e-04  3.24527737e+00 
 1.46728000e-04  3.24526263e+00 
 1.46828000e-04  3.24524789e+00 
 1.46928000e-04  3.24523315e+00 
 1.47028000e-04  3.24521841e+00 
 1.47128000e-04  3.24520367e+00 
 1.47228000e-04  3.24518892e+00 
 1.47328000e-04  3.24517418e+00 
 1.47428000e-04  3.24515944e+00 
 1.47528000e-04  3.24514471e+00 
 1.47628000e-04  3.24512997e+00 
 1.47728000e-04  3.24511523e+00 
 1.47828000e-04  3.24510049e+00 
 1.47928000e-04  3.24508575e+00 
 1.48028000e-04  3.24507101e+00 
 1.48128000e-04  3.24505627e+00 
 1.48228000e-04  3.24504154e+00 
 1.48328000e-04  3.24502680e+00 
 1.48428000e-04  3.24501206e+00 
 1.48528000e-04  3.24499733e+00 
 1.48628000e-04  3.24498259e+00 
 1.48728000e-04  3.24496786e+00 
 1.48828000e-04  3.24495312e+00 
 1.48928000e-04  3.24493838e+00 
 1.49028000e-04  3.24492365e+00 
 1.49128000e-04  3.24490892e+00 
 1.49228000e-04  3.24489418e+00 
 1.49328000e-04  3.24487945e+00 
 1.49428000e-04  3.24486471e+00 
 1.49528000e-04  3.24484998e+00 
 1.49628000e-04  3.24483525e+00 
 1.49728000e-04  3.24482052e+00 
 1.49828000e-04  3.24480578e+00 
 1.49928000e-04  3.24479105e+00 
 1.50028000e-04  3.24477632e+00 
 1.50128000e-04  3.24476159e+00 
 1.50228000e-04  3.24474686e+00 
 1.50328000e-04  3.24473213e+00 
 1.50428000e-04  3.24471740e+00 
 1.50528000e-04  3.24470267e+00 
 1.50628000e-04  3.24468794e+00 
 1.50728000e-04  3.24467321e+00 
 1.50828000e-04  3.24465848e+00 
 1.50928000e-04  3.24464375e+00 
 1.51028000e-04  3.24462902e+00 
 1.51128000e-04  3.24461429e+00 
 1.51228000e-04  3.24459956e+00 
 1.51328000e-04  3.24458484e+00 
 1.51428000e-04  3.24457011e+00 
 1.51528000e-04  3.24455538e+00 
 1.51628000e-04  3.24454066e+00 
 1.51728000e-04  3.24452593e+00 
 1.51828000e-04  3.24451121e+00 
 1.51928000e-04  3.24449648e+00 
 1.52028000e-04  3.24448175e+00 
 1.52128000e-04  3.24446703e+00 
 1.52228000e-04  3.24445231e+00 
 1.52328000e-04  3.24443758e+00 
 1.52428000e-04  3.24442286e+00 
 1.52528000e-04  3.24440813e+00 
 1.52628000e-04  3.24439341e+00 
 1.52728000e-04  3.24437869e+00 
 1.52828000e-04  3.24436397e+00 
 1.52928000e-04  3.24434924e+00 
 1.53028000e-04  3.24433452e+00 
 1.53128000e-04  3.24431980e+00 
 1.53228000e-04  3.24430508e+00 
 1.53328000e-04  3.24429036e+00 
 1.53428000e-04  3.24427564e+00 
 1.53528000e-04  3.24426092e+00 
 1.53628000e-04  3.24424620e+00 
 1.53728000e-04  3.24423148e+00 
 1.53828000e-04  3.24421676e+00 
 1.53928000e-04  3.24420204e+00 
 1.54028000e-04  3.24418732e+00 
 1.54128000e-04  3.24417260e+00 
 1.54228000e-04  3.24415789e+00 
 1.54328000e-04  3.24414317e+00 
 1.54428000e-04  3.24412845e+00 
 1.54528000e-04  3.24411373e+00 
 1.54628000e-04  3.24409902e+00 
 1.54728000e-04  3.24408430e+00 
 1.54828000e-04  3.24406959e+00 
 1.54928000e-04  3.24405487e+00 
 1.55028000e-04  3.24404016e+00 
 1.55128000e-04  3.24402544e+00 
 1.55228000e-04  3.24401073e+00 
 1.55328000e-04  3.24399601e+00 
 1.55428000e-04  3.24398130e+00 
 1.55528000e-04  3.24396659e+00 
 1.55628000e-04  3.24395187e+00 
 1.55728000e-04  3.24393716e+00 
 1.55828000e-04  3.24392245e+00 
 1.55928000e-04  3.24390774e+00 
 1.56028000e-04  3.24389303e+00 
 1.56128000e-04  3.24387832e+00 
 1.56228000e-04  3.24386360e+00 
 1.56328000e-04  3.24384889e+00 
 1.56428000e-04  3.24383418e+00 
 1.56528000e-04  3.24381948e+00 
 1.56628000e-04  3.24380477e+00 
 1.56728000e-04  3.24379006e+00 
 1.56828000e-04  3.24377535e+00 
 1.56928000e-04  3.24376064e+00 
 1.57028000e-04  3.24374593e+00 
 1.57128000e-04  3.24373123e+00 
 1.57228000e-04  3.24371652e+00 
 1.57328000e-04  3.24370181e+00 
 1.57428000e-04  3.24368711e+00 
 1.57528000e-04  3.24367240e+00 
 1.57628000e-04  3.24365770e+00 
 1.57728000e-04  3.24364299e+00 
 1.57828000e-04  3.24362829e+00 
 1.57928000e-04  3.24361358e+00 
 1.58028000e-04  3.24359888e+00 
 1.58128000e-04  3.24358417e+00 
 1.58228000e-04  3.24356947e+00 
 1.58328000e-04  3.24355477e+00 
 1.58428000e-04  3.24354007e+00 
 1.58528000e-04  3.24352536e+00 
 1.58628000e-04  3.24351066e+00 
 1.58728000e-04  3.24349596e+00 
 1.58828000e-04  3.24348126e+00 
 1.58928000e-04  3.24346656e+00 
 1.59028000e-04  3.24345186e+00 
 1.59128000e-04  3.24343716e+00 
 1.59228000e-04  3.24342246e+00 
 1.59328000e-04  3.24340776e+00 
 1.59428000e-04  3.24339306e+00 
 1.59528000e-04  3.24337837e+00 
 1.59628000e-04  3.24336367e+00 
 1.59728000e-04  3.24334897e+00 
 1.59828000e-04  3.24333427e+00 
 1.59928000e-04  3.24331958e+00 
 1.60028000e-04  3.24330488e+00 
 1.60128000e-04  3.24329019e+00 
 1.60228000e-04  3.24327549e+00 
 1.60328000e-04  3.24326080e+00 
 1.60428000e-04  3.24324610e+00 
 1.60528000e-04  3.24323141e+00 
 1.60628000e-04  3.24321671e+00 
 1.60728000e-04  3.24320202e+00 
 1.60828000e-04  3.24318733e+00 
 1.60928000e-04  3.24317264e+00 
 1.61028000e-04  3.24315794e+00 
 1.61128000e-04  3.24314325e+00 
 1.61228000e-04  3.24312856e+00 
 1.61328000e-04  3.24311387e+00 
 1.61428000e-04  3.24309918e+00 
 1.61528000e-04  3.24308449e+00 
 1.61628000e-04  3.24306980e+00 
 1.61728000e-04  3.24305511e+00 
 1.61828000e-04  3.24304043e+00 
 1.61928000e-04  3.24302574e+00 
 1.62028000e-04  3.24301105e+00 
 1.62128000e-04  3.24299636e+00 
 1.62228000e-04  3.24298168e+00 
 1.62328000e-04  3.24296699e+00 
 1.62428000e-04  3.24295230e+00 
 1.62528000e-04  3.24293762e+00 
 1.62628000e-04  3.24292293e+00 
 1.62728000e-04  3.24290825e+00 
 1.62828000e-04  3.24289357e+00 
 1.62928000e-04  3.24287888e+00 
 1.63028000e-04  3.24286420e+00 
 1.63128000e-04  3.24284952e+00 
 1.63228000e-04  3.24283484e+00 
 1.63328000e-04  3.24282015e+00 
 1.63428000e-04  3.24280547e+00 
 1.63528000e-04  3.24279079e+00 
 1.63628000e-04  3.24277611e+00 
 1.63728000e-04  3.24276143e+00 
 1.63828000e-04  3.24274675e+00 
 1.63928000e-04  3.24273208e+00 
 1.64028000e-04  3.24271740e+00 
 1.64128000e-04  3.24270272e+00 
 1.64228000e-04  3.24268804e+00 
 1.64328000e-04  3.24267337e+00 
 1.64428000e-04  3.24265869e+00 
 1.64528000e-04  3.24264401e+00 
 1.64628000e-04  3.24262934e+00 
 1.64728000e-04  3.24261466e+00 
 1.64828000e-04  3.24259999e+00 
 1.64928000e-04  3.24258532e+00 
 1.65028000e-04  3.24257064e+00 
 1.65128000e-04  3.24255597e+00 
 1.65228000e-04  3.24254130e+00 
 1.65328000e-04  3.24252663e+00 
 1.65428000e-04  3.24251196e+00 
 1.65528000e-04  3.24249729e+00 
 1.65628000e-04  3.24248262e+00 
 1.65728000e-04  3.24246795e+00 
 1.65828000e-04  3.24245328e+00 
 1.65928000e-04  3.24243861e+00 
 1.66028000e-04  3.24242394e+00 
 1.66128000e-04  3.24240928e+00 
 1.66228000e-04  3.24239461e+00 
 1.66328000e-04  3.24237994e+00 
 1.66428000e-04  3.24236528e+00 
 1.66528000e-04  3.24235061e+00 
 1.66628000e-04  3.24233595e+00 
 1.66728000e-04  3.24232129e+00 
 1.66828000e-04  3.24230662e+00 
 1.66928000e-04  3.24229196e+00 
 1.67028000e-04  3.24227730e+00 
 1.67128000e-04  3.24226264e+00 
 1.67228000e-04  3.24224798e+00 
 1.67328000e-04  3.24223332e+00 
 1.67428000e-04  3.24221866e+00 
 1.67528000e-04  3.24220401e+00 
 1.67628000e-04  3.24218935e+00 
 1.67728000e-04  3.24217469e+00 
 1.67828000e-04  3.24216004e+00 
 1.67928000e-04  3.24214539e+00 
 1.68028000e-04  3.24213073e+00 
 1.68128000e-04  3.24211608e+00 
 1.68228000e-04  3.24210143e+00 
 1.68328000e-04  3.24208678e+00 
 1.68428000e-04  3.24207214e+00 
 1.68528000e-04  3.24205749e+00 
 1.68628000e-04  3.24204285e+00 
 1.68728000e-04  3.24202821e+00 
 1.68828000e-04  3.24201357e+00 
 1.68928000e-04  3.24199894e+00 
 1.69028000e-04  3.24198431e+00 
 1.69128000e-04  3.24196968e+00 
 1.69228000e-04  3.24195506e+00 
 1.69328000e-04  3.24194044e+00 
 1.69428000e-04  3.24192583e+00 
 1.69528000e-04  3.24191123e+00 
 1.69628000e-04  3.24189664e+00 
 1.69728000e-04  3.24188207e+00 
 1.69828000e-04  3.24186750e+00 
 1.69928000e-04  3.24185296e+00 
 1.70028000e-04  3.24183843e+00 
 1.70128000e-04  3.24182393e+00 
 1.70228000e-04  3.24180945e+00 
 1.70328000e-04  3.24179502e+00 
 1.70428000e-04  3.24178062e+00 
 1.70528000e-04  3.24176627e+00 
 1.70628000e-04  3.24175199e+00 
 1.70728000e-04  3.24173778e+00 
 1.70828000e-04  3.24172365e+00 
 1.70928000e-04  3.24170963e+00 
 1.71028000e-04  3.24169574e+00 
 1.71128000e-04  3.24168200e+00 
 1.71228000e-04  3.24166845e+00 
 1.71328000e-04  3.24165511e+00 
 1.71428000e-04  3.24164205e+00 
 1.71528000e-04  3.24162931e+00 
 1.71628000e-04  3.24161695e+00 
 1.71728000e-04  3.24160506e+00 
 1.71828000e-04  3.24159374e+00 
 1.71928000e-04  3.24158309e+00 
 1.72028000e-04  3.24157326e+00 
 1.72128000e-04  3.24156442e+00 
 1.72228000e-04  3.24155677e+00 
 1.72328000e-04  3.24155054e+00 
 1.72428000e-04  3.24154604e+00 
 1.72528000e-04  3.24154361e+00 
 1.72628000e-04  3.24154368e+00 
 1.72728000e-04  3.24154676e+00 
 1.72828000e-04  3.24155347e+00 
 1.72928000e-04  3.24156454e+00 
 1.73028000e-04  3.24158086e+00 
 1.73128000e-04  3.24160350e+00 
 1.73228000e-04  3.24163374e+00 
 1.73328000e-04  3.24167312e+00 
 1.73428000e-04  3.24172348e+00 
 1.73528000e-04  3.24178702e+00 
 1.73628000e-04  3.24186638e+00 
 1.73728000e-04  3.24196472e+00 
 1.73828000e-04  3.24208576e+00 
 1.73928000e-04  3.24223397e+00 
 1.74028000e-04  3.24241462e+00 
 1.74128000e-04  3.24263394e+00 
 1.74228000e-04  3.24289925e+00 
 1.74328000e-04  3.24321912e+00 
 1.74428000e-04  3.24360350e+00 
 1.74528000e-04  3.24406396e+00 
 1.74628000e-04  3.24461368e+00 
 1.74728000e-04  3.24526772e+00 
 1.74828000e-04  3.24604296e+00 
 1.74928000e-04  3.24695820e+00 
 1.75028000e-04  3.24803400e+00 
 1.75128000e-04  3.24929259e+00 
 1.75228000e-04  3.25075747e+00 
 1.75328000e-04  3.25245308e+00 
 1.75428000e-04  3.25440418e+00 
 1.75528000e-04  3.25663527e+00 
 1.75628000e-04  3.25916987e+00 
 1.75728000e-04  3.26202981e+00 
 1.75828000e-04  3.26523454e+00 
 1.75928000e-04  3.26880056e+00 
 1.76028000e-04  3.27274096e+00 
 1.76128000e-04  3.27706513e+00 
 1.76228000e-04  3.28177865e+00 
 1.76328000e-04  3.28688337e+00 
 1.76428000e-04  3.29237758e+00 
 1.76528000e-04  3.29825638e+00 
 1.76628000e-04  3.30451209e+00 
 1.76728000e-04  3.31113468e+00 
 1.76828000e-04  3.31811228e+00 
 1.76928000e-04  3.32543158e+00 
 1.77028000e-04  3.33307834e+00 
 1.77128000e-04  3.34103766e+00 
 1.77228000e-04  3.34929437e+00 
 1.77328000e-04  3.35783329e+00 
 1.77428000e-04  3.36663941e+00 
 1.77528000e-04  3.37569810e+00 
 1.77628000e-04  3.38499518e+00 
 1.77728000e-04  3.39451706e+00 
 1.77828000e-04  3.40425077e+00 
 1.77928000e-04  3.41418399e+00 
 1.78028000e-04  3.42430510e+00 
 1.78128000e-04  3.43460310e+00 
 1.78228000e-04  3.44506771e+00 
 1.78328000e-04  3.45568923e+00 
 1.78428000e-04  3.46645862e+00 
 1.78528000e-04  3.47736741e+00 
 1.78628000e-04  3.48327867e+00 
 1.78728000e-04  3.47978792e+00 
 1.78828000e-04  3.47167443e+00 
 1.78928000e-04  3.46334744e+00 
 1.79028000e-04  3.45520001e+00 
 1.79128000e-04  3.44727607e+00 
 1.79228000e-04  3.43959260e+00 
 1.79328000e-04  3.43216535e+00 
 1.79428000e-04  3.42501048e+00 
 1.79528000e-04  3.41814441e+00 
 1.79628000e-04  3.41158359e+00 
 1.79728000e-04  3.40534404e+00 
 1.79828000e-04  3.39944090e+00 
 1.79928000e-04  3.39388788e+00 
 1.80028000e-04  3.38869653e+00 
 1.80128000e-04  3.38387561e+00 
 1.80228000e-04  3.37943037e+00 
 1.80328000e-04  3.37536193e+00 
 1.80428000e-04  3.37166687e+00 
 1.80528000e-04  3.36833701e+00 
 1.80628000e-04  3.36535952e+00 
 1.80728000e-04  3.36271729e+00 
 1.80828000e-04  3.36038963e+00 
 1.80928000e-04  3.35835315e+00 
 1.81028000e-04  3.35658272e+00 
 1.81128000e-04  3.35505242e+00 
 1.81228000e-04  3.35373648e+00 
 1.81328000e-04  3.35260994e+00 
 1.81428000e-04  3.35164927e+00 
 1.81528000e-04  3.35083270e+00 
 1.81628000e-04  3.35014046e+00 
 1.81728000e-04  3.34955484e+00 
 1.81828000e-04  3.34906020e+00 
 1.81928000e-04  3.34864284e+00 
 1.82028000e-04  3.34829087e+00 
 1.82128000e-04  3.34799407e+00 
 1.82228000e-04  3.34774369e+00 
 1.82328000e-04  3.34753227e+00 
 1.82428000e-04  3.34735350e+00 
 1.82528000e-04  3.34720203e+00 
 1.82628000e-04  3.34707338e+00 
 1.82728000e-04  3.34696377e+00 
 1.82828000e-04  3.34687003e+00 
 1.82928000e-04  3.34678952e+00 
 1.83028000e-04  3.34672001e+00 
 1.83128000e-04  3.34665966e+00 
 1.83228000e-04  3.34660694e+00 
 1.83328000e-04  3.34656055e+00 
 1.83428000e-04  3.34651943e+00 
 1.83528000e-04  3.34648268e+00 
 1.83628000e-04  3.34644957e+00 
 1.83728000e-04  3.34641947e+00 
 1.83828000e-04  3.34639189e+00 
 1.83928000e-04  3.34636639e+00 
 1.84028000e-04  3.34634262e+00 
 1.84128000e-04  3.34632028e+00 
 1.84228000e-04  3.34629914e+00 
 1.84328000e-04  3.34627898e+00 
 1.84428000e-04  3.34625965e+00 
 1.84528000e-04  3.34624101e+00 
 1.84628000e-04  3.34622292e+00 
 1.84728000e-04  3.34620531e+00 
 1.84828000e-04  3.34618809e+00 
 1.84928000e-04  3.34617120e+00 
 1.85028000e-04  3.34615457e+00 
 1.85128000e-04  3.34613817e+00 
 1.85228000e-04  3.34612195e+00 
 1.85328000e-04  3.34610589e+00 
 1.85428000e-04  3.34608996e+00 
 1.85528000e-04  3.34607413e+00 
 1.85628000e-04  3.34605839e+00 
 1.85728000e-04  3.34604272e+00 
 1.85828000e-04  3.34602712e+00 
 1.85928000e-04  3.34601157e+00 
 1.86028000e-04  3.34599606e+00 
 1.86128000e-04  3.34598058e+00 
 1.86228000e-04  3.34596514e+00 
 1.86328000e-04  3.34594972e+00 
 1.86428000e-04  3.34593432e+00 
 1.86528000e-04  3.34591893e+00 
 1.86628000e-04  3.34590356e+00 
 1.86728000e-04  3.34588821e+00 
 1.86828000e-04  3.34587286e+00 
 1.86928000e-04  3.34585752e+00 
 1.87028000e-04  3.34584219e+00 
 1.87128000e-04  3.34582687e+00 
 1.87228000e-04  3.34581155e+00 
 1.87328000e-04  3.34579623e+00 
 1.87428000e-04  3.34578092e+00 
 1.87528000e-04  3.34576561e+00 
 1.87628000e-04  3.34575031e+00 
 1.87728000e-04  3.34573500e+00 
 1.87828000e-04  3.34571970e+00 
 1.87928000e-04  3.34570440e+00 
 1.88028000e-04  3.34568911e+00 
 1.88128000e-04  3.34567381e+00 
 1.88228000e-04  3.34565852e+00 
 1.88328000e-04  3.34564322e+00 
 1.88428000e-04  3.34562793e+00 
 1.88528000e-04  3.34561264e+00 
 1.88628000e-04  3.34559735e+00 
 1.88728000e-04  3.34558206e+00 
 1.88828000e-04  3.34556677e+00 
 1.88928000e-04  3.34555148e+00 
 1.89028000e-04  3.34553620e+00 
 1.89128000e-04  3.34552091e+00 
 1.89228000e-04  3.34550563e+00 
 1.89328000e-04  3.34549034e+00 
 1.89428000e-04  3.34547506e+00 
 1.89528000e-04  3.34545978e+00 
 1.89628000e-04  3.34544449e+00 
 1.89728000e-04  3.34542921e+00 
 1.89828000e-04  3.34541393e+00 
 1.89928000e-04  3.34539865e+00 
 1.90028000e-04  3.34538337e+00 
 1.90128000e-04  3.34536809e+00 
 1.90228000e-04  3.34535281e+00 
 1.90328000e-04  3.34533753e+00 
 1.90428000e-04  3.34532226e+00 
 1.90528000e-04  3.34530698e+00 
 1.90628000e-04  3.34529170e+00 
 1.90728000e-04  3.34527643e+00 
 1.90828000e-04  3.34526115e+00 
 1.90928000e-04  3.34524588e+00 
 1.91028000e-04  3.34523060e+00 
 1.91128000e-04  3.34521533e+00 
 1.91228000e-04  3.34520005e+00 
 1.91328000e-04  3.34518478e+00 
 1.91428000e-04  3.34516951e+00 
 1.91528000e-04  3.34515424e+00 
 1.91628000e-04  3.34513897e+00 
 1.91728000e-04  3.34512370e+00 
 1.91828000e-04  3.34510843e+00 
 1.91928000e-04  3.34509316e+00 
 1.92028000e-04  3.34507789e+00 
 1.92128000e-04  3.34506262e+00 
 1.92228000e-04  3.34504735e+00 
 1.92328000e-04  3.34503208e+00 
 1.92428000e-04  3.34501682e+00 
 1.92528000e-04  3.34500155e+00 
 1.92628000e-04  3.34498628e+00 
 1.92728000e-04  3.34497102e+00 
 1.92828000e-04  3.34495575e+00 
 1.92928000e-04  3.34494049e+00 
 1.93028000e-04  3.34492522e+00 
 1.93128000e-04  3.34490996e+00 
 1.93228000e-04  3.34489470e+00 
 1.93328000e-04  3.34487943e+00 
 1.93428000e-04  3.34486417e+00 
 1.93528000e-04  3.34484891e+00 
 1.93628000e-04  3.34483365e+00 
 1.93728000e-04  3.34481839e+00 
 1.93828000e-04  3.34480313e+00 
 1.93928000e-04  3.34478787e+00 
 1.94028000e-04  3.34477261e+00 
 1.94128000e-04  3.34475735e+00 
 1.94228000e-04  3.34474209e+00 
 1.94328000e-04  3.34472683e+00 
 1.94428000e-04  3.34471157e+00 
 1.94528000e-04  3.34469631e+00 
 1.94628000e-04  3.34468106e+00 
 1.94728000e-04  3.34466580e+00 
 1.94828000e-04  3.34465054e+00 
 1.94928000e-04  3.34463529e+00 
 1.95028000e-04  3.34462003e+00 
 1.95128000e-04  3.34460478e+00 
 1.95228000e-04  3.34458952e+00 
 1.95328000e-04  3.34457427e+00 
 1.95428000e-04  3.34455902e+00 
 1.95528000e-04  3.34454376e+00 
 1.95628000e-04  3.34452851e+00 
 1.95728000e-04  3.34451326e+00 
 1.95828000e-04  3.34449800e+00 
 1.95928000e-04  3.34448275e+00 
 1.96028000e-04  3.34446750e+00 
 1.96128000e-04  3.34445225e+00 
 1.96228000e-04  3.34443700e+00 
 1.96328000e-04  3.34442175e+00 
 1.96428000e-04  3.34440650e+00 
 1.96528000e-04  3.34439125e+00 
 1.96628000e-04  3.34437600e+00 
 1.96728000e-04  3.34436076e+00 
 1.96828000e-04  3.34434551e+00 
 1.96928000e-04  3.34433026e+00 
 1.97028000e-04  3.34431501e+00 
 1.97128000e-04  3.34429977e+00 
 1.97228000e-04  3.34428452e+00 
 1.97328000e-04  3.34426928e+00 
 1.97428000e-04  3.34425403e+00 
 1.97528000e-04  3.34423879e+00 
 1.97628000e-04  3.34422354e+00 
 1.97728000e-04  3.34420830e+00 
 1.97828000e-04  3.34419305e+00 
 1.97928000e-04  3.34417781e+00 
 1.98028000e-04  3.34416257e+00 
 1.98128000e-04  3.34414732e+00 
 1.98228000e-04  3.34413208e+00 
 1.98328000e-04  3.34411684e+00 
 1.98428000e-04  3.34410160e+00 
 1.98528000e-04  3.34408636e+00 
 1.98628000e-04  3.34407112e+00 
 1.98728000e-04  3.34405588e+00 
 1.98828000e-04  3.34404064e+00 
 1.98928000e-04  3.34402540e+00 
 1.99028000e-04  3.34401016e+00 
 1.99128000e-04  3.34399492e+00 
 1.99228000e-04  3.34397968e+00 
 1.99328000e-04  3.34396444e+00 
 1.99428000e-04  3.34394920e+00 
 1.99528000e-04  3.34393397e+00 
 1.99628000e-04  3.34391873e+00 
 1.99728000e-04  3.34390349e+00 
 1.99828000e-04  3.34388826e+00 
 1.99928000e-04  3.34387302e+00 
 2.00028000e-04  3.34385779e+00 
 2.00128000e-04  3.34384255e+00 
 2.00228000e-04  3.34382732e+00 
 2.00328000e-04  3.34381208e+00 
 2.00428000e-04  3.34379685e+00 
 2.00528000e-04  3.34378161e+00 
 2.00628000e-04  3.34376638e+00 
 2.00728000e-04  3.34375115e+00 
 2.00828000e-04  3.34373592e+00 
 2.00928000e-04  3.34372068e+00 
 2.01028000e-04  3.34370545e+00 
 2.01128000e-04  3.34369022e+00 
 2.01228000e-04  3.34367499e+00 
 2.01328000e-04  3.34365976e+00 
 2.01428000e-04  3.34364453e+00 
 2.01528000e-04  3.34362930e+00 
 2.01628000e-04  3.34361407e+00 
 2.01728000e-04  3.34359884e+00 
 2.01828000e-04  3.34358361e+00 
 2.01928000e-04  3.34356838e+00 
 2.02028000e-04  3.34355315e+00 
 2.02128000e-04  3.34353792e+00 
 2.02228000e-04  3.34352270e+00 
 2.02328000e-04  3.34350747e+00 
 2.02428000e-04  3.34349224e+00 
 2.02528000e-04  3.34347701e+00 
 2.02628000e-04  3.34346179e+00 
 2.02728000e-04  3.34344656e+00 
 2.02828000e-04  3.34343134e+00 
 2.02928000e-04  3.34341611e+00 
 2.03028000e-04  3.34340089e+00 
 2.03128000e-04  3.34338566e+00 
 2.03228000e-04  3.34337044e+00 
 2.03328000e-04  3.34335521e+00 
 2.03428000e-04  3.34333999e+00 
 2.03528000e-04  3.34332477e+00 
 2.03628000e-04  3.34330954e+00 
 2.03728000e-04  3.34329432e+00 
 2.03828000e-04  3.34327910e+00 
 2.03928000e-04  3.34326388e+00 
 2.04028000e-04  3.34324866e+00 
 2.04128000e-04  3.34323343e+00 
 2.04228000e-04  3.34321821e+00 
 2.04328000e-04  3.34320299e+00 
 2.04428000e-04  3.34318777e+00 
 2.04528000e-04  3.34317255e+00 
 2.04628000e-04  3.34315733e+00 
 2.04728000e-04  3.34314211e+00 
 2.04828000e-04  3.34312689e+00 
 2.04928000e-04  3.34311168e+00 
 2.05028000e-04  3.34309646e+00 
 2.05128000e-04  3.34308124e+00 
 2.05228000e-04  3.34306602e+00 
 2.05328000e-04  3.34305080e+00 
 2.05428000e-04  3.34303559e+00 
 2.05528000e-04  3.34302037e+00 
 2.05628000e-04  3.34300515e+00 
 2.05728000e-04  3.34298994e+00 
 2.05828000e-04  3.34297472e+00 
 2.05928000e-04  3.34295951e+00 
 2.06028000e-04  3.34294429e+00 
 2.06128000e-04  3.34292908e+00 
 2.06228000e-04  3.34291386e+00 
 2.06328000e-04  3.34289865e+00 
 2.06428000e-04  3.34288343e+00 
 2.06528000e-04  3.34286822e+00 
 2.06628000e-04  3.34285301e+00 
 2.06728000e-04  3.34283780e+00 
 2.06828000e-04  3.34282258e+00 
 2.06928000e-04  3.34280737e+00 
 2.07028000e-04  3.34279216e+00 
 2.07128000e-04  3.34277695e+00 
 2.07228000e-04  3.34276174e+00 
 2.07328000e-04  3.34274652e+00 
 2.07428000e-04  3.34273131e+00 
 2.07528000e-04  3.34271610e+00 
 2.07628000e-04  3.34270089e+00 
 2.07728000e-04  3.34268568e+00 
 2.07828000e-04  3.34267047e+00 
 2.07928000e-04  3.34265527e+00 
 2.08028000e-04  3.34264006e+00 
 2.08128000e-04  3.34262485e+00 
 2.08228000e-04  3.34260964e+00 
 2.08328000e-04  3.34259443e+00 
 2.08428000e-04  3.34257923e+00 
 2.08528000e-04  3.34256402e+00 
 2.08628000e-04  3.34254881e+00 
 2.08728000e-04  3.34253360e+00 
 2.08828000e-04  3.34251840e+00 
 2.08928000e-04  3.34250319e+00 
 2.09028000e-04  3.34248799e+00 
 2.09128000e-04  3.34247278e+00 
 2.09228000e-04  3.34245758e+00 
 2.09328000e-04  3.34244237e+00 
 2.09428000e-04  3.34242717e+00 
 2.09528000e-04  3.34241196e+00 
 2.09628000e-04  3.34239676e+00 
 2.09728000e-04  3.34238156e+00 
 2.09828000e-04  3.34236635e+00 
 2.09928000e-04  3.34235115e+00 
 2.10028000e-04  3.34233595e+00 
 2.10128000e-04  3.34232074e+00 
 2.10228000e-04  3.34230554e+00 
 2.10328000e-04  3.34229034e+00 
 2.10428000e-04  3.34227514e+00 
 2.10528000e-04  3.34225994e+00 
 2.10628000e-04  3.34224474e+00 
 2.10728000e-04  3.34222954e+00 
 2.10828000e-04  3.34221434e+00 
 2.10928000e-04  3.34219914e+00 
 2.11028000e-04  3.34218394e+00 
 2.11128000e-04  3.34216874e+00 
 2.11228000e-04  3.34215354e+00 
 2.11328000e-04  3.34213834e+00 
 2.11428000e-04  3.34212314e+00 
 2.11528000e-04  3.34210795e+00 
 2.11628000e-04  3.34209275e+00 
 2.11728000e-04  3.34207755e+00 
 2.11828000e-04  3.34206235e+00 
 2.11928000e-04  3.34204716e+00 
 2.12028000e-04  3.34203196e+00 
 2.12128000e-04  3.34201676e+00 
 2.12228000e-04  3.34200157e+00 
 2.12328000e-04  3.34198637e+00 
 2.12428000e-04  3.34197118e+00 
 2.12528000e-04  3.34195598e+00 
 2.12628000e-04  3.34194079e+00 
 2.12728000e-04  3.34192559e+00 
 2.12828000e-04  3.34191040e+00 
 2.12928000e-04  3.34189521e+00 
 2.13028000e-04  3.34188001e+00 
 2.13128000e-04  3.34186482e+00 
 2.13228000e-04  3.34184963e+00 
 2.13328000e-04  3.34183443e+00 
 2.13428000e-04  3.34181924e+00 
 2.13528000e-04  3.34180405e+00 
 2.13628000e-04  3.34178886e+00 
 2.13728000e-04  3.34177367e+00 
 2.13828000e-04  3.34175848e+00 
 2.13928000e-04  3.34174329e+00 
 2.14028000e-04  3.34172810e+00 
 2.14128000e-04  3.34171291e+00 
 2.14228000e-04  3.34169772e+00 
 2.14328000e-04  3.34168253e+00 
 2.14428000e-04  3.34166734e+00 
 2.14528000e-04  3.34165215e+00 
 2.14628000e-04  3.34163696e+00 
 2.14728000e-04  3.34162177e+00 
 2.14828000e-04  3.34160658e+00 
 2.14928000e-04  3.34159140e+00 
 2.15028000e-04  3.34157621e+00 
 2.15128000e-04  3.34156102e+00 
 2.15228000e-04  3.34154583e+00 
 2.15328000e-04  3.34153065e+00 
 2.15428000e-04  3.34151546e+00 
 2.15528000e-04  3.34150028e+00 
 2.15628000e-04  3.34148509e+00 
 2.15728000e-04  3.34146990e+00 
 2.15828000e-04  3.34145472e+00 
 2.15928000e-04  3.34143954e+00 
 2.16028000e-04  3.34142435e+00 
 2.16128000e-04  3.34140917e+00 
 2.16228000e-04  3.34139398e+00 
 2.16328000e-04  3.34137880e+00 
 2.16428000e-04  3.34136362e+00 
 2.16528000e-04  3.34134843e+00 
 2.16628000e-04  3.34133325e+00 
 2.16728000e-04  3.34131807e+00 
 2.16828000e-04  3.34130289e+00 
 2.16928000e-04  3.34128771e+00 
 2.17028000e-04  3.34127252e+00 
 2.17128000e-04  3.34125734e+00 
 2.17228000e-04  3.34124216e+00 
 2.17328000e-04  3.34122698e+00 
 2.17428000e-04  3.34121180e+00 
 2.17528000e-04  3.34119662e+00 
 2.17628000e-04  3.34118144e+00 
 2.17728000e-04  3.34116626e+00 
 2.17828000e-04  3.34115108e+00 
 2.17928000e-04  3.34113591e+00 
 2.18028000e-04  3.34112073e+00 
 2.18128000e-04  3.34110555e+00 
 2.18228000e-04  3.34109037e+00 
 2.18328000e-04  3.34107520e+00 
 2.18428000e-04  3.34106002e+00 
 2.18528000e-04  3.34104484e+00 
 2.18628000e-04  3.34102967e+00 
 2.18728000e-04  3.34101449e+00 
 2.18828000e-04  3.34099931e+00 
 2.18928000e-04  3.34098414e+00 
 2.19028000e-04  3.34096896e+00 
 2.19128000e-04  3.34095379e+00 
 2.19228000e-04  3.34093861e+00 
 2.19328000e-04  3.34092344e+00 
 2.19428000e-04  3.34090826e+00 
 2.19528000e-04  3.34089309e+00 
 2.19628000e-04  3.34087792e+00 
 2.19728000e-04  3.34086274e+00 
 2.19828000e-04  3.34084757e+00 
 2.19928000e-04  3.34083240e+00 
 2.20028000e-04  3.34081723e+00 
 2.20128000e-04  3.34080206e+00 
 2.20228000e-04  3.34078688e+00 
 2.20328000e-04  3.34077171e+00 
 2.20428000e-04  3.34075654e+00 
 2.20528000e-04  3.34074137e+00 
 2.20628000e-04  3.34072620e+00 
 2.20728000e-04  3.34071103e+00 
 2.20828000e-04  3.34069586e+00 
 2.20928000e-04  3.34068069e+00 
 2.21028000e-04  3.34066552e+00 
 2.21128000e-04  3.34065036e+00 
 2.21228000e-04  3.34063519e+00 
 2.21328000e-04  3.34062002e+00 
 2.21428000e-04  3.34060485e+00 
 2.21528000e-04  3.34058968e+00 
 2.21628000e-04  3.34057452e+00 
 2.21728000e-04  3.34055935e+00 
 2.21828000e-04  3.34054418e+00 
 2.21928000e-04  3.34052902e+00 
 2.22028000e-04  3.34051385e+00 
 2.22128000e-04  3.34049869e+00 
 2.22228000e-04  3.34048352e+00 
 2.22328000e-04  3.34046836e+00 
 2.22428000e-04  3.34045319e+00 
 2.22528000e-04  3.34043803e+00 
 2.22628000e-04  3.34042286e+00 
 2.22728000e-04  3.34040770e+00 
 2.22828000e-04  3.34039254e+00 
 2.22928000e-04  3.34037737e+00 
 2.23028000e-04  3.34036221e+00 
 2.23128000e-04  3.34034705e+00 
 2.23228000e-04  3.34033189e+00 
 2.23328000e-04  3.34031673e+00 
 2.23428000e-04  3.34030156e+00 
 2.23528000e-04  3.34028640e+00 
 2.23628000e-04  3.34027124e+00 
 2.23728000e-04  3.34025608e+00 
 2.23828000e-04  3.34024092e+00 
 2.23928000e-04  3.34022576e+00 
 2.24028000e-04  3.34021060e+00 
 2.24128000e-04  3.34019544e+00 
 2.24228000e-04  3.34018029e+00 
 2.24328000e-04  3.34016513e+00 
 2.24428000e-04  3.34014997e+00 
 2.24528000e-04  3.34013481e+00 
 2.24628000e-04  3.34011965e+00 
 2.24728000e-04  3.34010450e+00 
 2.24828000e-04  3.34008934e+00 
 2.24928000e-04  3.34007418e+00 
 2.25028000e-04  3.34005903e+00 
 2.25128000e-04  3.34004387e+00 
 2.25228000e-04  3.34002872e+00 
 2.25328000e-04  3.34001356e+00 
 2.25428000e-04  3.33999841e+00 
 2.25528000e-04  3.33998325e+00 
 2.25628000e-04  3.33996810e+00 
 2.25728000e-04  3.33995294e+00 
 2.25828000e-04  3.33993779e+00 
 2.25928000e-04  3.33992264e+00 
 2.26028000e-04  3.33990749e+00 
 2.26128000e-04  3.33989233e+00 
 2.26228000e-04  3.33987718e+00 
 2.26328000e-04  3.33986203e+00 
 2.26428000e-04  3.33984688e+00 
 2.26528000e-04  3.33983173e+00 
 2.26628000e-04  3.33981658e+00 
 2.26728000e-04  3.33980143e+00 
 2.26828000e-04  3.33978628e+00 
 2.26928000e-04  3.33977113e+00 
 2.27028000e-04  3.33975598e+00 
 2.27128000e-04  3.33974083e+00 
 2.27228000e-04  3.33972568e+00 
 2.27328000e-04  3.33971053e+00 
 2.27428000e-04  3.33969538e+00 
 2.27528000e-04  3.33968024e+00 
 2.27628000e-04  3.33966509e+00 
 2.27728000e-04  3.33964994e+00 
 2.27828000e-04  3.33963480e+00 
 2.27928000e-04  3.33961965e+00 
 2.28028000e-04  3.33960450e+00 
 2.28128000e-04  3.33958936e+00 
 2.28228000e-04  3.33957421e+00 
 2.28328000e-04  3.33955907e+00 
 2.28428000e-04  3.33954392e+00 
 2.28528000e-04  3.33952878e+00 
 2.28628000e-04  3.33951364e+00 
 2.28728000e-04  3.33949849e+00 
 2.28828000e-04  3.33948335e+00 
 2.28928000e-04  3.33946821e+00 
 2.29028000e-04  3.33945307e+00 
 2.29128000e-04  3.33943793e+00 
 2.29228000e-04  3.33942278e+00 
 2.29328000e-04  3.33940764e+00 
 2.29428000e-04  3.33939250e+00 
 2.29528000e-04  3.33937736e+00 
 2.29628000e-04  3.33936222e+00 
 2.29728000e-04  3.33934708e+00 
 2.29828000e-04  3.33933194e+00 
 2.29928000e-04  3.33931680e+00 
 2.30028000e-04  3.33930167e+00 
 2.30128000e-04  3.33928653e+00 
 2.30228000e-04  3.33927139e+00 
 2.30328000e-04  3.33925625e+00 
 2.30428000e-04  3.33924112e+00 
 2.30528000e-04  3.33922598e+00 
 2.30628000e-04  3.33921084e+00 
 2.30728000e-04  3.33919571e+00 
 2.30828000e-04  3.33918057e+00 
 2.30928000e-04  3.33916544e+00 
 2.31028000e-04  3.33915030e+00 
 2.31128000e-04  3.33913517e+00 
 2.31228000e-04  3.33912004e+00 
 2.31328000e-04  3.33910490e+00 
 2.31428000e-04  3.33908977e+00 
 2.31528000e-04  3.33907464e+00 
 2.31628000e-04  3.33905950e+00 
 2.31728000e-04  3.33904437e+00 
 2.31828000e-04  3.33902924e+00 
 2.31928000e-04  3.33901411e+00 
 2.32028000e-04  3.33899898e+00 
 2.32128000e-04  3.33898385e+00 
 2.32228000e-04  3.33896872e+00 
 2.32328000e-04  3.33895359e+00 
 2.32428000e-04  3.33893846e+00 
 2.32528000e-04  3.33892333e+00 
 2.32628000e-04  3.33890821e+00 
 2.32728000e-04  3.33889308e+00 
 2.32828000e-04  3.33887795e+00 
 2.32928000e-04  3.33886282e+00 
 2.33028000e-04  3.33884770e+00 
 2.33128000e-04  3.33883257e+00 
 2.33228000e-04  3.33881745e+00 
 2.33328000e-04  3.33880232e+00 
 2.33428000e-04  3.33878720e+00 
 2.33528000e-04  3.33877207e+00 
 2.33628000e-04  3.33875695e+00 
 2.33728000e-04  3.33874182e+00 
 2.33828000e-04  3.33872670e+00 
 2.33928000e-04  3.33871158e+00 
 2.34028000e-04  3.33869646e+00 
 2.34128000e-04  3.33868134e+00 
 2.34228000e-04  3.33866621e+00 
 2.34328000e-04  3.33865109e+00 
 2.34428000e-04  3.33863597e+00 
 2.34528000e-04  3.33862085e+00 
 2.34628000e-04  3.33860573e+00 
 2.34728000e-04  3.33859061e+00 
 2.34828000e-04  3.33857550e+00 
 2.34928000e-04  3.33856038e+00 
 2.35028000e-04  3.33854526e+00 
 2.35128000e-04  3.33853014e+00 
 2.35228000e-04  3.33851503e+00 
 2.35328000e-04  3.33849991e+00 
 2.35428000e-04  3.33848480e+00 
 2.35528000e-04  3.33846968e+00 
 2.35628000e-04  3.33845457e+00 
 2.35728000e-04  3.33843945e+00 
 2.35828000e-04  3.33842434e+00 
 2.35928000e-04  3.33840923e+00 
 2.36028000e-04  3.33839411e+00 
 2.36128000e-04  3.33837900e+00 
 2.36228000e-04  3.33836389e+00 
 2.36328000e-04  3.33834878e+00 
 2.36428000e-04  3.33833367e+00 
 2.36528000e-04  3.33831856e+00 
 2.36628000e-04  3.33830345e+00 
 2.36728000e-04  3.33828834e+00 
 2.36828000e-04  3.33827323e+00 
 2.36928000e-04  3.33825812e+00 
 2.37028000e-04  3.33824302e+00 
 2.37128000e-04  3.33822791e+00 
 2.37228000e-04  3.33821280e+00 
 2.37328000e-04  3.33819770e+00 
 2.37428000e-04  3.33818259e+00 
 2.37528000e-04  3.33816749e+00 
 2.37628000e-04  3.33815238e+00 
 2.37728000e-04  3.33813728e+00 
 2.37828000e-04  3.33812218e+00 
 2.37928000e-04  3.33810707e+00 
 2.38028000e-04  3.33809197e+00 
 2.38128000e-04  3.33807687e+00 
 2.38228000e-04  3.33806177e+00 
 2.38328000e-04  3.33804667e+00 
 2.38428000e-04  3.33803157e+00 
 2.38528000e-04  3.33801647e+00 
 2.38628000e-04  3.33800137e+00 
 2.38728000e-04  3.33798628e+00 
 2.38828000e-04  3.33797118e+00 
 2.38928000e-04  3.33795608e+00 
 2.39028000e-04  3.33794099e+00 
 2.39128000e-04  3.33792589e+00 
 2.39228000e-04  3.33791080e+00 
 2.39328000e-04  3.33789570e+00 
 2.39428000e-04  3.33788061e+00 
 2.39528000e-04  3.33786552e+00 
 2.39628000e-04  3.33785043e+00 
 2.39728000e-04  3.33783534e+00 
 2.39828000e-04  3.33782025e+00 
 2.39928000e-04  3.33780516e+00 
 2.40028000e-04  3.33779007e+00 
 2.40128000e-04  3.33777498e+00 
 2.40228000e-04  3.33775990e+00 
 2.40328000e-04  3.33774481e+00 
 2.40428000e-04  3.33772973e+00 
 2.40528000e-04  3.33771465e+00 
 2.40628000e-04  3.33769957e+00 
 2.40728000e-04  3.33768449e+00 
 2.40828000e-04  3.33766942e+00 
 2.40928000e-04  3.33765435e+00 
 2.41028000e-04  3.33763928e+00 
 2.41128000e-04  3.33762421e+00 
 2.41228000e-04  3.33760915e+00 
 2.41328000e-04  3.33759410e+00 
 2.41428000e-04  3.33757905e+00 
 2.41528000e-04  3.33756400e+00 
 2.41628000e-04  3.33754897e+00 
 2.41728000e-04  3.33753394e+00 
 2.41828000e-04  3.33751893e+00 
 2.41928000e-04  3.33750393e+00 
 2.42028000e-04  3.33748895e+00 
 2.42128000e-04  3.33747399e+00 
 2.42228000e-04  3.33745905e+00 
 2.42328000e-04  3.33744414e+00 
 2.42428000e-04  3.33742926e+00 
 2.42528000e-04  3.33741442e+00 
 2.42628000e-04  3.33739964e+00 
 2.42728000e-04  3.33738491e+00 
 2.42828000e-04  3.33737026e+00 
 2.42928000e-04  3.33735569e+00 
 2.43028000e-04  3.33734122e+00 
 2.43128000e-04  3.33732688e+00 
 2.43228000e-04  3.33731269e+00 
 2.43328000e-04  3.33729867e+00 
 2.43428000e-04  3.33728488e+00 
 2.43528000e-04  3.33727135e+00 
 2.43628000e-04  3.33725813e+00 
 2.43728000e-04  3.33724529e+00 
 2.43828000e-04  3.33723291e+00 
 2.43928000e-04  3.33722108e+00 
 2.44028000e-04  3.33720992e+00 
 2.44128000e-04  3.33719955e+00 
 2.44228000e-04  3.33719015e+00 
 2.44328000e-04  3.33718191e+00 
 2.44428000e-04  3.33717507e+00 
 2.44528000e-04  3.33716992e+00 
 2.44628000e-04  3.33716680e+00 
 2.44728000e-04  3.33716612e+00 
 2.44828000e-04  3.33716839e+00 
 2.44928000e-04  3.33717421e+00 
 2.45028000e-04  3.33718430e+00 
 2.45128000e-04  3.33719952e+00 
 2.45228000e-04  3.33722094e+00 
 2.45328000e-04  3.33724979e+00 
 2.45428000e-04  3.33728760e+00 
 2.45528000e-04  3.33733615e+00 
 2.45628000e-04  3.33739761e+00 
 2.45728000e-04  3.33747456e+00 
 2.45828000e-04  3.33757009e+00 
 2.45928000e-04  3.33768787e+00 
 2.46028000e-04  3.33783226e+00 
 2.46128000e-04  3.33800844e+00 
 2.46228000e-04  3.33822251e+00 
 2.46328000e-04  3.33848167e+00 
 2.46428000e-04  3.33879434e+00 
 2.46528000e-04  3.33917031e+00 
 2.46628000e-04  3.33962092e+00 
 2.46728000e-04  3.34015921e+00 
 2.46828000e-04  3.34079997e+00 
 2.46928000e-04  3.34155992e+00 
 2.47028000e-04  3.34245760e+00 
 2.47128000e-04  3.34351340e+00 
 2.47228000e-04  3.34474937e+00 
 2.47328000e-04  3.34618888e+00 
 2.47428000e-04  3.34785629e+00 
 2.47528000e-04  3.34977635e+00 
 2.47628000e-04  3.35197364e+00 
 2.47728000e-04  3.35447183e+00 
 2.47828000e-04  3.35729297e+00 
 2.47928000e-04  3.36045683e+00 
 2.48028000e-04  3.36398027e+00 
 2.48128000e-04  3.36787679e+00 
 2.48228000e-04  3.37215622e+00 
 2.48328000e-04  3.37682458e+00 
 2.48428000e-04  3.38188412e+00 
 2.48528000e-04  3.38733355e+00 
 2.48628000e-04  3.39316831e+00 
 2.48728000e-04  3.39938100e+00 
 2.48828000e-04  3.40596185e+00 
 2.48928000e-04  3.41289916e+00 
 2.49028000e-04  3.42017980e+00 
 2.49128000e-04  3.42778957e+00 
 2.49228000e-04  3.43571364e+00 
 2.49328000e-04  3.44393688e+00 
 2.49428000e-04  3.45244407e+00 
 2.49528000e-04  3.46122018e+00 
 2.49628000e-04  3.47025052e+00 
 2.49728000e-04  3.47952086e+00 
 2.49828000e-04  3.48901755e+00 
 2.49928000e-04  3.49872752e+00 
 2.50028000e-04  3.50621443e+00 
 2.50128000e-04  3.50510741e+00 
 2.50228000e-04  3.49760843e+00 
 2.50328000e-04  3.49010752e+00 
 2.50428000e-04  3.48286680e+00 
 2.50528000e-04  3.47590969e+00 
 2.50628000e-04  3.46925276e+00 
 2.50728000e-04  3.46291221e+00 
 2.50828000e-04  3.45690351e+00 
 2.50928000e-04  3.45124088e+00 
 2.51028000e-04  3.44593661e+00 
 2.51128000e-04  3.44100039e+00 
 2.51228000e-04  3.43643863e+00 
 2.51328000e-04  3.43225378e+00 
 2.51428000e-04  3.42844385e+00 
 2.51528000e-04  3.42500214e+00 
 2.51628000e-04  3.42191723e+00 
 2.51728000e-04  3.41917328e+00 
 2.51828000e-04  3.41675061e+00 
 2.51928000e-04  3.41462657e+00 
 2.52028000e-04  3.41277645e+00 
 2.52128000e-04  3.41117449e+00 
 2.52228000e-04  3.40979479e+00 
 2.52328000e-04  3.40861207e+00 
 2.52428000e-04  3.40760231e+00 
 2.52528000e-04  3.40674317e+00 
 2.52628000e-04  3.40601424e+00 
 2.52728000e-04  3.40539719e+00 
 2.52828000e-04  3.40487573e+00 
 2.52928000e-04  3.40443557e+00 
 2.53028000e-04  3.40406430e+00 
 2.53128000e-04  3.40375120e+00 
 2.53228000e-04  3.40348707e+00 
 2.53328000e-04  3.40326407e+00 
 2.53428000e-04  3.40307557e+00 
 2.53528000e-04  3.40291592e+00 
 2.53628000e-04  3.40278040e+00 
 2.53728000e-04  3.40266501e+00 
 2.53828000e-04  3.40256641e+00 
 2.53928000e-04  3.40248181e+00 
 2.54028000e-04  3.40240886e+00 
 2.54128000e-04  3.40234561e+00 
 2.54228000e-04  3.40229042e+00 
 2.54328000e-04  3.40224194e+00 
 2.54428000e-04  3.40219904e+00 
 2.54528000e-04  3.40216077e+00 
 2.54628000e-04  3.40212635e+00 
 2.54728000e-04  3.40209513e+00 
 2.54828000e-04  3.40206656e+00 
 2.54928000e-04  3.40204020e+00 
 2.55028000e-04  3.40201568e+00 
 2.55128000e-04  3.40199267e+00 
 2.55228000e-04  3.40197093e+00 
 2.55328000e-04  3.40195024e+00 
 2.55428000e-04  3.40193041e+00 
 2.55528000e-04  3.40191131e+00 
 2.55628000e-04  3.40189281e+00 
 2.55728000e-04  3.40187481e+00 
 2.55828000e-04  3.40185723e+00 
 2.55928000e-04  3.40183998e+00 
 2.56028000e-04  3.40182303e+00 
 2.56128000e-04  3.40180631e+00 
 2.56228000e-04  3.40178978e+00 
 2.56328000e-04  3.40177342e+00 
 2.56428000e-04  3.40175720e+00 
 2.56528000e-04  3.40174108e+00 
 2.56628000e-04  3.40172507e+00 
 2.56728000e-04  3.40170913e+00 
 2.56828000e-04  3.40169325e+00 
 2.56928000e-04  3.40167743e+00 
 2.57028000e-04  3.40166165e+00 
 2.57128000e-04  3.40164591e+00 
 2.57228000e-04  3.40163021e+00 
 2.57328000e-04  3.40161453e+00 
 2.57428000e-04  3.40159887e+00 
 2.57528000e-04  3.40158322e+00 
 2.57628000e-04  3.40156760e+00 
 2.57728000e-04  3.40155198e+00 
 2.57828000e-04  3.40153638e+00 
 2.57928000e-04  3.40152079e+00 
 2.58028000e-04  3.40150520e+00 
 2.58128000e-04  3.40148962e+00 
 2.58228000e-04  3.40147405e+00 
 2.58328000e-04  3.40145848e+00 
 2.58428000e-04  3.40144291e+00 
 2.58528000e-04  3.40142735e+00 
 2.58628000e-04  3.40141179e+00 
 2.58728000e-04  3.40139623e+00 
 2.58828000e-04  3.40138067e+00 
 2.58928000e-04  3.40136512e+00 
 2.59028000e-04  3.40134957e+00 
 2.59128000e-04  3.40133402e+00 
 2.59228000e-04  3.40131847e+00 
 2.59328000e-04  3.40130293e+00 
 2.59428000e-04  3.40128738e+00 
 2.59528000e-04  3.40127184e+00 
 2.59628000e-04  3.40125629e+00 
 2.59728000e-04  3.40124075e+00 
 2.59828000e-04  3.40122521e+00 
 2.59928000e-04  3.40120967e+00 
 2.60028000e-04  3.40119413e+00 
 2.60128000e-04  3.40117859e+00 
 2.60228000e-04  3.40116305e+00 
 2.60328000e-04  3.40114751e+00 
 2.60428000e-04  3.40113197e+00 
 2.60528000e-04  3.40111644e+00 
 2.60628000e-04  3.40110090e+00 
 2.60728000e-04  3.40108536e+00 
 2.60828000e-04  3.40106983e+00 
 2.60928000e-04  3.40105429e+00 
 2.61028000e-04  3.40103876e+00 
 2.61128000e-04  3.40102323e+00 
 2.61228000e-04  3.40100770e+00 
 2.61328000e-04  3.40099216e+00 
 2.61428000e-04  3.40097663e+00 
 2.61528000e-04  3.40096110e+00 
 2.61628000e-04  3.40094557e+00 
 2.61728000e-04  3.40093004e+00 
 2.61828000e-04  3.40091451e+00 
 2.61928000e-04  3.40089898e+00 
 2.62028000e-04  3.40088346e+00 
 2.62128000e-04  3.40086793e+00 
 2.62228000e-04  3.40085240e+00 
 2.62328000e-04  3.40083687e+00 
 2.62428000e-04  3.40082135e+00 
 2.62528000e-04  3.40080582e+00 
 2.62628000e-04  3.40079030e+00 
 2.62728000e-04  3.40077477e+00 
 2.62828000e-04  3.40075925e+00 
 2.62928000e-04  3.40074373e+00 
 2.63028000e-04  3.40072820e+00 
 2.63128000e-04  3.40071268e+00 
 2.63228000e-04  3.40069716e+00 
 2.63328000e-04  3.40068164e+00 
 2.63428000e-04  3.40066612e+00 
 2.63528000e-04  3.40065060e+00 
 2.63628000e-04  3.40063508e+00 
 2.63728000e-04  3.40061956e+00 
 2.63828000e-04  3.40060404e+00 
 2.63928000e-04  3.40058852e+00 
 2.64028000e-04  3.40057300e+00 
 2.64128000e-04  3.40055749e+00 
 2.64228000e-04  3.40054197e+00 
 2.64328000e-04  3.40052645e+00 
 2.64428000e-04  3.40051094e+00 
 2.64528000e-04  3.40049542e+00 
 2.64628000e-04  3.40047991e+00 
 2.64728000e-04  3.40046439e+00 
 2.64828000e-04  3.40044888e+00 
 2.64928000e-04  3.40043336e+00 
 2.65028000e-04  3.40041785e+00 
 2.65128000e-04  3.40040234e+00 
 2.65228000e-04  3.40038683e+00 
 2.65328000e-04  3.40037131e+00 
 2.65428000e-04  3.40035580e+00 
 2.65528000e-04  3.40034029e+00 
 2.65628000e-04  3.40032478e+00 
 2.65728000e-04  3.40030927e+00 
 2.65828000e-04  3.40029376e+00 
 2.65928000e-04  3.40027825e+00 
 2.66028000e-04  3.40026274e+00 
 2.66128000e-04  3.40024724e+00 
 2.66228000e-04  3.40023173e+00 
 2.66328000e-04  3.40021622e+00 
 2.66428000e-04  3.40020071e+00 
 2.66528000e-04  3.40018521e+00 
 2.66628000e-04  3.40016970e+00 
 2.66728000e-04  3.40015419e+00 
 2.66828000e-04  3.40013869e+00 
 2.66928000e-04  3.40012318e+00 
 2.67028000e-04  3.40010768e+00 
 2.67128000e-04  3.40009218e+00 
 2.67228000e-04  3.40007667e+00 
 2.67328000e-04  3.40006117e+00 
 2.67428000e-04  3.40004567e+00 
 2.67528000e-04  3.40003016e+00 
 2.67628000e-04  3.40001466e+00 
 2.67728000e-04  3.39999916e+00 
 2.67828000e-04  3.39998366e+00 
 2.67928000e-04  3.39996816e+00 
 2.68028000e-04  3.39995266e+00 
 2.68128000e-04  3.39993716e+00 
 2.68228000e-04  3.39992166e+00 
 2.68328000e-04  3.39990616e+00 
 2.68428000e-04  3.39989066e+00 
 2.68528000e-04  3.39987516e+00 
 2.68628000e-04  3.39985966e+00 
 2.68728000e-04  3.39984417e+00 
 2.68828000e-04  3.39982867e+00 
 2.68928000e-04  3.39981317e+00 
 2.69028000e-04  3.39979768e+00 
 2.69128000e-04  3.39978218e+00 
 2.69228000e-04  3.39976668e+00 
 2.69328000e-04  3.39975119e+00 
 2.69428000e-04  3.39973569e+00 
 2.69528000e-04  3.39972020e+00 
 2.69628000e-04  3.39970470e+00 
 2.69728000e-04  3.39968921e+00 
 2.69828000e-04  3.39967372e+00 
 2.69928000e-04  3.39965822e+00 
 2.70028000e-04  3.39964273e+00 
 2.70128000e-04  3.39962724e+00 
 2.70228000e-04  3.39961175e+00 
 2.70328000e-04  3.39959625e+00 
 2.70428000e-04  3.39958076e+00 
 2.70528000e-04  3.39956527e+00 
 2.70628000e-04  3.39954978e+00 
 2.70728000e-04  3.39953429e+00 
 2.70828000e-04  3.39951880e+00 
 2.70928000e-04  3.39950331e+00 
 2.71028000e-04  3.39948782e+00 
 2.71128000e-04  3.39947234e+00 
 2.71228000e-04  3.39945685e+00 
 2.71328000e-04  3.39944136e+00 
 2.71428000e-04  3.39942587e+00 
 2.71528000e-04  3.39941038e+00 
 2.71628000e-04  3.39939490e+00 
 2.71728000e-04  3.39937941e+00 
 2.71828000e-04  3.39936392e+00 
 2.71928000e-04  3.39934844e+00 
 2.72028000e-04  3.39933295e+00 
 2.72128000e-04  3.39931747e+00 
 2.72228000e-04  3.39930198e+00 
 2.72328000e-04  3.39928650e+00 
 2.72428000e-04  3.39927102e+00 
 2.72528000e-04  3.39925553e+00 
 2.72628000e-04  3.39924005e+00 
 2.72728000e-04  3.39922457e+00 
 2.72828000e-04  3.39920908e+00 
 2.72928000e-04  3.39919360e+00 
 2.73028000e-04  3.39917812e+00 
 2.73128000e-04  3.39916264e+00 
 2.73228000e-04  3.39914716e+00 
 2.73328000e-04  3.39913167e+00 
 2.73428000e-04  3.39911619e+00 
 2.73528000e-04  3.39910071e+00 
 2.73628000e-04  3.39908523e+00 
 2.73728000e-04  3.39906975e+00 
 2.73828000e-04  3.39905428e+00 
 2.73928000e-04  3.39903880e+00 
 2.74028000e-04  3.39902332e+00 
 2.74128000e-04  3.39900784e+00 
 2.74228000e-04  3.39899236e+00 
 2.74328000e-04  3.39897688e+00 
 2.74428000e-04  3.39896141e+00 
 2.74528000e-04  3.39894593e+00 
 2.74628000e-04  3.39893045e+00 
 2.74728000e-04  3.39891498e+00 
 2.74828000e-04  3.39889950e+00 
 2.74928000e-04  3.39888403e+00 
 2.75028000e-04  3.39886855e+00 
 2.75128000e-04  3.39885308e+00 
 2.75228000e-04  3.39883760e+00 
 2.75328000e-04  3.39882213e+00 
 2.75428000e-04  3.39880665e+00 
 2.75528000e-04  3.39879118e+00 
 2.75628000e-04  3.39877571e+00 
 2.75728000e-04  3.39876023e+00 
 2.75828000e-04  3.39874476e+00 
 2.75928000e-04  3.39872929e+00 
 2.76028000e-04  3.39871382e+00 
 2.76128000e-04  3.39869835e+00 
 2.76228000e-04  3.39868287e+00 
 2.76328000e-04  3.39866740e+00 
 2.76428000e-04  3.39865193e+00 
 2.76528000e-04  3.39863646e+00 
 2.76628000e-04  3.39862099e+00 
 2.76728000e-04  3.39860552e+00 
 2.76828000e-04  3.39859005e+00 
 2.76928000e-04  3.39857458e+00 
 2.77028000e-04  3.39855912e+00 
 2.77128000e-04  3.39854365e+00 
 2.77228000e-04  3.39852818e+00 
 2.77328000e-04  3.39851271e+00 
 2.77428000e-04  3.39849724e+00 
 2.77528000e-04  3.39848178e+00 
 2.77628000e-04  3.39846631e+00 
 2.77728000e-04  3.39845084e+00 
 2.77828000e-04  3.39843538e+00 
 2.77928000e-04  3.39841991e+00 
 2.78028000e-04  3.39840445e+00 
 2.78128000e-04  3.39838898e+00 
 2.78228000e-04  3.39837352e+00 
 2.78328000e-04  3.39835805e+00 
 2.78428000e-04  3.39834259e+00 
 2.78528000e-04  3.39832712e+00 
 2.78628000e-04  3.39831166e+00 
 2.78728000e-04  3.39829620e+00 
 2.78828000e-04  3.39828073e+00 
 2.78928000e-04  3.39826527e+00 
 2.79028000e-04  3.39824981e+00 
 2.79128000e-04  3.39823435e+00 
 2.79228000e-04  3.39821889e+00 
 2.79328000e-04  3.39820342e+00 
 2.79428000e-04  3.39818796e+00 
 2.79528000e-04  3.39817250e+00 
 2.79628000e-04  3.39815704e+00 
 2.79728000e-04  3.39814158e+00 
 2.79828000e-04  3.39812612e+00 
 2.79928000e-04  3.39811066e+00 
 2.80028000e-04  3.39809520e+00 
 2.80128000e-04  3.39807974e+00 
 2.80228000e-04  3.39806429e+00 
 2.80328000e-04  3.39804883e+00 
 2.80428000e-04  3.39803337e+00 
 2.80528000e-04  3.39801791e+00 
 2.80628000e-04  3.39800245e+00 
 2.80728000e-04  3.39798700e+00 
 2.80828000e-04  3.39797154e+00 
 2.80928000e-04  3.39795608e+00 
 2.81028000e-04  3.39794063e+00 
 2.81128000e-04  3.39792517e+00 
 2.81228000e-04  3.39790972e+00 
 2.81328000e-04  3.39789426e+00 
 2.81428000e-04  3.39787881e+00 
 2.81528000e-04  3.39786335e+00 
 2.81628000e-04  3.39784790e+00 
 2.81728000e-04  3.39783244e+00 
 2.81828000e-04  3.39781699e+00 
 2.81928000e-04  3.39780154e+00 
 2.82028000e-04  3.39778608e+00 
 2.82128000e-04  3.39777063e+00 
 2.82228000e-04  3.39775518e+00 
 2.82328000e-04  3.39773973e+00 
 2.82428000e-04  3.39772427e+00 
 2.82528000e-04  3.39770882e+00 
 2.82628000e-04  3.39769337e+00 
 2.82728000e-04  3.39767792e+00 
 2.82828000e-04  3.39766247e+00 
 2.82928000e-04  3.39764702e+00 
 2.83028000e-04  3.39763157e+00 
 2.83128000e-04  3.39761612e+00 
 2.83228000e-04  3.39760067e+00 
 2.83328000e-04  3.39758522e+00 
 2.83428000e-04  3.39756977e+00 
 2.83528000e-04  3.39755432e+00 
 2.83628000e-04  3.39753887e+00 
 2.83728000e-04  3.39752343e+00 
 2.83828000e-04  3.39750798e+00 
 2.83928000e-04  3.39749253e+00 
 2.84028000e-04  3.39747708e+00 
 2.84128000e-04  3.39746164e+00 
 2.84228000e-04  3.39744619e+00 
 2.84328000e-04  3.39743074e+00 
 2.84428000e-04  3.39741530e+00 
 2.84528000e-04  3.39739985e+00 
 2.84628000e-04  3.39738441e+00 
 2.84728000e-04  3.39736896e+00 
 2.84828000e-04  3.39735352e+00 
 2.84928000e-04  3.39733807e+00 
 2.85028000e-04  3.39732263e+00 
 2.85128000e-04  3.39730719e+00 
 2.85228000e-04  3.39729174e+00 
 2.85328000e-04  3.39727630e+00 
 2.85428000e-04  3.39726086e+00 
 2.85528000e-04  3.39724541e+00 
 2.85628000e-04  3.39722997e+00 
 2.85728000e-04  3.39721453e+00 
 2.85828000e-04  3.39719909e+00 
 2.85928000e-04  3.39718365e+00 
 2.86028000e-04  3.39716821e+00 
 2.86128000e-04  3.39715277e+00 
 2.86228000e-04  3.39713732e+00 
 2.86328000e-04  3.39712188e+00 
 2.86428000e-04  3.39710644e+00 
 2.86528000e-04  3.39709101e+00 
 2.86628000e-04  3.39707557e+00 
 2.86728000e-04  3.39706013e+00 
 2.86828000e-04  3.39704469e+00 
 2.86928000e-04  3.39702925e+00 
 2.87028000e-04  3.39701381e+00 
 2.87128000e-04  3.39699837e+00 
 2.87228000e-04  3.39698294e+00 
 2.87328000e-04  3.39696750e+00 
 2.87428000e-04  3.39695206e+00 
 2.87528000e-04  3.39693663e+00 
 2.87628000e-04  3.39692119e+00 
 2.87728000e-04  3.39690575e+00 
 2.87828000e-04  3.39689032e+00 
 2.87928000e-04  3.39687488e+00 
 2.88028000e-04  3.39685945e+00 
 2.88128000e-04  3.39684401e+00 
 2.88228000e-04  3.39682858e+00 
 2.88328000e-04  3.39681314e+00 
 2.88428000e-04  3.39679771e+00 
 2.88528000e-04  3.39678228e+00 
 2.88628000e-04  3.39676684e+00 
 2.88728000e-04  3.39675141e+00 
 2.88828000e-04  3.39673598e+00 
 2.88928000e-04  3.39672055e+00 
 2.89028000e-04  3.39670511e+00 
 2.89128000e-04  3.39668968e+00 
 2.89228000e-04  3.39667425e+00 
 2.89328000e-04  3.39665882e+00 
 2.89428000e-04  3.39664339e+00 
 2.89528000e-04  3.39662796e+00 
 2.89628000e-04  3.39661253e+00 
 2.89728000e-04  3.39659710e+00 
 2.89828000e-04  3.39658167e+00 
 2.89928000e-04  3.39656624e+00 
 2.90028000e-04  3.39655081e+00 
 2.90128000e-04  3.39653538e+00 
 2.90228000e-04  3.39651995e+00 
 2.90328000e-04  3.39650453e+00 
 2.90428000e-04  3.39648910e+00 
 2.90528000e-04  3.39647367e+00 
 2.90628000e-04  3.39645824e+00 
 2.90728000e-04  3.39644282e+00 
 2.90828000e-04  3.39642739e+00 
 2.90928000e-04  3.39641196e+00 
 2.91028000e-04  3.39639654e+00 
 2.91128000e-04  3.39638111e+00 
 2.91228000e-04  3.39636569e+00 
 2.91328000e-04  3.39635026e+00 
 2.91428000e-04  3.39633484e+00 
 2.91528000e-04  3.39631941e+00 
 2.91628000e-04  3.39630399e+00 
 2.91728000e-04  3.39628857e+00 
 2.91828000e-04  3.39627314e+00 
 2.91928000e-04  3.39625772e+00 
 2.92028000e-04  3.39624230e+00 
 2.92128000e-04  3.39622687e+00 
 2.92228000e-04  3.39621145e+00 
 2.92328000e-04  3.39619603e+00 
 2.92428000e-04  3.39618061e+00 
 2.92528000e-04  3.39616519e+00 
 2.92628000e-04  3.39614977e+00 
 2.92728000e-04  3.39613434e+00 
 2.92828000e-04  3.39611892e+00 
 2.92928000e-04  3.39610350e+00 
 2.93028000e-04  3.39608808e+00 
 2.93128000e-04  3.39607267e+00 
 2.93228000e-04  3.39605725e+00 
 2.93328000e-04  3.39604183e+00 
 2.93428000e-04  3.39602641e+00 
 2.93528000e-04  3.39601099e+00 
 2.93628000e-04  3.39599557e+00 
 2.93728000e-04  3.39598016e+00 
 2.93828000e-04  3.39596474e+00 
 2.93928000e-04  3.39594932e+00 
 2.94028000e-04  3.39593390e+00 
 2.94128000e-04  3.39591849e+00 
 2.94228000e-04  3.39590307e+00 
 2.94328000e-04  3.39588766e+00 
 2.94428000e-04  3.39587224e+00 
 2.94528000e-04  3.39585683e+00 
 2.94628000e-04  3.39584141e+00 
 2.94728000e-04  3.39582600e+00 
 2.94828000e-04  3.39581058e+00 
 2.94928000e-04  3.39579517e+00 
 2.95028000e-04  3.39577976e+00 
 2.95128000e-04  3.39576434e+00 
 2.95228000e-04  3.39574893e+00 
 2.95328000e-04  3.39573352e+00 
 2.95428000e-04  3.39571811e+00 
 2.95528000e-04  3.39570269e+00 
 2.95628000e-04  3.39568728e+00 
 2.95728000e-04  3.39567187e+00 
 2.95828000e-04  3.39565646e+00 
 2.95928000e-04  3.39564105e+00 
 2.96028000e-04  3.39562564e+00 
 2.96128000e-04  3.39561023e+00 
 2.96228000e-04  3.39559482e+00 
 2.96328000e-04  3.39557941e+00 
 2.96428000e-04  3.39556400e+00 
 2.96528000e-04  3.39554860e+00 
 2.96628000e-04  3.39553319e+00 
 2.96728000e-04  3.39551778e+00 
 2.96828000e-04  3.39550237e+00 
 2.96928000e-04  3.39548696e+00 
 2.97028000e-04  3.39547156e+00 
 2.97128000e-04  3.39545615e+00 
 2.97228000e-04  3.39544075e+00 
 2.97328000e-04  3.39542534e+00 
 2.97428000e-04  3.39540993e+00 
 2.97528000e-04  3.39539453e+00 
 2.97628000e-04  3.39537912e+00 
 2.97728000e-04  3.39536372e+00 
 2.97828000e-04  3.39534832e+00 
 2.97928000e-04  3.39533291e+00 
 2.98028000e-04  3.39531751e+00 
 2.98128000e-04  3.39530211e+00 
 2.98228000e-04  3.39528670e+00 
 2.98328000e-04  3.39527130e+00 
 2.98428000e-04  3.39525590e+00 
 2.98528000e-04  3.39524050e+00 
 2.98628000e-04  3.39522509e+00 
 2.98728000e-04  3.39520969e+00 
 2.98828000e-04  3.39519429e+00 
 2.98928000e-04  3.39517889e+00 
 2.99028000e-04  3.39516349e+00 
 2.99128000e-04  3.39514809e+00 
 2.99228000e-04  3.39513269e+00 
 2.99328000e-04  3.39511729e+00 
 2.99428000e-04  3.39510190e+00 
 2.99528000e-04  3.39508650e+00 
 2.99628000e-04  3.39507110e+00 
 2.99728000e-04  3.39505570e+00 
 2.99828000e-04  3.39504031e+00 
 2.99928000e-04  3.39502491e+00 
 3.00028000e-04  3.39500951e+00 
 3.00128000e-04  3.39499412e+00 
 3.00228000e-04  3.39497872e+00 
 3.00328000e-04  3.39496333e+00 
 3.00428000e-04  3.39494793e+00 
 3.00528000e-04  3.39493254e+00 
 3.00628000e-04  3.39491714e+00 
 3.00728000e-04  3.39490175e+00 
 3.00828000e-04  3.39488635e+00 
 3.00928000e-04  3.39487096e+00 
 3.01028000e-04  3.39485557e+00 
 3.01128000e-04  3.39484018e+00 
 3.01228000e-04  3.39482478e+00 
 3.01328000e-04  3.39480939e+00 
 3.01428000e-04  3.39479400e+00 
 3.01528000e-04  3.39477861e+00 
 3.01628000e-04  3.39476322e+00 
 3.01728000e-04  3.39474783e+00 
 3.01828000e-04  3.39473244e+00 
 3.01928000e-04  3.39471705e+00 
 3.02028000e-04  3.39470166e+00 
 3.02128000e-04  3.39468627e+00 
 3.02228000e-04  3.39467088e+00 
 3.02328000e-04  3.39465550e+00 
 3.02428000e-04  3.39464011e+00 
 3.02528000e-04  3.39462472e+00 
 3.02628000e-04  3.39460933e+00 
 3.02728000e-04  3.39459395e+00 
 3.02828000e-04  3.39457856e+00 
 3.02928000e-04  3.39456318e+00 
 3.03028000e-04  3.39454779e+00 
 3.03128000e-04  3.39453241e+00 
 3.03228000e-04  3.39451702e+00 
 3.03328000e-04  3.39450164e+00 
 3.03428000e-04  3.39448625e+00 
 3.03528000e-04  3.39447087e+00 
 3.03628000e-04  3.39445549e+00 
 3.03728000e-04  3.39444011e+00 
 3.03828000e-04  3.39442472e+00 
 3.03928000e-04  3.39440934e+00 
 3.04028000e-04  3.39439396e+00 
 3.04128000e-04  3.39437858e+00 
 3.04228000e-04  3.39436320e+00 
 3.04328000e-04  3.39434782e+00 
 3.04428000e-04  3.39433244e+00 
 3.04528000e-04  3.39431706e+00 
 3.04628000e-04  3.39430168e+00 
 3.04728000e-04  3.39428631e+00 
 3.04828000e-04  3.39427093e+00 
 3.04928000e-04  3.39425555e+00 
 3.05028000e-04  3.39424017e+00 
 3.05128000e-04  3.39422480e+00 
 3.05228000e-04  3.39420942e+00 
 3.05328000e-04  3.39419405e+00 
 3.05428000e-04  3.39417867e+00 
 3.05528000e-04  3.39416330e+00 
 3.05628000e-04  3.39414792e+00 
 3.05728000e-04  3.39413255e+00 
 3.05828000e-04  3.39411718e+00 
 3.05928000e-04  3.39410180e+00 
 3.06028000e-04  3.39408643e+00 
 3.06128000e-04  3.39407106e+00 
 3.06228000e-04  3.39405569e+00 
 3.06328000e-04  3.39404032e+00 
 3.06428000e-04  3.39402494e+00 
 3.06528000e-04  3.39400957e+00 
 3.06628000e-04  3.39399420e+00 
 3.06728000e-04  3.39397884e+00 
 3.06828000e-04  3.39396347e+00 
 3.06928000e-04  3.39394810e+00 
 3.07028000e-04  3.39393273e+00 
 3.07128000e-04  3.39391736e+00 
 3.07228000e-04  3.39390200e+00 
 3.07328000e-04  3.39388663e+00 
 3.07428000e-04  3.39387126e+00 
 3.07528000e-04  3.39385590e+00 
 3.07628000e-04  3.39384053e+00 
 3.07728000e-04  3.39382517e+00 
 3.07828000e-04  3.39380980e+00 
 3.07928000e-04  3.39379444e+00 
 3.08028000e-04  3.39377908e+00 
 3.08128000e-04  3.39376371e+00 
 3.08228000e-04  3.39374835e+00 
 3.08328000e-04  3.39373299e+00 
 3.08428000e-04  3.39371763e+00 
 3.08528000e-04  3.39370227e+00 
 3.08628000e-04  3.39368691e+00 
 3.08728000e-04  3.39367155e+00 
 3.08828000e-04  3.39365619e+00 
 3.08928000e-04  3.39364083e+00 
 3.09028000e-04  3.39362547e+00 
 3.09128000e-04  3.39361012e+00 
 3.09228000e-04  3.39359476e+00 
 3.09328000e-04  3.39357940e+00 
 3.09428000e-04  3.39356405e+00 
 3.09528000e-04  3.39354869e+00 
 3.09628000e-04  3.39353334e+00 
 3.09728000e-04  3.39351798e+00 
 3.09828000e-04  3.39350263e+00 
 3.09928000e-04  3.39348728e+00 
 3.10028000e-04  3.39347192e+00 
 3.10128000e-04  3.39345657e+00 
 3.10228000e-04  3.39344122e+00 
 3.10328000e-04  3.39342587e+00 
 3.10428000e-04  3.39341052e+00 
 3.10528000e-04  3.39339517e+00 
 3.10628000e-04  3.39337982e+00 
 3.10728000e-04  3.39336448e+00 
 3.10828000e-04  3.39334913e+00 
 3.10928000e-04  3.39333378e+00 
 3.11028000e-04  3.39331844e+00 
 3.11128000e-04  3.39330309e+00 
 3.11228000e-04  3.39328775e+00 
 3.11328000e-04  3.39327240e+00 
 3.11428000e-04  3.39325706e+00 
 3.11528000e-04  3.39324172e+00 
 3.11628000e-04  3.39322638e+00 
 3.11728000e-04  3.39321104e+00 
 3.11828000e-04  3.39319570e+00 
 3.11928000e-04  3.39318036e+00 
 3.12028000e-04  3.39316502e+00 
 3.12128000e-04  3.39314969e+00 
 3.12228000e-04  3.39313435e+00 
 3.12328000e-04  3.39311902e+00 
 3.12428000e-04  3.39310369e+00 
 3.12528000e-04  3.39308836e+00 
 3.12628000e-04  3.39307303e+00 
 3.12728000e-04  3.39305771e+00 
 3.12828000e-04  3.39304239e+00 
 3.12928000e-04  3.39302707e+00 
 3.13028000e-04  3.39301176e+00 
 3.13128000e-04  3.39299645e+00 
 3.13228000e-04  3.39298114e+00 
 3.13328000e-04  3.39296585e+00 
 3.13428000e-04  3.39295056e+00 
 3.13528000e-04  3.39293528e+00 
 3.13628000e-04  3.39292001e+00 
 3.13728000e-04  3.39290476e+00 
 3.13828000e-04  3.39288952e+00 
 3.13928000e-04  3.39287430e+00 
 3.14028000e-04  3.39285910e+00 
 3.14128000e-04  3.39284393e+00 
 3.14228000e-04  3.39282880e+00 
 3.14328000e-04  3.39281370e+00 
 3.14428000e-04  3.39279865e+00 
 3.14528000e-04  3.39278366e+00 
 3.14628000e-04  3.39276873e+00 
 3.14728000e-04  3.39275389e+00 
 3.14828000e-04  3.39273914e+00 
 3.14928000e-04  3.39272452e+00 
 3.15028000e-04  3.39271004e+00 
 3.15128000e-04  3.39269573e+00 
 3.15228000e-04  3.39268162e+00 
 3.15328000e-04  3.39266777e+00 
 3.15428000e-04  3.39265422e+00 
 3.15528000e-04  3.39264103e+00 
 3.15628000e-04  3.39262828e+00 
 3.15728000e-04  3.39261606e+00 
 3.15828000e-04  3.39260447e+00 
 3.15928000e-04  3.39259365e+00 
 3.16028000e-04  3.39258374e+00 
 3.16128000e-04  3.39257495e+00 
 3.16228000e-04  3.39256750e+00 
 3.16328000e-04  3.39256166e+00 
 3.16428000e-04  3.39255775e+00 
 3.16528000e-04  3.39255619e+00 
 3.16628000e-04  3.39255745e+00 
 3.16728000e-04  3.39256209e+00 
 3.16828000e-04  3.39257082e+00 
 3.16928000e-04  3.39258447e+00 
 3.17028000e-04  3.39260403e+00 
 3.17128000e-04  3.39263070e+00 
 3.17228000e-04  3.39266594e+00 
 3.17328000e-04  3.39271145e+00 
 3.17428000e-04  3.39276932e+00 
 3.17528000e-04  3.39284201e+00 
 3.17628000e-04  3.39293248e+00 
 3.17728000e-04  3.39304426e+00 
 3.17828000e-04  3.39318152e+00 
 3.17928000e-04  3.39334924e+00 
 3.18028000e-04  3.39355328e+00 
 3.18128000e-04  3.39380056e+00 
 3.18228000e-04  3.39409920e+00 
 3.18328000e-04  3.39445863e+00 
 3.18428000e-04  3.39488983e+00 
 3.18528000e-04  3.39540538e+00 
 3.18628000e-04  3.39601967e+00 
 3.18728000e-04  3.39674893e+00 
 3.18828000e-04  3.39761127e+00 
 3.18928000e-04  3.39862666e+00 
 3.19028000e-04  3.39981675e+00 
 3.19128000e-04  3.40120463e+00 
 3.19228000e-04  3.40281447e+00 
 3.19328000e-04  3.40467099e+00 
 3.19428000e-04  3.40679886e+00 
 3.19528000e-04  3.40922203e+00 
 3.19628000e-04  3.41196303e+00 
 3.19728000e-04  3.41504222e+00 
 3.19828000e-04  3.41847723e+00 
 3.19928000e-04  3.42228240e+00 
 3.20028000e-04  3.42646846e+00 
 3.20128000e-04  3.43104236e+00 
 3.20228000e-04  3.43600725e+00 
 3.20328000e-04  3.44136266e+00 
 3.20428000e-04  3.44710479e+00 
 3.20528000e-04  3.45322689e+00 
 3.20628000e-04  3.45971972e+00 
 3.20728000e-04  3.46657199e+00 
 3.20828000e-04  3.47377088e+00 
 3.20928000e-04  3.48130242e+00 
 3.21028000e-04  3.48915189e+00 
 3.21128000e-04  3.49730420e+00 
 3.21228000e-04  3.50574414e+00 
 3.21328000e-04  3.51445661e+00 
 3.21428000e-04  3.52342682e+00 
 3.21528000e-04  3.52435800e+00 
 3.21628000e-04  3.51723605e+00 
 3.21728000e-04  3.51037687e+00 
 3.21828000e-04  3.50382595e+00 
 3.21928000e-04  3.49759669e+00 
 3.22028000e-04  3.49170429e+00 
 3.22128000e-04  3.48616239e+00 
 3.22228000e-04  3.48098247e+00 
 3.22328000e-04  3.47617318e+00 
 3.22428000e-04  3.47173963e+00 
 3.22528000e-04  3.46768284e+00 
 3.22628000e-04  3.46399921e+00 
 3.22728000e-04  3.46068042e+00 
 3.22828000e-04  3.45771350e+00 
 3.22928000e-04  3.45508121e+00 
 3.23028000e-04  3.45276278e+00 
 3.23128000e-04  3.45073473e+00 
 3.23228000e-04  3.44897190e+00 
 3.23328000e-04  3.44744837e+00 
 3.23428000e-04  3.44613838e+00 
 3.23528000e-04  3.44501703e+00 
 3.23628000e-04  3.44406081e+00 
 3.23728000e-04  3.44324804e+00 
 3.23828000e-04  3.44255900e+00 
 3.23928000e-04  3.44197606e+00 
 3.24028000e-04  3.44148363e+00 
 3.24128000e-04  3.44106807e+00 
 3.24228000e-04  3.44071756e+00 
 3.24328000e-04  3.44042192e+00 
 3.24428000e-04  3.44017245e+00 
 3.24528000e-04  3.43996172e+00 
 3.24628000e-04  3.43978345e+00 
 3.24728000e-04  3.43963235e+00 
 3.24828000e-04  3.43950392e+00 
 3.24928000e-04  3.43939443e+00 
 3.25028000e-04  3.43930072e+00 
 3.25128000e-04  3.43922016e+00 
 3.25228000e-04  3.43915054e+00 
 3.25328000e-04  3.43909003e+00 
 3.25428000e-04  3.43903710e+00 
 3.25528000e-04  3.43899047e+00 
 3.25628000e-04  3.43894907e+00 
 3.25728000e-04  3.43891203e+00 
 3.25828000e-04  3.43887860e+00 
 3.25928000e-04  3.43884817e+00 
 3.26028000e-04  3.43882023e+00 
 3.26128000e-04  3.43879437e+00 
 3.26228000e-04  3.43877023e+00 
 3.26328000e-04  3.43874751e+00 
 3.26428000e-04  3.43872598e+00 
 3.26528000e-04  3.43870543e+00 
 3.26628000e-04  3.43868570e+00 
 3.26728000e-04  3.43866665e+00 
 3.26828000e-04  3.43864817e+00 
 3.26928000e-04  3.43863015e+00 
 3.27028000e-04  3.43861252e+00 
 3.27128000e-04  3.43859521e+00 
 3.27228000e-04  3.43857817e+00 
 3.27328000e-04  3.43856136e+00 
 3.27428000e-04  3.43854472e+00 
 3.27528000e-04  3.43852824e+00 
 3.27628000e-04  3.43851189e+00 
 3.27728000e-04  3.43849565e+00 
 3.27828000e-04  3.43847949e+00 
 3.27928000e-04  3.43846341e+00 
 3.28028000e-04  3.43844738e+00 
 3.28128000e-04  3.43843141e+00 
 3.28228000e-04  3.43841548e+00 
 3.28328000e-04  3.43839959e+00 
 3.28428000e-04  3.43838372e+00 
 3.28528000e-04  3.43836788e+00 
 3.28628000e-04  3.43835206e+00 
 3.28728000e-04  3.43833625e+00 
 3.28828000e-04  3.43832047e+00 
 3.28928000e-04  3.43830469e+00 
 3.29028000e-04  3.43828892e+00 
 3.29128000e-04  3.43827316e+00 
 3.29228000e-04  3.43825741e+00 
 3.29328000e-04  3.43824167e+00 
 3.29428000e-04  3.43822592e+00 
 3.29528000e-04  3.43821019e+00 
 3.29628000e-04  3.43819446e+00 
 3.29728000e-04  3.43817873e+00 
 3.29828000e-04  3.43816300e+00 
 3.29928000e-04  3.43814728e+00 
 3.30028000e-04  3.43813156e+00 
 3.30128000e-04  3.43811584e+00 
 3.30228000e-04  3.43810012e+00 
 3.30328000e-04  3.43808440e+00 
 3.30428000e-04  3.43806869e+00 
 3.30528000e-04  3.43805297e+00 
 3.30628000e-04  3.43803726e+00 
 3.30728000e-04  3.43802155e+00 
 3.30828000e-04  3.43800584e+00 
 3.30928000e-04  3.43799013e+00 
 3.31028000e-04  3.43797442e+00 
 3.31128000e-04  3.43795871e+00 
 3.31228000e-04  3.43794300e+00 
 3.31328000e-04  3.43792730e+00 
 3.31428000e-04  3.43791159e+00 
 3.31528000e-04  3.43789589e+00 
 3.31628000e-04  3.43788018e+00 
 3.31728000e-04  3.43786448e+00 
 3.31828000e-04  3.43784877e+00 
 3.31928000e-04  3.43783307e+00 
 3.32028000e-04  3.43781737e+00 
 3.32128000e-04  3.43780167e+00 
 3.32228000e-04  3.43778597e+00 
 3.32328000e-04  3.43777027e+00 
 3.32428000e-04  3.43775457e+00 
 3.32528000e-04  3.43773887e+00 
 3.32628000e-04  3.43772317e+00 
 3.32728000e-04  3.43770747e+00 
 3.32828000e-04  3.43769177e+00 
 3.32928000e-04  3.43767608e+00 
 3.33028000e-04  3.43766038e+00 
 3.33128000e-04  3.43764468e+00 
 3.33228000e-04  3.43762899e+00 
 3.33328000e-04  3.43761329e+00 
 3.33428000e-04  3.43759760e+00 
 3.33528000e-04  3.43758190e+00 
 3.33628000e-04  3.43756621e+00 
 3.33728000e-04  3.43755052e+00 
 3.33828000e-04  3.43753483e+00 
 3.33928000e-04  3.43751914e+00 
 3.34028000e-04  3.43750344e+00 
 3.34128000e-04  3.43748775e+00 
 3.34228000e-04  3.43747206e+00 
 3.34328000e-04  3.43745637e+00 
 3.34428000e-04  3.43744069e+00 
 3.34528000e-04  3.43742500e+00 
 3.34628000e-04  3.43740931e+00 
 3.34728000e-04  3.43739362e+00 
 3.34828000e-04  3.43737793e+00 
 3.34928000e-04  3.43736225e+00 
 3.35028000e-04  3.43734656e+00 
 3.35128000e-04  3.43733088e+00 
 3.35228000e-04  3.43731519e+00 
 3.35328000e-04  3.43729951e+00 
 3.35428000e-04  3.43728382e+00 
 3.35528000e-04  3.43726814e+00 
 3.35628000e-04  3.43725246e+00 
 3.35728000e-04  3.43723677e+00 
 3.35828000e-04  3.43722109e+00 
 3.35928000e-04  3.43720541e+00 
 3.36028000e-04  3.43718973e+00 
 3.36128000e-04  3.43717405e+00 
 3.36228000e-04  3.43715837e+00 
 3.36328000e-04  3.43714269e+00 
 3.36428000e-04  3.43712701e+00 
 3.36528000e-04  3.43711133e+00 
 3.36628000e-04  3.43709565e+00 
 3.36728000e-04  3.43707997e+00 
 3.36828000e-04  3.43706429e+00 
 3.36928000e-04  3.43704862e+00 
 3.37028000e-04  3.43703294e+00 
 3.37128000e-04  3.43701726e+00 
 3.37228000e-04  3.43700159e+00 
 3.37328000e-04  3.43698591e+00 
 3.37428000e-04  3.43697024e+00 
 3.37528000e-04  3.43695456e+00 
 3.37628000e-04  3.43693889e+00 
 3.37728000e-04  3.43692321e+00 
 3.37828000e-04  3.43690754e+00 
 3.37928000e-04  3.43689187e+00 
 3.38028000e-04  3.43687620e+00 
 3.38128000e-04  3.43686052e+00 
 3.38228000e-04  3.43684485e+00 
 3.38328000e-04  3.43682918e+00 
 3.38428000e-04  3.43681351e+00 
 3.38528000e-04  3.43679784e+00 
 3.38628000e-04  3.43678217e+00 
 3.38728000e-04  3.43676650e+00 
 3.38828000e-04  3.43675083e+00 
 3.38928000e-04  3.43673516e+00 
 3.39028000e-04  3.43671949e+00 
 3.39128000e-04  3.43670383e+00 
 3.39228000e-04  3.43668816e+00 
 3.39328000e-04  3.43667249e+00 
 3.39428000e-04  3.43665682e+00 
 3.39528000e-04  3.43664116e+00 
 3.39628000e-04  3.43662549e+00 
 3.39728000e-04  3.43660983e+00 
 3.39828000e-04  3.43659416e+00 
 3.39928000e-04  3.43657850e+00 
 3.40028000e-04  3.43656283e+00 
 3.40128000e-04  3.43654717e+00 
 3.40228000e-04  3.43653150e+00 
 3.40328000e-04  3.43651584e+00 
 3.40428000e-04  3.43650018e+00 
 3.40528000e-04  3.43648452e+00 
 3.40628000e-04  3.43646885e+00 
 3.40728000e-04  3.43645319e+00 
 3.40828000e-04  3.43643753e+00 
 3.40928000e-04  3.43642187e+00 
 3.41028000e-04  3.43640621e+00 
 3.41128000e-04  3.43639055e+00 
 3.41228000e-04  3.43637489e+00 
 3.41328000e-04  3.43635923e+00 
 3.41428000e-04  3.43634357e+00 
 3.41528000e-04  3.43632791e+00 
 3.41628000e-04  3.43631225e+00 
 3.41728000e-04  3.43629659e+00 
 3.41828000e-04  3.43628094e+00 
 3.41928000e-04  3.43626528e+00 
 3.42028000e-04  3.43624962e+00 
 3.42128000e-04  3.43623397e+00 
 3.42228000e-04  3.43621831e+00 
 3.42328000e-04  3.43620265e+00 
 3.42428000e-04  3.43618700e+00 
 3.42528000e-04  3.43617134e+00 
 3.42628000e-04  3.43615569e+00 
 3.42728000e-04  3.43614004e+00 
 3.42828000e-04  3.43612438e+00 
 3.42928000e-04  3.43610873e+00 
 3.43028000e-04  3.43609307e+00 
 3.43128000e-04  3.43607742e+00 
 3.43228000e-04  3.43606177e+00 
 3.43328000e-04  3.43604612e+00 
 3.43428000e-04  3.43603046e+00 
 3.43528000e-04  3.43601481e+00 
 3.43628000e-04  3.43599916e+00 
 3.43728000e-04  3.43598351e+00 
 3.43828000e-04  3.43596786e+00 
 3.43928000e-04  3.43595221e+00 
 3.44028000e-04  3.43593656e+00 
 3.44128000e-04  3.43592091e+00 
 3.44228000e-04  3.43590526e+00 
 3.44328000e-04  3.43588961e+00 
 3.44428000e-04  3.43587397e+00 
 3.44528000e-04  3.43585832e+00 
 3.44628000e-04  3.43584267e+00 
 3.44728000e-04  3.43582702e+00 
 3.44828000e-04  3.43581138e+00 
 3.44928000e-04  3.43579573e+00 
 3.45028000e-04  3.43578008e+00 
 3.45128000e-04  3.43576444e+00 
 3.45228000e-04  3.43574879e+00 
 3.45328000e-04  3.43573315e+00 
 3.45428000e-04  3.43571750e+00 
 3.45528000e-04  3.43570186e+00 
 3.45628000e-04  3.43568621e+00 
 3.45728000e-04  3.43567057e+00 
 3.45828000e-04  3.43565492e+00 
 3.45928000e-04  3.43563928e+00 
 3.46028000e-04  3.43562364e+00 
 3.46128000e-04  3.43560800e+00 
 3.46228000e-04  3.43559235e+00 
 3.46328000e-04  3.43557671e+00 
 3.46428000e-04  3.43556107e+00 
 3.46528000e-04  3.43554543e+00 
 3.46628000e-04  3.43552979e+00 
 3.46728000e-04  3.43551415e+00 
 3.46828000e-04  3.43549851e+00 
 3.46928000e-04  3.43548287e+00 
 3.47028000e-04  3.43546723e+00 
 3.47128000e-04  3.43545159e+00 
 3.47228000e-04  3.43543595e+00 
 3.47328000e-04  3.43542031e+00 
 3.47428000e-04  3.43540467e+00 
 3.47528000e-04  3.43538903e+00 
 3.47628000e-04  3.43537339e+00 
 3.47728000e-04  3.43535776e+00 
 3.47828000e-04  3.43534212e+00 
 3.47928000e-04  3.43532648e+00 
 3.48028000e-04  3.43531085e+00 
 3.48128000e-04  3.43529521e+00 
 3.48228000e-04  3.43527958e+00 
 3.48328000e-04  3.43526394e+00 
 3.48428000e-04  3.43524830e+00 
 3.48528000e-04  3.43523267e+00 
 3.48628000e-04  3.43521703e+00 
 3.48728000e-04  3.43520140e+00 
 3.48828000e-04  3.43518577e+00 
 3.48928000e-04  3.43517013e+00 
 3.49028000e-04  3.43515450e+00 
 3.49128000e-04  3.43513887e+00 
 3.49228000e-04  3.43512323e+00 
 3.49328000e-04  3.43510760e+00 
 3.49428000e-04  3.43509197e+00 
 3.49528000e-04  3.43507634e+00 
 3.49628000e-04  3.43506071e+00 
 3.49728000e-04  3.43504508e+00 
 3.49828000e-04  3.43502945e+00 
 3.49928000e-04  3.43501381e+00 
 3.50028000e-04  3.43499818e+00 
 3.50128000e-04  3.43498255e+00 
 3.50228000e-04  3.43496692e+00 
 3.50328000e-04  3.43495130e+00 
 3.50428000e-04  3.43493567e+00 
 3.50528000e-04  3.43492004e+00 
 3.50628000e-04  3.43490441e+00 
 3.50728000e-04  3.43488878e+00 
 3.50828000e-04  3.43487315e+00 
 3.50928000e-04  3.43485753e+00 
 3.51028000e-04  3.43484190e+00 
 3.51128000e-04  3.43482627e+00 
 3.51228000e-04  3.43481065e+00 
 3.51328000e-04  3.43479502e+00 
 3.51428000e-04  3.43477939e+00 
 3.51528000e-04  3.43476377e+00 
 3.51628000e-04  3.43474814e+00 
 3.51728000e-04  3.43473252e+00 
 3.51828000e-04  3.43471689e+00 
 3.51928000e-04  3.43470127e+00 
 3.52028000e-04  3.43468564e+00 
 3.52128000e-04  3.43467002e+00 
 3.52228000e-04  3.43465440e+00 
 3.52328000e-04  3.43463877e+00 
 3.52428000e-04  3.43462315e+00 
 3.52528000e-04  3.43460753e+00 
 3.52628000e-04  3.43459191e+00 
 3.52728000e-04  3.43457628e+00 
 3.52828000e-04  3.43456066e+00 
 3.52928000e-04  3.43454504e+00 
 3.53028000e-04  3.43452942e+00 
 3.53128000e-04  3.43451380e+00 
 3.53228000e-04  3.43449818e+00 
 3.53328000e-04  3.43448256e+00 
 3.53428000e-04  3.43446694e+00 
 3.53528000e-04  3.43445132e+00 
 3.53628000e-04  3.43443570e+00 
 3.53728000e-04  3.43442008e+00 
 3.53828000e-04  3.43440446e+00 
 3.53928000e-04  3.43438884e+00 
 3.54028000e-04  3.43437323e+00 
 3.54128000e-04  3.43435761e+00 
 3.54228000e-04  3.43434199e+00 
 3.54328000e-04  3.43432637e+00 
 3.54428000e-04  3.43431076e+00 
 3.54528000e-04  3.43429514e+00 
 3.54628000e-04  3.43427952e+00 
 3.54728000e-04  3.43426391e+00 
 3.54828000e-04  3.43424829e+00 
 3.54928000e-04  3.43423268e+00 
 3.55028000e-04  3.43421706e+00 
 3.55128000e-04  3.43420145e+00 
 3.55228000e-04  3.43418583e+00 
 3.55328000e-04  3.43417022e+00 
 3.55428000e-04  3.43415461e+00 
 3.55528000e-04  3.43413899e+00 
 3.55628000e-04  3.43412338e+00 
 3.55728000e-04  3.43410777e+00 
 3.55828000e-04  3.43409215e+00 
 3.55928000e-04  3.43407654e+00 
 3.56028000e-04  3.43406093e+00 
 3.56128000e-04  3.43404532e+00 
 3.56228000e-04  3.43402971e+00 
 3.56328000e-04  3.43401409e+00 
 3.56428000e-04  3.43399848e+00 
 3.56528000e-04  3.43398287e+00 
 3.56628000e-04  3.43396726e+00 
 3.56728000e-04  3.43395165e+00 
 3.56828000e-04  3.43393604e+00 
 3.56928000e-04  3.43392043e+00 
 3.57028000e-04  3.43390483e+00 
 3.57128000e-04  3.43388922e+00 
 3.57228000e-04  3.43387361e+00 
 3.57328000e-04  3.43385800e+00 
 3.57428000e-04  3.43384239e+00 
 3.57528000e-04  3.43382678e+00 
 3.57628000e-04  3.43381118e+00 
 3.57728000e-04  3.43379557e+00 
 3.57828000e-04  3.43377996e+00 
 3.57928000e-04  3.43376436e+00 
 3.58028000e-04  3.43374875e+00 
 3.58128000e-04  3.43373315e+00 
 3.58228000e-04  3.43371754e+00 
 3.58328000e-04  3.43370194e+00 
 3.58428000e-04  3.43368633e+00 
 3.58528000e-04  3.43367073e+00 
 3.58628000e-04  3.43365512e+00 
 3.58728000e-04  3.43363952e+00 
 3.58828000e-04  3.43362391e+00 
 3.58928000e-04  3.43360831e+00 
 3.59028000e-04  3.43359271e+00 
 3.59128000e-04  3.43357711e+00 
 3.59228000e-04  3.43356150e+00 
 3.59328000e-04  3.43354590e+00 
 3.59428000e-04  3.43353030e+00 
 3.59528000e-04  3.43351470e+00 
 3.59628000e-04  3.43349910e+00 
 3.59728000e-04  3.43348350e+00 
 3.59828000e-04  3.43346789e+00 
 3.59928000e-04  3.43345229e+00 
 3.60028000e-04  3.43343669e+00 
 3.60128000e-04  3.43342109e+00 
 3.60228000e-04  3.43340549e+00 
 3.60328000e-04  3.43338990e+00 
 3.60428000e-04  3.43337430e+00 
 3.60528000e-04  3.43335870e+00 
 3.60628000e-04  3.43334310e+00 
 3.60728000e-04  3.43332750e+00 
 3.60828000e-04  3.43331190e+00 
 3.60928000e-04  3.43329631e+00 
 3.61028000e-04  3.43328071e+00 
 3.61128000e-04  3.43326511e+00 
 3.61228000e-04  3.43324952e+00 
 3.61328000e-04  3.43323392e+00 
 3.61428000e-04  3.43321833e+00 
 3.61528000e-04  3.43320273e+00 
 3.61628000e-04  3.43318713e+00 
 3.61728000e-04  3.43317154e+00 
 3.61828000e-04  3.43315595e+00 
 3.61928000e-04  3.43314035e+00 
 3.62028000e-04  3.43312476e+00 
 3.62128000e-04  3.43310916e+00 
 3.62228000e-04  3.43309357e+00 
 3.62328000e-04  3.43307798e+00 
 3.62428000e-04  3.43306238e+00 
 3.62528000e-04  3.43304679e+00 
 3.62628000e-04  3.43303120e+00 
 3.62728000e-04  3.43301561e+00 
 3.62828000e-04  3.43300002e+00 
 3.62928000e-04  3.43298442e+00 
 3.63028000e-04  3.43296883e+00 
 3.63128000e-04  3.43295324e+00 
 3.63228000e-04  3.43293765e+00 
 3.63328000e-04  3.43292206e+00 
 3.63428000e-04  3.43290647e+00 
 3.63528000e-04  3.43289088e+00 
 3.63628000e-04  3.43287530e+00 
 3.63728000e-04  3.43285971e+00 
 3.63828000e-04  3.43284412e+00 
 3.63928000e-04  3.43282853e+00 
 3.64028000e-04  3.43281294e+00 
 3.64128000e-04  3.43279735e+00 
 3.64228000e-04  3.43278177e+00 
 3.64328000e-04  3.43276618e+00 
 3.64428000e-04  3.43275059e+00 
 3.64528000e-04  3.43273501e+00 
 3.64628000e-04  3.43271942e+00 
 3.64728000e-04  3.43270384e+00 
 3.64828000e-04  3.43268825e+00 
 3.64928000e-04  3.43267267e+00 
 3.65028000e-04  3.43265708e+00 
 3.65128000e-04  3.43264150e+00 
 3.65228000e-04  3.43262591e+00 
 3.65328000e-04  3.43261033e+00 
 3.65428000e-04  3.43259475e+00 
 3.65528000e-04  3.43257916e+00 
 3.65628000e-04  3.43256358e+00 
 3.65728000e-04  3.43254800e+00 
 3.65828000e-04  3.43253242e+00 
 3.65928000e-04  3.43251683e+00 
 3.66028000e-04  3.43250125e+00 
 3.66128000e-04  3.43248567e+00 
 3.66228000e-04  3.43247009e+00 
 3.66328000e-04  3.43245451e+00 
 3.66428000e-04  3.43243893e+00 
 3.66528000e-04  3.43242335e+00 
 3.66628000e-04  3.43240777e+00 
 3.66728000e-04  3.43239219e+00 
 3.66828000e-04  3.43237661e+00 
 3.66928000e-04  3.43236103e+00 
 3.67028000e-04  3.43234546e+00 
 3.67128000e-04  3.43232988e+00 
 3.67228000e-04  3.43231430e+00 
 3.67328000e-04  3.43229872e+00 
 3.67428000e-04  3.43228315e+00 
 3.67528000e-04  3.43226757e+00 
 3.67628000e-04  3.43225199e+00 
 3.67728000e-04  3.43223642e+00 
 3.67828000e-04  3.43222084e+00 
 3.67928000e-04  3.43220527e+00 
 3.68028000e-04  3.43218969e+00 
 3.68128000e-04  3.43217412e+00 
 3.68228000e-04  3.43215854e+00 
 3.68328000e-04  3.43214297e+00 
 3.68428000e-04  3.43212740e+00 
 3.68528000e-04  3.43211182e+00 
 3.68628000e-04  3.43209625e+00 
 3.68728000e-04  3.43208068e+00 
 3.68828000e-04  3.43206510e+00 
 3.68928000e-04  3.43204953e+00 
 3.69028000e-04  3.43203396e+00 
 3.69128000e-04  3.43201839e+00 
 3.69228000e-04  3.43200282e+00 
 3.69328000e-04  3.43198725e+00 
 3.69428000e-04  3.43197168e+00 
 3.69528000e-04  3.43195611e+00 
 3.69628000e-04  3.43194054e+00 
 3.69728000e-04  3.43192497e+00 
 3.69828000e-04  3.43190940e+00 
 3.69928000e-04  3.43189383e+00 
 3.70028000e-04  3.43187826e+00 
 3.70128000e-04  3.43186270e+00 
 3.70228000e-04  3.43184713e+00 
 3.70328000e-04  3.43183156e+00 
 3.70428000e-04  3.43181599e+00 
 3.70528000e-04  3.43180043e+00 
 3.70628000e-04  3.43178486e+00 
 3.70728000e-04  3.43176930e+00 
 3.70828000e-04  3.43175373e+00 
 3.70928000e-04  3.43173816e+00 
 3.71028000e-04  3.43172260e+00 
 3.71128000e-04  3.43170704e+00 
 3.71228000e-04  3.43169147e+00 
 3.71328000e-04  3.43167591e+00 
 3.71428000e-04  3.43166034e+00 
 3.71528000e-04  3.43164478e+00 
 3.71628000e-04  3.43162922e+00 
 3.71728000e-04  3.43161366e+00 
 3.71828000e-04  3.43159809e+00 
 3.71928000e-04  3.43158253e+00 
 3.72028000e-04  3.43156697e+00 
 3.72128000e-04  3.43155141e+00 
 3.72228000e-04  3.43153585e+00 
 3.72328000e-04  3.43152029e+00 
 3.72428000e-04  3.43150473e+00 
 3.72528000e-04  3.43148917e+00 
 3.72628000e-04  3.43147361e+00 
 3.72728000e-04  3.43145805e+00 
 3.72828000e-04  3.43144250e+00 
 3.72928000e-04  3.43142694e+00 
 3.73028000e-04  3.43141138e+00 
 3.73128000e-04  3.43139582e+00 
 3.73228000e-04  3.43138027e+00 
 3.73328000e-04  3.43136471e+00 
 3.73428000e-04  3.43134915e+00 
 3.73528000e-04  3.43133360e+00 
 3.73628000e-04  3.43131804e+00 
 3.73728000e-04  3.43130249e+00 
 3.73828000e-04  3.43128693e+00 
 3.73928000e-04  3.43127138e+00 
 3.74028000e-04  3.43125583e+00 
 3.74128000e-04  3.43124027e+00 
 3.74228000e-04  3.43122472e+00 
 3.74328000e-04  3.43120917e+00 
 3.74428000e-04  3.43119362e+00 
 3.74528000e-04  3.43117806e+00 
 3.74628000e-04  3.43116251e+00 
 3.74728000e-04  3.43114696e+00 
 3.74828000e-04  3.43113141e+00 
 3.74928000e-04  3.43111586e+00 
 3.75028000e-04  3.43110031e+00 
 3.75128000e-04  3.43108476e+00 
 3.75228000e-04  3.43106921e+00 
 3.75328000e-04  3.43105366e+00 
 3.75428000e-04  3.43103812e+00 
 3.75528000e-04  3.43102257e+00 
 3.75628000e-04  3.43100702e+00 
 3.75728000e-04  3.43099147e+00 
 3.75828000e-04  3.43097593e+00 
 3.75928000e-04  3.43096038e+00 
 3.76028000e-04  3.43094483e+00 
 3.76128000e-04  3.43092929e+00 
 3.76228000e-04  3.43091374e+00 
 3.76328000e-04  3.43089820e+00 
 3.76428000e-04  3.43088266e+00 
 3.76528000e-04  3.43086711e+00 
 3.76628000e-04  3.43085157e+00 
 3.76728000e-04  3.43083603e+00 
 3.76828000e-04  3.43082048e+00 
 3.76928000e-04  3.43080494e+00 
 3.77028000e-04  3.43078940e+00 
 3.77128000e-04  3.43077386e+00 
 3.77228000e-04  3.43075832e+00 
 3.77328000e-04  3.43074278e+00 
 3.77428000e-04  3.43072724e+00 
 3.77528000e-04  3.43071170e+00 
 3.77628000e-04  3.43069616e+00 
 3.77728000e-04  3.43068062e+00 
 3.77828000e-04  3.43066508e+00 
 3.77928000e-04  3.43064955e+00 
 3.78028000e-04  3.43063401e+00 
 3.78128000e-04  3.43061847e+00 
 3.78228000e-04  3.43060294e+00 
 3.78328000e-04  3.43058740e+00 
 3.78428000e-04  3.43057187e+00 
 3.78528000e-04  3.43055633e+00 
 3.78628000e-04  3.43054080e+00 
 3.78728000e-04  3.43052526e+00 
 3.78828000e-04  3.43050973e+00 
 3.78928000e-04  3.43049420e+00 
 3.79028000e-04  3.43047866e+00 
 3.79128000e-04  3.43046313e+00 
 3.79228000e-04  3.43044760e+00 
 3.79328000e-04  3.43043207e+00 
 3.79428000e-04  3.43041654e+00 
 3.79528000e-04  3.43040101e+00 
 3.79628000e-04  3.43038548e+00 
 3.79728000e-04  3.43036995e+00 
 3.79828000e-04  3.43035442e+00 
 3.79928000e-04  3.43033889e+00 
 3.80028000e-04  3.43032337e+00 
 3.80128000e-04  3.43030784e+00 
 3.80228000e-04  3.43029231e+00 
 3.80328000e-04  3.43027679e+00 
 3.80428000e-04  3.43026126e+00 
 3.80528000e-04  3.43024574e+00 
 3.80628000e-04  3.43023021e+00 
 3.80728000e-04  3.43021469e+00 
 3.80828000e-04  3.43019916e+00 
 3.80928000e-04  3.43018364e+00 
 3.81028000e-04  3.43016812e+00 
 3.81128000e-04  3.43015260e+00 
 3.81228000e-04  3.43013708e+00 
 3.81328000e-04  3.43012156e+00 
 3.81428000e-04  3.43010604e+00 
 3.81528000e-04  3.43009052e+00 
 3.81628000e-04  3.43007500e+00 
 3.81728000e-04  3.43005948e+00 
 3.81828000e-04  3.43004396e+00 
 3.81928000e-04  3.43002844e+00 
 3.82028000e-04  3.43001293e+00 
 3.82128000e-04  3.42999741e+00 
 3.82228000e-04  3.42998190e+00 
 3.82328000e-04  3.42996638e+00 
 3.82428000e-04  3.42995087e+00 
 3.82528000e-04  3.42993535e+00 
 3.82628000e-04  3.42991984e+00 
 3.82728000e-04  3.42990433e+00 
 3.82828000e-04  3.42988882e+00 
 3.82928000e-04  3.42987331e+00 
 3.83028000e-04  3.42985780e+00 
 3.83128000e-04  3.42984229e+00 
 3.83228000e-04  3.42982678e+00 
 3.83328000e-04  3.42981127e+00 
 3.83428000e-04  3.42979577e+00 
 3.83528000e-04  3.42978026e+00 
 3.83628000e-04  3.42976476e+00 
 3.83728000e-04  3.42974925e+00 
 3.83828000e-04  3.42973375e+00 
 3.83928000e-04  3.42971825e+00 
 3.84028000e-04  3.42970275e+00 
 3.84128000e-04  3.42968726e+00 
 3.84228000e-04  3.42967176e+00 
 3.84328000e-04  3.42965627e+00 
 3.84428000e-04  3.42964078e+00 
 3.84528000e-04  3.42962529e+00 
 3.84628000e-04  3.42960981e+00 
 3.84728000e-04  3.42959433e+00 
 3.84828000e-04  3.42957886e+00 
 3.84928000e-04  3.42956339e+00 
 3.85028000e-04  3.42954793e+00 
 3.85128000e-04  3.42953247e+00 
 3.85228000e-04  3.42951703e+00 
 3.85328000e-04  3.42950160e+00 
 3.85428000e-04  3.42948618e+00 
 3.85528000e-04  3.42947078e+00 
 3.85628000e-04  3.42945539e+00 
 3.85728000e-04  3.42944003e+00 
 3.85828000e-04  3.42942470e+00 
 3.85928000e-04  3.42940940e+00 
 3.86028000e-04  3.42939414e+00 
 3.86128000e-04  3.42937893e+00 
 3.86228000e-04  3.42936378e+00 
 3.86328000e-04  3.42934869e+00 
 3.86428000e-04  3.42933369e+00 
 3.86528000e-04  3.42931880e+00 
 3.86628000e-04  3.42930402e+00 
 3.86728000e-04  3.42928938e+00 
 3.86828000e-04  3.42927493e+00 
 3.86928000e-04  3.42926068e+00 
 3.87028000e-04  3.42924669e+00 
 3.87128000e-04  3.42923301e+00 
 3.87228000e-04  3.42921970e+00 
 3.87328000e-04  3.42920683e+00 
 3.87428000e-04  3.42919450e+00 
 3.87528000e-04  3.42918282e+00 
 3.87628000e-04  3.42917191e+00 
 3.87728000e-04  3.42916195e+00 
 3.87828000e-04  3.42915311e+00 
 3.87928000e-04  3.42914564e+00 
 3.88028000e-04  3.42913982e+00 
 3.88128000e-04  3.42913597e+00 
 3.88228000e-04  3.42913450e+00 
 3.88328000e-04  3.42913591e+00 
 3.88428000e-04  3.42914077e+00 
 3.88528000e-04  3.42914979e+00 
 3.88628000e-04  3.42916382e+00 
 3.88728000e-04  3.42918388e+00 
 3.88828000e-04  3.42921119e+00 
 3.88928000e-04  3.42924722e+00 
 3.89028000e-04  3.42929373e+00 
 3.89128000e-04  3.42935281e+00 
 3.89228000e-04  3.42942701e+00 
 3.89328000e-04  3.42951931e+00 
 3.89428000e-04  3.42963331e+00 
 3.89528000e-04  3.42977326e+00 
 3.89628000e-04  3.42994422e+00 
 3.89728000e-04  3.43015216e+00 
 3.89828000e-04  3.43040412e+00 
 3.89928000e-04  3.43070832e+00 
 3.90028000e-04  3.43107437e+00 
 3.90128000e-04  3.43151338e+00 
 3.90228000e-04  3.43203814e+00 
 3.90328000e-04  3.43266319e+00 
 3.90428000e-04  3.43340499e+00 
 3.90528000e-04  3.43428181e+00 
 3.90628000e-04  3.43531382e+00 
 3.90728000e-04  3.43652281e+00 
 3.90828000e-04  3.43793204e+00 
 3.90928000e-04  3.43956572e+00 
 3.91028000e-04  3.44144861e+00 
 3.91128000e-04  3.44360534e+00 
 3.91228000e-04  3.44605977e+00 
 3.91328000e-04  3.44883420e+00 
 3.91428000e-04  3.45194877e+00 
 3.91528000e-04  3.45542078e+00 
 3.91628000e-04  3.45926423e+00 
 3.91728000e-04  3.46348946e+00 
 3.91828000e-04  3.46810302e+00 
 3.91928000e-04  3.47310771e+00 
 3.92028000e-04  3.47850268e+00 
 3.92128000e-04  3.48428382e+00 
 3.92228000e-04  3.49044410e+00 
 3.92328000e-04  3.49697405e+00 
 3.92428000e-04  3.50386221e+00 
 3.92528000e-04  3.51109561e+00 
 3.92628000e-04  3.51866019e+00 
 3.92728000e-04  3.52654119e+00 
 3.92828000e-04  3.53472349e+00 
 3.92928000e-04  3.53751613e+00 
 3.93028000e-04  3.53277898e+00 
 3.93128000e-04  3.52631943e+00 
 3.93228000e-04  3.52029177e+00 
 3.93328000e-04  3.51460190e+00 
 3.93428000e-04  3.50927024e+00 
 3.93528000e-04  3.50430591e+00 
 3.93628000e-04  3.49971568e+00 
 3.93728000e-04  3.49550230e+00 
 3.93828000e-04  3.49166415e+00 
 3.93928000e-04  3.48819487e+00 
 3.94028000e-04  3.48508339e+00 
 3.94128000e-04  3.48231418e+00 
 3.94228000e-04  3.47986784e+00 
 3.94328000e-04  3.47772191e+00 
 3.94428000e-04  3.47585180e+00 
 3.94528000e-04  3.47423180e+00 
 3.94628000e-04  3.47283598e+00 
 3.94728000e-04  3.47163900e+00 
 3.94828000e-04  3.47061673e+00 
 3.94928000e-04  3.46974669e+00 
 3.95028000e-04  3.46900833e+00 
 3.95128000e-04  3.46838316e+00 
 3.95228000e-04  3.46785473e+00 
 3.95328000e-04  3.46740861e+00 
 3.95428000e-04  3.46703225e+00 
 3.95528000e-04  3.46671481e+00 
 3.95628000e-04  3.46644699e+00 
 3.95728000e-04  3.46622085e+00 
 3.95828000e-04  3.46602966e+00 
 3.95928000e-04  3.46586772e+00 
 3.96028000e-04  3.46573024e+00 
 3.96128000e-04  3.46561317e+00 
 3.96228000e-04  3.46551312e+00 
 3.96328000e-04  3.46542726e+00 
 3.96428000e-04  3.46535321e+00 
 3.96528000e-04  3.46528900e+00 
 3.96628000e-04  3.46523297e+00 
 3.96728000e-04  3.46518373e+00 
 3.96828000e-04  3.46514016e+00 
 3.96928000e-04  3.46510128e+00 
 3.97028000e-04  3.46506631e+00 
 3.97128000e-04  3.46503458e+00 
 3.97228000e-04  3.46500554e+00 
 3.97328000e-04  3.46497874e+00 
 3.97428000e-04  3.46495380e+00 
 3.97528000e-04  3.46493040e+00 
 3.97628000e-04  3.46490829e+00 
 3.97728000e-04  3.46488723e+00 
 3.97828000e-04  3.46486706e+00 
 3.97928000e-04  3.46484763e+00 
 3.98028000e-04  3.46482880e+00 
 3.98128000e-04  3.46481048e+00 
 3.98228000e-04  3.46479258e+00 
 3.98328000e-04  3.46477502e+00 
 3.98428000e-04  3.46475776e+00 
 3.98528000e-04  3.46474073e+00 
 3.98628000e-04  3.46472391e+00 
 3.98728000e-04  3.46470725e+00 
 3.98828000e-04  3.46469073e+00 
 3.98928000e-04  3.46467433e+00 
 3.99028000e-04  3.46465801e+00 
 3.99128000e-04  3.46464178e+00 
 3.99228000e-04  3.46462562e+00 
 3.99328000e-04  3.46460950e+00 
 3.99428000e-04  3.46459344e+00 
 3.99528000e-04  3.46457741e+00 
 3.99628000e-04  3.46456141e+00 
 3.99728000e-04  3.46454544e+00 
 3.99828000e-04  3.46452950e+00 
 3.99928000e-04  3.46451357e+00 
 4.00028000e-04  3.46449765e+00 
 4.00128000e-04  3.46448175e+00 
 4.00228000e-04  3.46446586e+00 
 4.00328000e-04  3.46444998e+00 
 4.00428000e-04  3.46443411e+00 
 4.00528000e-04  3.46441824e+00 
 4.00628000e-04  3.46440238e+00 
 4.00728000e-04  3.46438652e+00 
 4.00828000e-04  3.46437067e+00 
 4.00928000e-04  3.46435482e+00 
 4.01028000e-04  3.46433897e+00 
 4.01128000e-04  3.46432313e+00 
 4.01228000e-04  3.46430729e+00 
 4.01328000e-04  3.46429145e+00 
 4.01428000e-04  3.46427561e+00 
 4.01528000e-04  3.46425977e+00 
 4.01628000e-04  3.46424394e+00 
 4.01728000e-04  3.46422810e+00 
 4.01828000e-04  3.46421227e+00 
 4.01928000e-04  3.46419644e+00 
 4.02028000e-04  3.46418061e+00 
 4.02128000e-04  3.46416478e+00 
 4.02228000e-04  3.46414895e+00 
 4.02328000e-04  3.46413313e+00 
 4.02428000e-04  3.46411730e+00 
 4.02528000e-04  3.46410147e+00 
 4.02628000e-04  3.46408565e+00 
 4.02728000e-04  3.46406982e+00 
 4.02828000e-04  3.46405400e+00 
 4.02928000e-04  3.46403817e+00 
 4.03028000e-04  3.46402235e+00 
 4.03128000e-04  3.46400653e+00 
 4.03228000e-04  3.46399071e+00 
 4.03328000e-04  3.46397489e+00 
 4.03428000e-04  3.46395907e+00 
 4.03528000e-04  3.46394325e+00 
 4.03628000e-04  3.46392743e+00 
 4.03728000e-04  3.46391161e+00 
 4.03828000e-04  3.46389579e+00 
 4.03928000e-04  3.46387998e+00 
 4.04028000e-04  3.46386416e+00 
 4.04128000e-04  3.46384834e+00 
 4.04228000e-04  3.46383253e+00 
 4.04328000e-04  3.46381671e+00 
 4.04428000e-04  3.46380090e+00 
 4.04528000e-04  3.46378508e+00 
 4.04628000e-04  3.46376927e+00 
 4.04728000e-04  3.46375346e+00 
 4.04828000e-04  3.46373764e+00 
 4.04928000e-04  3.46372183e+00 
 4.05028000e-04  3.46370602e+00 
 4.05128000e-04  3.46369021e+00 
 4.05228000e-04  3.46367440e+00 
 4.05328000e-04  3.46365859e+00 
 4.05428000e-04  3.46364278e+00 
 4.05528000e-04  3.46362697e+00 
 4.05628000e-04  3.46361116e+00 
 4.05728000e-04  3.46359535e+00 
 4.05828000e-04  3.46357955e+00 
 4.05928000e-04  3.46356374e+00 
 4.06028000e-04  3.46354793e+00 
 4.06128000e-04  3.46353213e+00 
 4.06228000e-04  3.46351632e+00 
 4.06328000e-04  3.46350052e+00 
 4.06428000e-04  3.46348471e+00 
 4.06528000e-04  3.46346891e+00 
 4.06628000e-04  3.46345311e+00 
 4.06728000e-04  3.46343730e+00 
 4.06828000e-04  3.46342150e+00 
 4.06928000e-04  3.46340570e+00 
 4.07028000e-04  3.46338990e+00 
 4.07128000e-04  3.46337410e+00 
 4.07228000e-04  3.46335830e+00 
 4.07328000e-04  3.46334249e+00 
 4.07428000e-04  3.46332670e+00 
 4.07528000e-04  3.46331090e+00 
 4.07628000e-04  3.46329510e+00 
 4.07728000e-04  3.46327930e+00 
 4.07828000e-04  3.46326350e+00 
 4.07928000e-04  3.46324770e+00 
 4.08028000e-04  3.46323191e+00 
 4.08128000e-04  3.46321611e+00 
 4.08228000e-04  3.46320031e+00 
 4.08328000e-04  3.46318452e+00 
 4.08428000e-04  3.46316872e+00 
 4.08528000e-04  3.46315293e+00 
 4.08628000e-04  3.46313713e+00 
 4.08728000e-04  3.46312134e+00 
 4.08828000e-04  3.46310555e+00 
 4.08928000e-04  3.46308975e+00 
 4.09028000e-04  3.46307396e+00 
 4.09128000e-04  3.46305817e+00 
 4.09228000e-04  3.46304238e+00 
 4.09328000e-04  3.46302658e+00 
 4.09428000e-04  3.46301079e+00 
 4.09528000e-04  3.46299500e+00 
 4.09628000e-04  3.46297921e+00 
 4.09728000e-04  3.46296342e+00 
 4.09828000e-04  3.46294763e+00 
 4.09928000e-04  3.46293184e+00 
 4.10028000e-04  3.46291606e+00 
 4.10128000e-04  3.46290027e+00 
 4.10228000e-04  3.46288448e+00 
 4.10328000e-04  3.46286869e+00 
 4.10428000e-04  3.46285291e+00 
 4.10528000e-04  3.46283712e+00 
 4.10628000e-04  3.46282133e+00 
 4.10728000e-04  3.46280555e+00 
 4.10828000e-04  3.46278976e+00 
 4.10928000e-04  3.46277398e+00 
 4.11028000e-04  3.46275819e+00 
 4.11128000e-04  3.46274241e+00 
 4.11228000e-04  3.46272662e+00 
 4.11328000e-04  3.46271084e+00 
 4.11428000e-04  3.46269506e+00 
 4.11528000e-04  3.46267928e+00 
 4.11628000e-04  3.46266349e+00 
 4.11728000e-04  3.46264771e+00 
 4.11828000e-04  3.46263193e+00 
 4.11928000e-04  3.46261615e+00 
 4.12028000e-04  3.46260037e+00 
 4.12128000e-04  3.46258459e+00 
 4.12228000e-04  3.46256881e+00 
 4.12328000e-04  3.46255303e+00 
 4.12428000e-04  3.46253725e+00 
 4.12528000e-04  3.46252147e+00 
 4.12628000e-04  3.46250569e+00 
 4.12728000e-04  3.46248991e+00 
 4.12828000e-04  3.46247413e+00 
 4.12928000e-04  3.46245836e+00 
 4.13028000e-04  3.46244258e+00 
 4.13128000e-04  3.46242680e+00 
 4.13228000e-04  3.46241103e+00 
 4.13328000e-04  3.46239525e+00 
 4.13428000e-04  3.46237948e+00 
 4.13528000e-04  3.46236370e+00 
 4.13628000e-04  3.46234793e+00 
 4.13728000e-04  3.46233215e+00 
 4.13828000e-04  3.46231638e+00 
 4.13928000e-04  3.46230060e+00 
 4.14028000e-04  3.46228483e+00 
 4.14128000e-04  3.46226906e+00 
 4.14228000e-04  3.46225328e+00 
 4.14328000e-04  3.46223751e+00 
 4.14428000e-04  3.46222174e+00 
 4.14528000e-04  3.46220597e+00 
 4.14628000e-04  3.46219020e+00 
 4.14728000e-04  3.46217443e+00 
 4.14828000e-04  3.46215865e+00 
 4.14928000e-04  3.46214288e+00 
 4.15028000e-04  3.46212711e+00 
 4.15128000e-04  3.46211135e+00 
 4.15228000e-04  3.46209558e+00 
 4.15328000e-04  3.46207981e+00 
 4.15428000e-04  3.46206404e+00 
 4.15528000e-04  3.46204827e+00 
 4.15628000e-04  3.46203250e+00 
 4.15728000e-04  3.46201674e+00 
 4.15828000e-04  3.46200097e+00 
 4.15928000e-04  3.46198520e+00 
 4.16028000e-04  3.46196943e+00 
 4.16128000e-04  3.46195367e+00 
 4.16228000e-04  3.46193790e+00 
 4.16328000e-04  3.46192214e+00 
 4.16428000e-04  3.46190637e+00 
 4.16528000e-04  3.46189061e+00 
 4.16628000e-04  3.46187484e+00 
 4.16728000e-04  3.46185908e+00 
 4.16828000e-04  3.46184332e+00 
 4.16928000e-04  3.46182755e+00 
 4.17028000e-04  3.46181179e+00 
 4.17128000e-04  3.46179603e+00 
 4.17228000e-04  3.46178026e+00 
 4.17328000e-04  3.46176450e+00 
 4.17428000e-04  3.46174874e+00 
 4.17528000e-04  3.46173298e+00 
 4.17628000e-04  3.46171722e+00 
 4.17728000e-04  3.46170146e+00 
 4.17828000e-04  3.46168570e+00 
 4.17928000e-04  3.46166994e+00 
 4.18028000e-04  3.46165418e+00 
 4.18128000e-04  3.46163842e+00 
 4.18228000e-04  3.46162266e+00 
 4.18328000e-04  3.46160690e+00 
 4.18428000e-04  3.46159114e+00 
 4.18528000e-04  3.46157538e+00 
 4.18628000e-04  3.46155962e+00 
 4.18728000e-04  3.46154387e+00 
 4.18828000e-04  3.46152811e+00 
 4.18928000e-04  3.46151235e+00 
 4.19028000e-04  3.46149660e+00 
 4.19128000e-04  3.46148084e+00 
 4.19228000e-04  3.46146508e+00 
 4.19328000e-04  3.46144933e+00 
 4.19428000e-04  3.46143357e+00 
 4.19528000e-04  3.46141782e+00 
 4.19628000e-04  3.46140206e+00 
 4.19728000e-04  3.46138631e+00 
 4.19828000e-04  3.46137056e+00 
 4.19928000e-04  3.46135480e+00 
 4.20028000e-04  3.46133905e+00 
 4.20128000e-04  3.46132330e+00 
 4.20228000e-04  3.46130754e+00 
 4.20328000e-04  3.46129179e+00 
 4.20428000e-04  3.46127604e+00 
 4.20528000e-04  3.46126029e+00 
 4.20628000e-04  3.46124454e+00 
 4.20728000e-04  3.46122878e+00 
 4.20828000e-04  3.46121303e+00 
 4.20928000e-04  3.46119728e+00 
 4.21028000e-04  3.46118153e+00 
 4.21128000e-04  3.46116578e+00 
 4.21228000e-04  3.46115003e+00 
 4.21328000e-04  3.46113428e+00 
 4.21428000e-04  3.46111854e+00 
 4.21528000e-04  3.46110279e+00 
 4.21628000e-04  3.46108704e+00 
 4.21728000e-04  3.46107129e+00 
 4.21828000e-04  3.46105554e+00 
 4.21928000e-04  3.46103980e+00 
 4.22028000e-04  3.46102405e+00 
 4.22128000e-04  3.46100830e+00 
 4.22228000e-04  3.46099255e+00 
 4.22328000e-04  3.46097681e+00 
 4.22428000e-04  3.46096106e+00 
 4.22528000e-04  3.46094532e+00 
 4.22628000e-04  3.46092957e+00 
 4.22728000e-04  3.46091383e+00 
 4.22828000e-04  3.46089808e+00 
 4.22928000e-04  3.46088234e+00 
 4.23028000e-04  3.46086659e+00 
 4.23128000e-04  3.46085085e+00 
 4.23228000e-04  3.46083511e+00 
 4.23328000e-04  3.46081936e+00 
 4.23428000e-04  3.46080362e+00 
 4.23528000e-04  3.46078788e+00 
 4.23628000e-04  3.46077214e+00 
 4.23728000e-04  3.46075639e+00 
 4.23828000e-04  3.46074065e+00 
 4.23928000e-04  3.46072491e+00 
 4.24028000e-04  3.46070917e+00 
 4.24128000e-04  3.46069343e+00 
 4.24228000e-04  3.46067769e+00 
 4.24328000e-04  3.46066195e+00 
 4.24428000e-04  3.46064621e+00 
 4.24528000e-04  3.46063047e+00 
 4.24628000e-04  3.46061473e+00 
 4.24728000e-04  3.46059899e+00 
 4.24828000e-04  3.46058325e+00 
 4.24928000e-04  3.46056752e+00 
 4.25028000e-04  3.46055178e+00 
 4.25128000e-04  3.46053604e+00 
 4.25228000e-04  3.46052030e+00 
 4.25328000e-04  3.46050457e+00 
 4.25428000e-04  3.46048883e+00 
 4.25528000e-04  3.46047309e+00 
 4.25628000e-04  3.46045736e+00 
 4.25728000e-04  3.46044162e+00 
 4.25828000e-04  3.46042588e+00 
 4.25928000e-04  3.46041015e+00 
 4.26028000e-04  3.46039441e+00 
 4.26128000e-04  3.46037868e+00 
 4.26228000e-04  3.46036295e+00 
 4.26328000e-04  3.46034721e+00 
 4.26428000e-04  3.46033148e+00 
 4.26528000e-04  3.46031574e+00 
 4.26628000e-04  3.46030001e+00 
 4.26728000e-04  3.46028428e+00 
 4.26828000e-04  3.46026855e+00 
 4.26928000e-04  3.46025281e+00 
 4.27028000e-04  3.46023708e+00 
 4.27128000e-04  3.46022135e+00 
 4.27228000e-04  3.46020562e+00 
 4.27328000e-04  3.46018989e+00 
 4.27428000e-04  3.46017416e+00 
 4.27528000e-04  3.46015843e+00 
 4.27628000e-04  3.46014270e+00 
 4.27728000e-04  3.46012697e+00 
 4.27828000e-04  3.46011124e+00 
 4.27928000e-04  3.46009551e+00 
 4.28028000e-04  3.46007978e+00 
 4.28128000e-04  3.46006405e+00 
 4.28228000e-04  3.46004832e+00 
 4.28328000e-04  3.46003259e+00 
 4.28428000e-04  3.46001687e+00 
 4.28528000e-04  3.46000114e+00 
 4.28628000e-04  3.45998541e+00 
 4.28728000e-04  3.45996968e+00 
 4.28828000e-04  3.45995396e+00 
 4.28928000e-04  3.45993823e+00 
 4.29028000e-04  3.45992251e+00 
 4.29128000e-04  3.45990678e+00 
 4.29228000e-04  3.45989105e+00 
 4.29328000e-04  3.45987533e+00 
 4.29428000e-04  3.45985960e+00 
 4.29528000e-04  3.45984388e+00 
 4.29628000e-04  3.45982816e+00 
 4.29728000e-04  3.45981243e+00 
 4.29828000e-04  3.45979671e+00 
 4.29928000e-04  3.45978099e+00 
 4.30028000e-04  3.45976526e+00 
 4.30128000e-04  3.45974954e+00 
 4.30228000e-04  3.45973382e+00 
 4.30328000e-04  3.45971809e+00 
 4.30428000e-04  3.45970237e+00 
 4.30528000e-04  3.45968665e+00 
 4.30628000e-04  3.45967093e+00 
 4.30728000e-04  3.45965521e+00 
 4.30828000e-04  3.45963949e+00 
 4.30928000e-04  3.45962377e+00 
 4.31028000e-04  3.45960805e+00 
 4.31128000e-04  3.45959233e+00 
 4.31228000e-04  3.45957661e+00 
 4.31328000e-04  3.45956089e+00 
 4.31428000e-04  3.45954517e+00 
 4.31528000e-04  3.45952945e+00 
 4.31628000e-04  3.45951373e+00 
 4.31728000e-04  3.45949802e+00 
 4.31828000e-04  3.45948230e+00 
 4.31928000e-04  3.45946658e+00 
 4.32028000e-04  3.45945087e+00 
 4.32128000e-04  3.45943515e+00 
 4.32228000e-04  3.45941943e+00 
 4.32328000e-04  3.45940372e+00 
 4.32428000e-04  3.45938800e+00 
 4.32528000e-04  3.45937228e+00 
 4.32628000e-04  3.45935657e+00 
 4.32728000e-04  3.45934085e+00 
 4.32828000e-04  3.45932514e+00 
 4.32928000e-04  3.45930943e+00 
 4.33028000e-04  3.45929371e+00 
 4.33128000e-04  3.45927800e+00 
 4.33228000e-04  3.45926228e+00 
 4.33328000e-04  3.45924657e+00 
 4.33428000e-04  3.45923086e+00 
 4.33528000e-04  3.45921515e+00 
 4.33628000e-04  3.45919943e+00 
 4.33728000e-04  3.45918372e+00 
 4.33828000e-04  3.45916801e+00 
 4.33928000e-04  3.45915230e+00 
 4.34028000e-04  3.45913659e+00 
 4.34128000e-04  3.45912088e+00 
 4.34228000e-04  3.45910517e+00 
 4.34328000e-04  3.45908946e+00 
 4.34428000e-04  3.45907375e+00 
 4.34528000e-04  3.45905804e+00 
 4.34628000e-04  3.45904233e+00 
 4.34728000e-04  3.45902662e+00 
 4.34828000e-04  3.45901091e+00 
 4.34928000e-04  3.45899520e+00 
 4.35028000e-04  3.45897950e+00 
 4.35128000e-04  3.45896379e+00 
 4.35228000e-04  3.45894808e+00 
 4.35328000e-04  3.45893237e+00 
 4.35428000e-04  3.45891667e+00 
 4.35528000e-04  3.45890096e+00 
 4.35628000e-04  3.45888525e+00 
 4.35728000e-04  3.45886955e+00 
 4.35828000e-04  3.45885384e+00 
 4.35928000e-04  3.45883814e+00 
 4.36028000e-04  3.45882243e+00 
 4.36128000e-04  3.45880673e+00 
 4.36228000e-04  3.45879103e+00 
 4.36328000e-04  3.45877532e+00 
 4.36428000e-04  3.45875962e+00 
 4.36528000e-04  3.45874391e+00 
 4.36628000e-04  3.45872821e+00 
 4.36728000e-04  3.45871251e+00 
 4.36828000e-04  3.45869681e+00 
 4.36928000e-04  3.45868110e+00 
 4.37028000e-04  3.45866540e+00 
 4.37128000e-04  3.45864970e+00 
 4.37228000e-04  3.45863400e+00 
 4.37328000e-04  3.45861830e+00 
 4.37428000e-04  3.45860260e+00 
 4.37528000e-04  3.45858690e+00 
 4.37628000e-04  3.45857120e+00 
 4.37728000e-04  3.45855550e+00 
 4.37828000e-04  3.45853980e+00 
 4.37928000e-04  3.45852410e+00 
 4.38028000e-04  3.45850840e+00 
 4.38128000e-04  3.45849271e+00 
 4.38228000e-04  3.45847701e+00 
 4.38328000e-04  3.45846131e+00 
 4.38428000e-04  3.45844561e+00 
 4.38528000e-04  3.45842992e+00 
 4.38628000e-04  3.45841422e+00 
 4.38728000e-04  3.45839852e+00 
 4.38828000e-04  3.45838283e+00 
 4.38928000e-04  3.45836713e+00 
 4.39028000e-04  3.45835144e+00 
 4.39128000e-04  3.45833574e+00 
 4.39228000e-04  3.45832005e+00 
 4.39328000e-04  3.45830435e+00 
 4.39428000e-04  3.45828866e+00 
 4.39528000e-04  3.45827297e+00 
 4.39628000e-04  3.45825727e+00 
 4.39728000e-04  3.45824158e+00 
 4.39828000e-04  3.45822589e+00 
 4.39928000e-04  3.45821019e+00 
 4.40028000e-04  3.45819450e+00 
 4.40128000e-04  3.45817881e+00 
 4.40228000e-04  3.45816312e+00 
 4.40328000e-04  3.45814743e+00 
 4.40428000e-04  3.45813174e+00 
 4.40528000e-04  3.45811605e+00 
 4.40628000e-04  3.45810036e+00 
 4.40728000e-04  3.45808467e+00 
 4.40828000e-04  3.45806898e+00 
 4.40928000e-04  3.45805329e+00 
 4.41028000e-04  3.45803760e+00 
 4.41128000e-04  3.45802191e+00 
 4.41228000e-04  3.45800622e+00 
 4.41328000e-04  3.45799054e+00 
 4.41428000e-04  3.45797485e+00 
 4.41528000e-04  3.45795916e+00 
 4.41628000e-04  3.45794348e+00 
 4.41728000e-04  3.45792779e+00 
 4.41828000e-04  3.45791210e+00 
 4.41928000e-04  3.45789642e+00 
 4.42028000e-04  3.45788073e+00 
 4.42128000e-04  3.45786505e+00 
 4.42228000e-04  3.45784936e+00 
 4.42328000e-04  3.45783368e+00 
 4.42428000e-04  3.45781800e+00 
 4.42528000e-04  3.45780231e+00 
 4.42628000e-04  3.45778663e+00 
 4.42728000e-04  3.45777095e+00 
 4.42828000e-04  3.45775526e+00 
 4.42928000e-04  3.45773958e+00 
 4.43028000e-04  3.45772390e+00 
 4.43128000e-04  3.45770822e+00 
 4.43228000e-04  3.45769254e+00 
 4.43328000e-04  3.45767686e+00 
 4.43428000e-04  3.45766118e+00 
 4.43528000e-04  3.45764550e+00 
 4.43628000e-04  3.45762982e+00 
 4.43728000e-04  3.45761414e+00 
 4.43828000e-04  3.45759846e+00 
 4.43928000e-04  3.45758278e+00 
 4.44028000e-04  3.45756710e+00 
 4.44128000e-04  3.45755143e+00 
 4.44228000e-04  3.45753575e+00 
 4.44328000e-04  3.45752007e+00 
 4.44428000e-04  3.45750439e+00 
 4.44528000e-04  3.45748872e+00 
 4.44628000e-04  3.45747304e+00 
 4.44728000e-04  3.45745737e+00 
 4.44828000e-04  3.45744169e+00 
 4.44928000e-04  3.45742602e+00 
 4.45028000e-04  3.45741034e+00 
 4.45128000e-04  3.45739467e+00 
 4.45228000e-04  3.45737899e+00 
 4.45328000e-04  3.45736332e+00 
 4.45428000e-04  3.45734765e+00 
 4.45528000e-04  3.45733198e+00 
 4.45628000e-04  3.45731630e+00 
 4.45728000e-04  3.45730063e+00 
 4.45828000e-04  3.45728496e+00 
 4.45928000e-04  3.45726929e+00 
 4.46028000e-04  3.45725362e+00 
 4.46128000e-04  3.45723795e+00 
 4.46228000e-04  3.45722228e+00 
 4.46328000e-04  3.45720661e+00 
 4.46428000e-04  3.45719094e+00 
 4.46528000e-04  3.45717527e+00 
 4.46628000e-04  3.45715960e+00 
 4.46728000e-04  3.45714394e+00 
 4.46828000e-04  3.45712827e+00 
 4.46928000e-04  3.45711260e+00 
 4.47028000e-04  3.45709694e+00 
 4.47128000e-04  3.45708127e+00 
 4.47228000e-04  3.45706560e+00 
 4.47328000e-04  3.45704994e+00 
 4.47428000e-04  3.45703427e+00 
 4.47528000e-04  3.45701861e+00 
 4.47628000e-04  3.45700295e+00 
 4.47728000e-04  3.45698728e+00 
 4.47828000e-04  3.45697162e+00 
 4.47928000e-04  3.45695596e+00 
 4.48028000e-04  3.45694029e+00 
 4.48128000e-04  3.45692463e+00 
 4.48228000e-04  3.45690897e+00 
 4.48328000e-04  3.45689331e+00 
 4.48428000e-04  3.45687765e+00 
 4.48528000e-04  3.45686199e+00 
 4.48628000e-04  3.45684633e+00 
 4.48728000e-04  3.45683067e+00 
 4.48828000e-04  3.45681501e+00 
 4.48928000e-04  3.45679935e+00 
 4.49028000e-04  3.45678369e+00 
 4.49128000e-04  3.45676804e+00 
 4.49228000e-04  3.45675238e+00 
 4.49328000e-04  3.45673672e+00 
 4.49428000e-04  3.45672107e+00 
 4.49528000e-04  3.45670541e+00 
 4.49628000e-04  3.45668976e+00 
 4.49728000e-04  3.45667410e+00 
 4.49828000e-04  3.45665845e+00 
 4.49928000e-04  3.45664279e+00 
 4.50028000e-04  3.45662714e+00 
 4.50128000e-04  3.45661149e+00 
 4.50228000e-04  3.45659583e+00 
 4.50328000e-04  3.45658018e+00 
 4.50428000e-04  3.45656453e+00 
 4.50528000e-04  3.45654888e+00 
 4.50628000e-04  3.45653323e+00 
 4.50728000e-04  3.45651758e+00 
 4.50828000e-04  3.45650193e+00 
 4.50928000e-04  3.45648628e+00 
 4.51028000e-04  3.45647063e+00 
 4.51128000e-04  3.45645498e+00 
 4.51228000e-04  3.45643933e+00 
 4.51328000e-04  3.45642369e+00 
 4.51428000e-04  3.45640804e+00 
 4.51528000e-04  3.45639239e+00 
 4.51628000e-04  3.45637675e+00 
 4.51728000e-04  3.45636110e+00 
 4.51828000e-04  3.45634546e+00 
 4.51928000e-04  3.45632981e+00 
 4.52028000e-04  3.45631417e+00 
 4.52128000e-04  3.45629853e+00 
 4.52228000e-04  3.45628288e+00 
 4.52328000e-04  3.45626724e+00 
 4.52428000e-04  3.45625160e+00 
 4.52528000e-04  3.45623596e+00 
 4.52628000e-04  3.45622032e+00 
 4.52728000e-04  3.45620468e+00 
 4.52828000e-04  3.45618904e+00 
 4.52928000e-04  3.45617340e+00 
 4.53028000e-04  3.45615776e+00 
 4.53128000e-04  3.45614212e+00 
 4.53228000e-04  3.45612649e+00 
 4.53328000e-04  3.45611085e+00 
 4.53428000e-04  3.45609521e+00 
 4.53528000e-04  3.45607958e+00 
 4.53628000e-04  3.45606394e+00 
 4.53728000e-04  3.45604831e+00 
 4.53828000e-04  3.45603268e+00 
 4.53928000e-04  3.45601704e+00 
 4.54028000e-04  3.45600141e+00 
 4.54128000e-04  3.45598578e+00 
 4.54228000e-04  3.45597015e+00 
 4.54328000e-04  3.45595452e+00 
 4.54428000e-04  3.45593889e+00 
 4.54528000e-04  3.45592326e+00 
 4.54628000e-04  3.45590763e+00 
 4.54728000e-04  3.45589201e+00 
 4.54828000e-04  3.45587638e+00 
 4.54928000e-04  3.45586075e+00 
 4.55028000e-04  3.45584513e+00 
 4.55128000e-04  3.45582951e+00 
 4.55228000e-04  3.45581388e+00 
 4.55328000e-04  3.45579826e+00 
 4.55428000e-04  3.45578264e+00 
 4.55528000e-04  3.45576702e+00 
 4.55628000e-04  3.45575141e+00 
 4.55728000e-04  3.45573579e+00 
 4.55828000e-04  3.45572018e+00 
 4.55928000e-04  3.45570457e+00 
 4.56028000e-04  3.45568896e+00 
 4.56128000e-04  3.45567335e+00 
 4.56228000e-04  3.45565775e+00 
 4.56328000e-04  3.45564215e+00 
 4.56428000e-04  3.45562656e+00 
 4.56528000e-04  3.45561097e+00 
 4.56628000e-04  3.45559539e+00 
 4.56728000e-04  3.45557982e+00 
 4.56828000e-04  3.45556426e+00 
 4.56928000e-04  3.45554870e+00 
 4.57028000e-04  3.45553317e+00 
 4.57128000e-04  3.45551764e+00 
 4.57228000e-04  3.45550214e+00 
 4.57328000e-04  3.45548665e+00 
 4.57428000e-04  3.45547120e+00 
 4.57528000e-04  3.45545578e+00 
 4.57628000e-04  3.45544039e+00 
 4.57728000e-04  3.45542506e+00 
 4.57828000e-04  3.45540978e+00 
 4.57928000e-04  3.45539456e+00 
 4.58028000e-04  3.45537943e+00 
 4.58128000e-04  3.45536440e+00 
 4.58228000e-04  3.45534948e+00 
 4.58328000e-04  3.45533471e+00 
 4.58428000e-04  3.45532011e+00 
 4.58528000e-04  3.45530571e+00 
 4.58628000e-04  3.45529156e+00 
 4.58728000e-04  3.45527771e+00 
 4.58828000e-04  3.45526422e+00 
 4.58928000e-04  3.45525117e+00 
 4.59028000e-04  3.45523864e+00 
 4.59128000e-04  3.45522673e+00 
 4.59228000e-04  3.45521559e+00 
 4.59328000e-04  3.45520536e+00 
 4.59428000e-04  3.45519623e+00 
 4.59528000e-04  3.45518842e+00 
 4.59628000e-04  3.45518222e+00 
 4.59728000e-04  3.45517794e+00 
 4.59828000e-04  3.45517598e+00 
 4.59928000e-04  3.45517681e+00 
 4.60028000e-04  3.45518101e+00 
 4.60128000e-04  3.45518926e+00 
 4.60228000e-04  3.45520239e+00 
 4.60328000e-04  3.45522138e+00 
 4.60428000e-04  3.45524743e+00 
 4.60528000e-04  3.45528196e+00 
 4.60628000e-04  3.45532670e+00 
 4.60728000e-04  3.45538369e+00 
 4.60828000e-04  3.45545539e+00 
 4.60928000e-04  3.45554473e+00 
 4.61028000e-04  3.45565520e+00 
 4.61128000e-04  3.45579096e+00 
 4.61228000e-04  3.45595694e+00 
 4.61328000e-04  3.45615897e+00 
 4.61428000e-04  3.45640391e+00 
 4.61528000e-04  3.45669982e+00 
 4.61628000e-04  3.45705609e+00 
 4.61728000e-04  3.45748361e+00 
 4.61828000e-04  3.45799490e+00 
 4.61928000e-04  3.45860426e+00 
 4.62028000e-04  3.45932784e+00 
 4.62128000e-04  3.46018368e+00 
 4.62228000e-04  3.46119166e+00 
 4.62328000e-04  3.46237336e+00 
 4.62428000e-04  3.46375183e+00 
 4.62528000e-04  3.46535119e+00 
 4.62628000e-04  3.46719616e+00 
 4.62728000e-04  3.46931142e+00 
 4.62828000e-04  3.47172097e+00 
 4.62928000e-04  3.47444742e+00 
 4.63028000e-04  3.47751124e+00 
 4.63128000e-04  3.48093018e+00 
 4.63228000e-04  3.48471874e+00 
 4.63328000e-04  3.48888783e+00 
 4.63428000e-04  3.49344454e+00 
 4.63528000e-04  3.49839220e+00 
 4.63628000e-04  3.50373049e+00 
 4.63728000e-04  3.50945574e+00 
 4.63828000e-04  3.51556133e+00 
 4.63928000e-04  3.52203810e+00 
 4.64028000e-04  3.52887486e+00 
 4.64128000e-04  3.53605884e+00 
 4.64228000e-04  3.54357609e+00 
 4.64328000e-04  3.54814504e+00 
 4.64428000e-04  3.54547645e+00 
 4.64528000e-04  3.53919803e+00 
 4.64628000e-04  3.53357663e+00 
 4.64728000e-04  3.52828286e+00 
 4.64828000e-04  3.52336148e+00 
 4.64928000e-04  3.51881406e+00 
 4.65028000e-04  3.51464366e+00 
 4.65128000e-04  3.51084797e+00 
 4.65228000e-04  3.50742012e+00 
 4.65328000e-04  3.50434852e+00 
 4.65428000e-04  3.50161714e+00 
 4.65528000e-04  3.49920621e+00 
 4.65628000e-04  3.49709296e+00 
 4.65728000e-04  3.49525263e+00 
 4.65828000e-04  3.49365945e+00 
 4.65928000e-04  3.49228750e+00 
 4.66028000e-04  3.49111157e+00 
 4.66128000e-04  3.49010770e+00 
 4.66228000e-04  3.48925360e+00 
 4.66328000e-04  3.48852897e+00 
 4.66428000e-04  3.48791554e+00 
 4.66528000e-04  3.48739711e+00 
 4.66628000e-04  3.48695947e+00 
 4.66728000e-04  3.48659026e+00 
 4.66828000e-04  3.48627883e+00 
 4.66928000e-04  3.48601605e+00 
 4.67028000e-04  3.48579413e+00 
 4.67128000e-04  3.48560646e+00 
 4.67228000e-04  3.48544745e+00 
 4.67328000e-04  3.48531240e+00 
 4.67428000e-04  3.48519734e+00 
 4.67528000e-04  3.48509895e+00 
 4.67628000e-04  3.48501446e+00 
 4.67728000e-04  3.48494154e+00 
 4.67828000e-04  3.48487825e+00 
 4.67928000e-04  3.48482297e+00 
 4.68028000e-04  3.48477435e+00 
 4.68128000e-04  3.48473126e+00 
 4.68228000e-04  3.48469278e+00 
 4.68328000e-04  3.48465811e+00 
 4.68428000e-04  3.48462663e+00 
 4.68528000e-04  3.48459778e+00 
 4.68628000e-04  3.48457112e+00 
 4.68728000e-04  3.48454628e+00 
 4.68828000e-04  3.48452296e+00 
 4.68928000e-04  3.48450088e+00 
 4.69028000e-04  3.48447985e+00 
 4.69128000e-04  3.48445968e+00 
 4.69228000e-04  3.48444023e+00 
 4.69328000e-04  3.48442138e+00 
 4.69428000e-04  3.48440302e+00 
 4.69528000e-04  3.48438507e+00 
 4.69628000e-04  3.48436746e+00 
 4.69728000e-04  3.48435014e+00 
 4.69828000e-04  3.48433305e+00 
 4.69928000e-04  3.48431616e+00 
 4.70028000e-04  3.48429942e+00 
 4.70128000e-04  3.48428283e+00 
 4.70228000e-04  3.48426635e+00 
 4.70328000e-04  3.48424995e+00 
 4.70428000e-04  3.48423364e+00 
 4.70528000e-04  3.48421739e+00 
 4.70628000e-04  3.48420120e+00 
 4.70728000e-04  3.48418505e+00 
 4.70828000e-04  3.48416893e+00 
 4.70928000e-04  3.48415285e+00 
 4.71028000e-04  3.48413680e+00 
 4.71128000e-04  3.48412076e+00 
 4.71228000e-04  3.48410474e+00 
 4.71328000e-04  3.48408874e+00 
 4.71428000e-04  3.48407275e+00 
 4.71528000e-04  3.48405677e+00 
 4.71628000e-04  3.48404081e+00 
 4.71728000e-04  3.48402484e+00 
 4.71828000e-04  3.48400889e+00 
 4.71928000e-04  3.48399294e+00 
 4.72028000e-04  3.48397699e+00 
 4.72128000e-04  3.48396105e+00 
 4.72228000e-04  3.48394511e+00 
 4.72328000e-04  3.48392918e+00 
 4.72428000e-04  3.48391324e+00 
 4.72528000e-04  3.48389731e+00 
 4.72628000e-04  3.48388138e+00 
 4.72728000e-04  3.48386546e+00 
 4.72828000e-04  3.48384953e+00 
 4.72928000e-04  3.48383361e+00 
 4.73028000e-04  3.48381769e+00 
 4.73128000e-04  3.48380176e+00 
 4.73228000e-04  3.48378584e+00 
 4.73328000e-04  3.48376992e+00 
 4.73428000e-04  3.48375401e+00 
 4.73528000e-04  3.48373809e+00 
 4.73628000e-04  3.48372217e+00 
 4.73728000e-04  3.48370626e+00 
 4.73828000e-04  3.48369034e+00 
 4.73928000e-04  3.48367443e+00 
 4.74028000e-04  3.48365851e+00 
 4.74128000e-04  3.48364260e+00 
 4.74228000e-04  3.48362669e+00 
 4.74328000e-04  3.48361078e+00 
 4.74428000e-04  3.48359486e+00 
 4.74528000e-04  3.48357895e+00 
 4.74628000e-04  3.48356304e+00 
 4.74728000e-04  3.48354713e+00 
 4.74828000e-04  3.48353123e+00 
 4.74928000e-04  3.48351532e+00 
 4.75028000e-04  3.48349941e+00 
 4.75128000e-04  3.48348350e+00 
 4.75228000e-04  3.48346760e+00 
 4.75328000e-04  3.48345169e+00 
 4.75428000e-04  3.48343579e+00 
 4.75528000e-04  3.48341988e+00 
 4.75628000e-04  3.48340398e+00 
 4.75728000e-04  3.48338807e+00 
 4.75828000e-04  3.48337217e+00 
 4.75928000e-04  3.48335627e+00 
 4.76028000e-04  3.48334037e+00 
 4.76128000e-04  3.48332446e+00 
 4.76228000e-04  3.48330856e+00 
 4.76328000e-04  3.48329266e+00 
 4.76428000e-04  3.48327676e+00 
 4.76528000e-04  3.48326086e+00 
 4.76628000e-04  3.48324496e+00 
 4.76728000e-04  3.48322907e+00 
 4.76828000e-04  3.48321317e+00 
 4.76928000e-04  3.48319727e+00 
 4.77028000e-04  3.48318137e+00 
 4.77128000e-04  3.48316548e+00 
 4.77228000e-04  3.48314958e+00 
 4.77328000e-04  3.48313369e+00 
 4.77428000e-04  3.48311779e+00 
 4.77528000e-04  3.48310190e+00 
 4.77628000e-04  3.48308600e+00 
 4.77728000e-04  3.48307011e+00 
 4.77828000e-04  3.48305422e+00 
 4.77928000e-04  3.48303832e+00 
 4.78028000e-04  3.48302243e+00 
 4.78128000e-04  3.48300654e+00 
 4.78228000e-04  3.48299065e+00 
 4.78328000e-04  3.48297476e+00 
 4.78428000e-04  3.48295887e+00 
 4.78528000e-04  3.48294298e+00 
 4.78628000e-04  3.48292709e+00 
 4.78728000e-04  3.48291120e+00 
 4.78828000e-04  3.48289531e+00 
 4.78928000e-04  3.48287942e+00 
 4.79028000e-04  3.48286353e+00 
 4.79128000e-04  3.48284765e+00 
 4.79228000e-04  3.48283176e+00 
 4.79328000e-04  3.48281587e+00 
 4.79428000e-04  3.48279999e+00 
 4.79528000e-04  3.48278410e+00 
 4.79628000e-04  3.48276822e+00 
 4.79728000e-04  3.48275233e+00 
 4.79828000e-04  3.48273645e+00 
 4.79928000e-04  3.48272057e+00 
 4.80028000e-04  3.48270468e+00 
 4.80128000e-04  3.48268880e+00 
 4.80228000e-04  3.48267292e+00 
 4.80328000e-04  3.48265703e+00 
 4.80428000e-04  3.48264115e+00 
 4.80528000e-04  3.48262527e+00 
 4.80628000e-04  3.48260939e+00 
 4.80728000e-04  3.48259351e+00 
 4.80828000e-04  3.48257763e+00 
 4.80928000e-04  3.48256175e+00 
 4.81028000e-04  3.48254587e+00 
 4.81128000e-04  3.48252999e+00 
 4.81228000e-04  3.48251412e+00 
 4.81328000e-04  3.48249824e+00 
 4.81428000e-04  3.48248236e+00 
 4.81528000e-04  3.48246648e+00 
 4.81628000e-04  3.48245061e+00 
 4.81728000e-04  3.48243473e+00 
 4.81828000e-04  3.48241885e+00 
 4.81928000e-04  3.48240298e+00 
 4.82028000e-04  3.48238710e+00 
 4.82128000e-04  3.48237123e+00 
 4.82228000e-04  3.48235536e+00 
 4.82328000e-04  3.48233948e+00 
 4.82428000e-04  3.48232361e+00 
 4.82528000e-04  3.48230773e+00 
 4.82628000e-04  3.48229186e+00 
 4.82728000e-04  3.48227599e+00 
 4.82828000e-04  3.48226012e+00 
 4.82928000e-04  3.48224425e+00 
 4.83028000e-04  3.48222838e+00 
 4.83128000e-04  3.48221250e+00 
 4.83228000e-04  3.48219663e+00 
 4.83328000e-04  3.48218076e+00 
 4.83428000e-04  3.48216489e+00 
 4.83528000e-04  3.48214903e+00 
 4.83628000e-04  3.48213316e+00 
 4.83728000e-04  3.48211729e+00 
 4.83828000e-04  3.48210142e+00 
 4.83928000e-04  3.48208555e+00 
 4.84028000e-04  3.48206969e+00 
 4.84128000e-04  3.48205382e+00 
 4.84228000e-04  3.48203795e+00 
 4.84328000e-04  3.48202209e+00 
 4.84428000e-04  3.48200622e+00 
 4.84528000e-04  3.48199035e+00 
 4.84628000e-04  3.48197449e+00 
 4.84728000e-04  3.48195862e+00 
 4.84828000e-04  3.48194276e+00 
 4.84928000e-04  3.48192690e+00 
 4.85028000e-04  3.48191103e+00 
 4.85128000e-04  3.48189517e+00 
 4.85228000e-04  3.48187931e+00 
 4.85328000e-04  3.48186344e+00 
 4.85428000e-04  3.48184758e+00 
 4.85528000e-04  3.48183172e+00 
 4.85628000e-04  3.48181586e+00 
 4.85728000e-04  3.48180000e+00 
 4.85828000e-04  3.48178414e+00 
 4.85928000e-04  3.48176828e+00 
 4.86028000e-04  3.48175242e+00 
 4.86128000e-04  3.48173656e+00 
 4.86228000e-04  3.48172070e+00 
 4.86328000e-04  3.48170484e+00 
 4.86428000e-04  3.48168898e+00 
 4.86528000e-04  3.48167312e+00 
 4.86628000e-04  3.48165726e+00 
 4.86728000e-04  3.48164140e+00 
 4.86828000e-04  3.48162555e+00 
 4.86928000e-04  3.48160969e+00 
 4.87028000e-04  3.48159383e+00 
 4.87128000e-04  3.48157798e+00 
 4.87228000e-04  3.48156212e+00 
 4.87328000e-04  3.48154627e+00 
 4.87428000e-04  3.48153041e+00 
 4.87528000e-04  3.48151456e+00 
 4.87628000e-04  3.48149870e+00 
 4.87728000e-04  3.48148285e+00 
 4.87828000e-04  3.48146699e+00 
 4.87928000e-04  3.48145114e+00 
 4.88028000e-04  3.48143529e+00 
 4.88128000e-04  3.48141943e+00 
 4.88228000e-04  3.48140358e+00 
 4.88328000e-04  3.48138773e+00 
 4.88428000e-04  3.48137188e+00 
 4.88528000e-04  3.48135602e+00 
 4.88628000e-04  3.48134017e+00 
 4.88728000e-04  3.48132432e+00 
 4.88828000e-04  3.48130847e+00 
 4.88928000e-04  3.48129262e+00 
 4.89028000e-04  3.48127677e+00 
 4.89128000e-04  3.48126092e+00 
 4.89228000e-04  3.48124507e+00 
 4.89328000e-04  3.48122922e+00 
 4.89428000e-04  3.48121337e+00 
 4.89528000e-04  3.48119753e+00 
 4.89628000e-04  3.48118168e+00 
 4.89728000e-04  3.48116583e+00 
 4.89828000e-04  3.48114998e+00 
 4.89928000e-04  3.48113414e+00 
 4.90028000e-04  3.48111829e+00 
 4.90128000e-04  3.48110244e+00 
 4.90228000e-04  3.48108660e+00 
 4.90328000e-04  3.48107075e+00 
 4.90428000e-04  3.48105491e+00 
 4.90528000e-04  3.48103906e+00 
 4.90628000e-04  3.48102322e+00 
 4.90728000e-04  3.48100737e+00 
 4.90828000e-04  3.48099153e+00 
 4.90928000e-04  3.48097568e+00 
 4.91028000e-04  3.48095984e+00 
 4.91128000e-04  3.48094400e+00 
 4.91228000e-04  3.48092815e+00 
 4.91328000e-04  3.48091231e+00 
 4.91428000e-04  3.48089647e+00 
 4.91528000e-04  3.48088063e+00 
 4.91628000e-04  3.48086479e+00 
 4.91728000e-04  3.48084895e+00 
 4.91828000e-04  3.48083310e+00 
 4.91928000e-04  3.48081726e+00 
 4.92028000e-04  3.48080142e+00 
 4.92128000e-04  3.48078558e+00 
 4.92228000e-04  3.48076974e+00 
 4.92328000e-04  3.48075390e+00 
 4.92428000e-04  3.48073807e+00 
 4.92528000e-04  3.48072223e+00 
 4.92628000e-04  3.48070639e+00 
 4.92728000e-04  3.48069055e+00 
 4.92828000e-04  3.48067471e+00 
 4.92928000e-04  3.48065887e+00 
 4.93028000e-04  3.48064304e+00 
 4.93128000e-04  3.48062720e+00 
 4.93228000e-04  3.48061136e+00 
 4.93328000e-04  3.48059553e+00 
 4.93428000e-04  3.48057969e+00 
 4.93528000e-04  3.48056386e+00 
 4.93628000e-04  3.48054802e+00 
 4.93728000e-04  3.48053219e+00 
 4.93828000e-04  3.48051635e+00 
 4.93928000e-04  3.48050052e+00 
 4.94028000e-04  3.48048468e+00 
 4.94128000e-04  3.48046885e+00 
 4.94228000e-04  3.48045302e+00 
 4.94328000e-04  3.48043718e+00 
 4.94428000e-04  3.48042135e+00 
 4.94528000e-04  3.48040552e+00 
 4.94628000e-04  3.48038968e+00 
 4.94728000e-04  3.48037385e+00 
 4.94828000e-04  3.48035802e+00 
 4.94928000e-04  3.48034219e+00 
 4.95028000e-04  3.48032636e+00 
 4.95128000e-04  3.48031053e+00 
 4.95228000e-04  3.48029470e+00 
 4.95328000e-04  3.48027887e+00 
 4.95428000e-04  3.48026304e+00 
 4.95528000e-04  3.48024721e+00 
 4.95628000e-04  3.48023138e+00 
 4.95728000e-04  3.48021555e+00 
 4.95828000e-04  3.48019972e+00 
 4.95928000e-04  3.48018389e+00 
 4.96028000e-04  3.48016806e+00 
 4.96128000e-04  3.48015224e+00 
 4.96228000e-04  3.48013641e+00 
 4.96328000e-04  3.48012058e+00 
 4.96428000e-04  3.48010475e+00 
 4.96528000e-04  3.48008893e+00 
 4.96628000e-04  3.48007310e+00 
 4.96728000e-04  3.48005728e+00 
 4.96828000e-04  3.48004145e+00 
 4.96928000e-04  3.48002562e+00 
 4.97028000e-04  3.48000980e+00 
 4.97128000e-04  3.47999398e+00 
 4.97228000e-04  3.47997815e+00 
 4.97328000e-04  3.47996233e+00 
 4.97428000e-04  3.47994650e+00 
 4.97528000e-04  3.47993068e+00 
 4.97628000e-04  3.47991486e+00 
 4.97728000e-04  3.47989903e+00 
 4.97828000e-04  3.47988321e+00 
 4.97928000e-04  3.47986739e+00 
 4.98028000e-04  3.47985157e+00 
 4.98128000e-04  3.47983574e+00 
 4.98228000e-04  3.47981992e+00 
 4.98328000e-04  3.47980410e+00 
 4.98428000e-04  3.47978828e+00 
 4.98528000e-04  3.47977246e+00 
 4.98628000e-04  3.47975664e+00 
 4.98728000e-04  3.47974082e+00 
 4.98828000e-04  3.47972500e+00 
 4.98928000e-04  3.47970918e+00 
 4.99028000e-04  3.47969336e+00 
 4.99128000e-04  3.47967754e+00 
 4.99228000e-04  3.47966172e+00 
 4.99328000e-04  3.47964591e+00 
 4.99428000e-04  3.47963009e+00 
 4.99528000e-04  3.47961427e+00 
 4.99628000e-04  3.47959845e+00 
 4.99728000e-04  3.47958264e+00 
 4.99828000e-04  3.47956682e+00 
 4.99928000e-04  3.47955100e+00 
 5.00028000e-04  3.47953519e+00 
 5.00128000e-04  3.47951937e+00 
 5.00228000e-04  3.47950356e+00 
 5.00328000e-04  3.47948774e+00 
 5.00428000e-04  3.47947193e+00 
 5.00528000e-04  3.47945611e+00 
 5.00628000e-04  3.47944030e+00 
 5.00728000e-04  3.47942448e+00 
 5.00828000e-04  3.47940867e+00 
 5.00928000e-04  3.47939286e+00 
 5.01028000e-04  3.47937704e+00 
 5.01128000e-04  3.47936123e+00 
 5.01228000e-04  3.47934542e+00 
 5.01328000e-04  3.47932961e+00 
 5.01428000e-04  3.47931379e+00 
 5.01528000e-04  3.47929798e+00 
 5.01628000e-04  3.47928217e+00 
 5.01728000e-04  3.47926636e+00 
 5.01828000e-04  3.47925055e+00 
 5.01928000e-04  3.47923474e+00 
 5.02028000e-04  3.47921893e+00 
 5.02128000e-04  3.47920312e+00 
 5.02228000e-04  3.47918731e+00 
 5.02328000e-04  3.47917150e+00 
 5.02428000e-04  3.47915569e+00 
 5.02528000e-04  3.47913988e+00 
 5.02628000e-04  3.47912407e+00 
 5.02728000e-04  3.47910827e+00 
 5.02828000e-04  3.47909246e+00 
 5.02928000e-04  3.47907665e+00 
 5.03028000e-04  3.47906084e+00 
 5.03128000e-04  3.47904504e+00 
 5.03228000e-04  3.47902923e+00 
 5.03328000e-04  3.47901342e+00 
 5.03428000e-04  3.47899762e+00 
 5.03528000e-04  3.47898181e+00 
 5.03628000e-04  3.47896601e+00 
 5.03728000e-04  3.47895020e+00 
 5.03828000e-04  3.47893440e+00 
 5.03928000e-04  3.47891859e+00 
 5.04028000e-04  3.47890279e+00 
 5.04128000e-04  3.47888698e+00 
 5.04228000e-04  3.47887118e+00 
 5.04328000e-04  3.47885538e+00 
 5.04428000e-04  3.47883957e+00 
 5.04528000e-04  3.47882377e+00 
 5.04628000e-04  3.47880797e+00 
 5.04728000e-04  3.47879217e+00 
 5.04828000e-04  3.47877637e+00 
 5.04928000e-04  3.47876056e+00 
 5.05028000e-04  3.47874476e+00 
 5.05128000e-04  3.47872896e+00 
 5.05228000e-04  3.47871316e+00 
 5.05328000e-04  3.47869736e+00 
 5.05428000e-04  3.47868156e+00 
 5.05528000e-04  3.47866576e+00 
 5.05628000e-04  3.47864996e+00 
 5.05728000e-04  3.47863416e+00 
 5.05828000e-04  3.47861836e+00 
 5.05928000e-04  3.47860257e+00 
 5.06028000e-04  3.47858677e+00 
 5.06128000e-04  3.47857097e+00 
 5.06228000e-04  3.47855517e+00 
 5.06328000e-04  3.47853938e+00 
 5.06428000e-04  3.47852358e+00 
 5.06528000e-04  3.47850778e+00 
 5.06628000e-04  3.47849199e+00 
 5.06728000e-04  3.47847619e+00 
 5.06828000e-04  3.47846039e+00 
 5.06928000e-04  3.47844460e+00 
 5.07028000e-04  3.47842880e+00 
 5.07128000e-04  3.47841301e+00 
 5.07228000e-04  3.47839722e+00 
 5.07328000e-04  3.47838142e+00 
 5.07428000e-04  3.47836563e+00 
 5.07528000e-04  3.47834983e+00 
 5.07628000e-04  3.47833404e+00 
 5.07728000e-04  3.47831825e+00 
 5.07828000e-04  3.47830246e+00 
 5.07928000e-04  3.47828666e+00 
 5.08028000e-04  3.47827087e+00 
 5.08128000e-04  3.47825508e+00 
 5.08228000e-04  3.47823929e+00 
 5.08328000e-04  3.47822350e+00 
 5.08428000e-04  3.47820771e+00 
 5.08528000e-04  3.47819192e+00 
 5.08628000e-04  3.47817613e+00 
 5.08728000e-04  3.47816034e+00 
 5.08828000e-04  3.47814455e+00 
 5.08928000e-04  3.47812876e+00 
 5.09028000e-04  3.47811297e+00 
 5.09128000e-04  3.47809718e+00 
 5.09228000e-04  3.47808139e+00 
 5.09328000e-04  3.47806561e+00 
 5.09428000e-04  3.47804982e+00 
 5.09528000e-04  3.47803403e+00 
 5.09628000e-04  3.47801824e+00 
 5.09728000e-04  3.47800246e+00 
 5.09828000e-04  3.47798667e+00 
 5.09928000e-04  3.47797089e+00 
 5.10028000e-04  3.47795510e+00 
 5.10128000e-04  3.47793931e+00 
 5.10228000e-04  3.47792353e+00 
 5.10328000e-04  3.47790774e+00 
 5.10428000e-04  3.47789196e+00 
 5.10528000e-04  3.47787618e+00 
 5.10628000e-04  3.47786039e+00 
 5.10728000e-04  3.47784461e+00 
 5.10828000e-04  3.47782883e+00 
 5.10928000e-04  3.47781304e+00 
 5.11028000e-04  3.47779726e+00 
 5.11128000e-04  3.47778148e+00 
 5.11228000e-04  3.47776570e+00 
 5.11328000e-04  3.47774992e+00 
 5.11428000e-04  3.47773414e+00 
 5.11528000e-04  3.47771836e+00 
 5.11628000e-04  3.47770257e+00 
 5.11728000e-04  3.47768679e+00 
 5.11828000e-04  3.47767102e+00 
 5.11928000e-04  3.47765524e+00 
 5.12028000e-04  3.47763946e+00 
 5.12128000e-04  3.47762368e+00 
 5.12228000e-04  3.47760790e+00 
 5.12328000e-04  3.47759212e+00 
 5.12428000e-04  3.47757634e+00 
 5.12528000e-04  3.47756057e+00 
 5.12628000e-04  3.47754479e+00 
 5.12728000e-04  3.47752901e+00 
 5.12828000e-04  3.47751324e+00 
 5.12928000e-04  3.47749746e+00 
 5.13028000e-04  3.47748169e+00 
 5.13128000e-04  3.47746591e+00 
 5.13228000e-04  3.47745013e+00 
 5.13328000e-04  3.47743436e+00 
 5.13428000e-04  3.47741859e+00 
 5.13528000e-04  3.47740281e+00 
 5.13628000e-04  3.47738704e+00 
 5.13728000e-04  3.47737127e+00 
 5.13828000e-04  3.47735549e+00 
 5.13928000e-04  3.47733972e+00 
 5.14028000e-04  3.47732395e+00 
 5.14128000e-04  3.47730818e+00 
 5.14228000e-04  3.47729240e+00 
 5.14328000e-04  3.47727663e+00 
 5.14428000e-04  3.47726086e+00 
 5.14528000e-04  3.47724509e+00 
 5.14628000e-04  3.47722932e+00 
 5.14728000e-04  3.47721355e+00 
 5.14828000e-04  3.47719778e+00 
 5.14928000e-04  3.47718201e+00 
 5.15028000e-04  3.47716625e+00 
 5.15128000e-04  3.47715048e+00 
 5.15228000e-04  3.47713471e+00 
 5.15328000e-04  3.47711894e+00 
 5.15428000e-04  3.47710317e+00 
 5.15528000e-04  3.47708741e+00 
 5.15628000e-04  3.47707164e+00 
 5.15728000e-04  3.47705588e+00 
 5.15828000e-04  3.47704011e+00 
 5.15928000e-04  3.47702434e+00 
 5.16028000e-04  3.47700858e+00 
 5.16128000e-04  3.47699281e+00 
 5.16228000e-04  3.47697705e+00 
 5.16328000e-04  3.47696129e+00 
 5.16428000e-04  3.47694552e+00 
 5.16528000e-04  3.47692976e+00 
 5.16628000e-04  3.47691400e+00 
 5.16728000e-04  3.47689823e+00 
 5.16828000e-04  3.47688247e+00 
 5.16928000e-04  3.47686671e+00 
 5.17028000e-04  3.47685095e+00 
 5.17128000e-04  3.47683519e+00 
 5.17228000e-04  3.47681943e+00 
 5.17328000e-04  3.47680367e+00 
 5.17428000e-04  3.47678791e+00 
 5.17528000e-04  3.47677215e+00 
 5.17628000e-04  3.47675639e+00 
 5.17728000e-04  3.47674063e+00 
 5.17828000e-04  3.47672487e+00 
 5.17928000e-04  3.47670912e+00 
 5.18028000e-04  3.47669336e+00 
 5.18128000e-04  3.47667760e+00 
 5.18228000e-04  3.47666185e+00 
 5.18328000e-04  3.47664609e+00 
 5.18428000e-04  3.47663033e+00 
 5.18528000e-04  3.47661458e+00 
 5.18628000e-04  3.47659882e+00 
 5.18728000e-04  3.47658307e+00 
 5.18828000e-04  3.47656731e+00 
 5.18928000e-04  3.47655156e+00 
 5.19028000e-04  3.47653581e+00 
 5.19128000e-04  3.47652005e+00 
 5.19228000e-04  3.47650430e+00 
 5.19328000e-04  3.47648855e+00 
 5.19428000e-04  3.47647280e+00 
 5.19528000e-04  3.47645705e+00 
 5.19628000e-04  3.47644130e+00 
 5.19728000e-04  3.47642555e+00 
 5.19828000e-04  3.47640980e+00 
 5.19928000e-04  3.47639405e+00 
 5.20028000e-04  3.47637830e+00 
 5.20128000e-04  3.47636255e+00 
 5.20228000e-04  3.47634680e+00 
 5.20328000e-04  3.47633105e+00 
 5.20428000e-04  3.47631530e+00 
 5.20528000e-04  3.47629956e+00 
 5.20628000e-04  3.47628381e+00 
 5.20728000e-04  3.47626806e+00 
 5.20828000e-04  3.47625232e+00 
 5.20928000e-04  3.47623657e+00 
 5.21028000e-04  3.47622083e+00 
 5.21128000e-04  3.47620508e+00 
 5.21228000e-04  3.47618934e+00 
 5.21328000e-04  3.47617360e+00 
 5.21428000e-04  3.47615786e+00 
 5.21528000e-04  3.47614211e+00 
 5.21628000e-04  3.47612637e+00 
 5.21728000e-04  3.47611063e+00 
 5.21828000e-04  3.47609489e+00 
 5.21928000e-04  3.47607915e+00 
 5.22028000e-04  3.47606341e+00 
 5.22128000e-04  3.47604767e+00 
 5.22228000e-04  3.47603193e+00 
 5.22328000e-04  3.47601619e+00 
 5.22428000e-04  3.47600045e+00 
 5.22528000e-04  3.47598472e+00 
 5.22628000e-04  3.47596898e+00 
 5.22728000e-04  3.47595324e+00 
 5.22828000e-04  3.47593751e+00 
 5.22928000e-04  3.47592177e+00 
 5.23028000e-04  3.47590604e+00 
 5.23128000e-04  3.47589030e+00 
 5.23228000e-04  3.47587457e+00 
 5.23328000e-04  3.47585883e+00 
 5.23428000e-04  3.47584310e+00 
 5.23528000e-04  3.47582737e+00 
 5.23628000e-04  3.47581164e+00 
 5.23728000e-04  3.47579590e+00 
 5.23828000e-04  3.47578017e+00 
 5.23928000e-04  3.47576444e+00 
 5.24028000e-04  3.47574871e+00 
 5.24128000e-04  3.47573298e+00 
 5.24228000e-04  3.47571726e+00 
 5.24328000e-04  3.47570153e+00 
 5.24428000e-04  3.47568580e+00 
 5.24528000e-04  3.47567007e+00 
 5.24628000e-04  3.47565435e+00 
 5.24728000e-04  3.47563862e+00 
 5.24828000e-04  3.47562290e+00 
 5.24928000e-04  3.47560717e+00 
 5.25028000e-04  3.47559145e+00 
 5.25128000e-04  3.47557572e+00 
 5.25228000e-04  3.47556000e+00 
 5.25328000e-04  3.47554428e+00 
 5.25428000e-04  3.47552856e+00 
 5.25528000e-04  3.47551283e+00 
 5.25628000e-04  3.47549711e+00 
 5.25728000e-04  3.47548139e+00 
 5.25828000e-04  3.47546568e+00 
 5.25928000e-04  3.47544996e+00 
 5.26028000e-04  3.47543424e+00 
 5.26128000e-04  3.47541852e+00 
 5.26228000e-04  3.47540281e+00 
 5.26328000e-04  3.47538709e+00 
 5.26428000e-04  3.47537138e+00 
 5.26528000e-04  3.47535566e+00 
 5.26628000e-04  3.47533995e+00 
 5.26728000e-04  3.47532424e+00 
 5.26828000e-04  3.47530853e+00 
 5.26928000e-04  3.47529282e+00 
 5.27028000e-04  3.47527711e+00 
 5.27128000e-04  3.47526140e+00 
 5.27228000e-04  3.47524570e+00 
 5.27328000e-04  3.47523000e+00 
 5.27428000e-04  3.47521429e+00 
 5.27528000e-04  3.47519860e+00 
 5.27628000e-04  3.47518290e+00 
 5.27728000e-04  3.47516721e+00 
 5.27828000e-04  3.47515152e+00 
 5.27928000e-04  3.47513583e+00 
 5.28028000e-04  3.47512015e+00 
 5.28128000e-04  3.47510448e+00 
 5.28228000e-04  3.47508881e+00 
 5.28328000e-04  3.47507316e+00 
 5.28428000e-04  3.47505751e+00 
 5.28528000e-04  3.47504187e+00 
 5.28628000e-04  3.47502625e+00 
 5.28728000e-04  3.47501064e+00 
 5.28828000e-04  3.47499505e+00 
 5.28928000e-04  3.47497949e+00 
 5.29028000e-04  3.47496396e+00 
 5.29128000e-04  3.47494846e+00 
 5.29228000e-04  3.47493300e+00 
 5.29328000e-04  3.47491759e+00 
 5.29428000e-04  3.47490224e+00 
 5.29528000e-04  3.47488697e+00 
 5.29628000e-04  3.47487178e+00 
 5.29728000e-04  3.47485669e+00 
 5.29828000e-04  3.47484173e+00 
 5.29928000e-04  3.47482692e+00 
 5.30028000e-04  3.47481229e+00 
 5.30128000e-04  3.47479788e+00 
 5.30228000e-04  3.47478373e+00 
 5.30328000e-04  3.47476990e+00 
 5.30428000e-04  3.47475646e+00 
 5.30528000e-04  3.47474347e+00 
 5.30628000e-04  3.47473104e+00 
 5.30728000e-04  3.47471928e+00 
 5.30828000e-04  3.47470832e+00 
 5.30928000e-04  3.47469833e+00 
 5.31028000e-04  3.47468951e+00 
 5.31128000e-04  3.47468210e+00 
 5.31228000e-04  3.47467639e+00 
 5.31328000e-04  3.47467272e+00 
 5.31428000e-04  3.47467152e+00 
 5.31528000e-04  3.47467328e+00 
 5.31628000e-04  3.47467861e+00 
 5.31728000e-04  3.47468824e+00 
 5.31828000e-04  3.47470305e+00 
 5.31928000e-04  3.47472409e+00 
 5.32028000e-04  3.47475261e+00 
 5.32128000e-04  3.47479014e+00 
 5.32228000e-04  3.47483849e+00 
 5.32328000e-04  3.47489984e+00 
 5.32428000e-04  3.47497678e+00 
 5.32528000e-04  3.47507242e+00 
 5.32628000e-04  3.47519045e+00 
 5.32728000e-04  3.47533527e+00 
 5.32828000e-04  3.47551208e+00 
 5.32928000e-04  3.47572703e+00 
 5.33028000e-04  3.47598735e+00 
 5.33128000e-04  3.47630151e+00 
 5.33228000e-04  3.47667936e+00 
 5.33328000e-04  3.47713230e+00 
 5.33428000e-04  3.47767342e+00 
 5.33528000e-04  3.47831761e+00 
 5.33628000e-04  3.47908162e+00 
 5.33728000e-04  3.47998409e+00 
 5.33828000e-04  3.48104547e+00 
 5.33928000e-04  3.48228786e+00 
 5.34028000e-04  3.48373468e+00 
 5.34128000e-04  3.48541032e+00 
 5.34228000e-04  3.48733954e+00 
 5.34328000e-04  3.48954690e+00 
 5.34428000e-04  3.49205602e+00 
 5.34528000e-04  3.49488889e+00 
 5.34628000e-04  3.49806517e+00 
 5.34728000e-04  3.50160163e+00 
 5.34828000e-04  3.50551163e+00 
 5.34928000e-04  3.50980486e+00 
 5.35028000e-04  3.51448720e+00 
 5.35128000e-04  3.51956077e+00 
 5.35228000e-04  3.52502415e+00 
 5.35328000e-04  3.53087266e+00 
 5.35428000e-04  3.53709882e+00 
 5.35528000e-04  3.54369277e+00 
 5.35628000e-04  3.55064274e+00 
 5.35728000e-04  3.55691043e+00 
 5.35828000e-04  3.55606729e+00 
 5.35928000e-04  3.54982127e+00 
 5.36028000e-04  3.54452117e+00 
 5.36128000e-04  3.53951550e+00 
 5.36228000e-04  3.53489466e+00 
 5.36328000e-04  3.53064851e+00 
 5.36428000e-04  3.52677836e+00 
 5.36528000e-04  3.52327768e+00 
 5.36628000e-04  3.52013596e+00 
 5.36728000e-04  3.51733798e+00 
 5.36828000e-04  3.51486467e+00 
 5.36928000e-04  3.51269378e+00 
 5.37028000e-04  3.51080087e+00 
 5.37128000e-04  3.50916029e+00 
 5.37228000e-04  3.50774610e+00 
 5.37328000e-04  3.50653288e+00 
 5.37428000e-04  3.50549638e+00 
 5.37528000e-04  3.50461396e+00 
 5.37628000e-04  3.50386490e+00 
 5.37728000e-04  3.50323053e+00 
 5.37828000e-04  3.50269423e+00 
 5.37928000e-04  3.50224141e+00 
 5.38028000e-04  3.50185936e+00 
 5.38128000e-04  3.50153709e+00 
 5.38228000e-04  3.50126517e+00 
 5.38328000e-04  3.50103557e+00 
 5.38428000e-04  3.50084146e+00 
 5.38528000e-04  3.50067705e+00 
 5.38628000e-04  3.50053748e+00 
 5.38728000e-04  3.50041864e+00 
 5.38828000e-04  3.50031709e+00 
 5.38928000e-04  3.50022995e+00 
 5.39028000e-04  3.50015481e+00 
 5.39128000e-04  3.50008966e+00 
 5.39228000e-04  3.50003283e+00 
 5.39328000e-04  3.49998290e+00 
 5.39428000e-04  3.49993872e+00 
 5.39528000e-04  3.49989931e+00 
 5.39628000e-04  3.49986387e+00 
 5.39728000e-04  3.49983173e+00 
 5.39828000e-04  3.49980232e+00 
 5.39928000e-04  3.49977519e+00 
 5.40028000e-04  3.49974994e+00 
 5.40128000e-04  3.49972626e+00 
 5.40228000e-04  3.49970389e+00 
 5.40328000e-04  3.49968259e+00 
 5.40428000e-04  3.49966219e+00 
 5.40528000e-04  3.49964254e+00 
 5.40628000e-04  3.49962351e+00 
 5.40728000e-04  3.49960499e+00 
 5.40828000e-04  3.49958689e+00 
 5.40928000e-04  3.49956915e+00 
 5.41028000e-04  3.49955171e+00 
 5.41128000e-04  3.49953451e+00 
 5.41228000e-04  3.49951751e+00 
 5.41328000e-04  3.49950068e+00 
 5.41428000e-04  3.49948399e+00 
 5.41528000e-04  3.49946741e+00 
 5.41628000e-04  3.49945094e+00 
 5.41728000e-04  3.49943454e+00 
 5.41828000e-04  3.49941821e+00 
 5.41928000e-04  3.49940194e+00 
 5.42028000e-04  3.49938571e+00 
 5.42128000e-04  3.49936952e+00 
 5.42228000e-04  3.49935336e+00 
 5.42328000e-04  3.49933723e+00 
 5.42428000e-04  3.49932112e+00 
 5.42528000e-04  3.49930503e+00 
 5.42628000e-04  3.49928896e+00 
 5.42728000e-04  3.49927290e+00 
 5.42828000e-04  3.49925685e+00 
 5.42928000e-04  3.49924081e+00 
 5.43028000e-04  3.49922478e+00 
 5.43128000e-04  3.49920875e+00 
 5.43228000e-04  3.49919273e+00 
 5.43328000e-04  3.49917672e+00 
 5.43428000e-04  3.49916070e+00 
 5.43528000e-04  3.49914470e+00 
 5.43628000e-04  3.49912869e+00 
 5.43728000e-04  3.49911269e+00 
 5.43828000e-04  3.49909669e+00 
 5.43928000e-04  3.49908069e+00 
 5.44028000e-04  3.49906469e+00 
 5.44128000e-04  3.49904870e+00 
 5.44228000e-04  3.49903271e+00 
 5.44328000e-04  3.49901671e+00 
 5.44428000e-04  3.49900072e+00 
 5.44528000e-04  3.49898473e+00 
 5.44628000e-04  3.49896874e+00 
 5.44728000e-04  3.49895276e+00 
 5.44828000e-04  3.49893677e+00 
 5.44928000e-04  3.49892078e+00 
 5.45028000e-04  3.49890480e+00 
 5.45128000e-04  3.49888881e+00 
 5.45228000e-04  3.49887283e+00 
 5.45328000e-04  3.49885685e+00 
 5.45428000e-04  3.49884086e+00 
 5.45528000e-04  3.49882488e+00 
 5.45628000e-04  3.49880890e+00 
 5.45728000e-04  3.49879292e+00 
 5.45828000e-04  3.49877694e+00 
 5.45928000e-04  3.49876096e+00 
 5.46028000e-04  3.49874498e+00 
 5.46128000e-04  3.49872900e+00 
 5.46228000e-04  3.49871303e+00 
 5.46328000e-04  3.49869705e+00 
 5.46428000e-04  3.49868107e+00 
 5.46528000e-04  3.49866510e+00 
 5.46628000e-04  3.49864912e+00 
 5.46728000e-04  3.49863315e+00 
 5.46828000e-04  3.49861717e+00 
 5.46928000e-04  3.49860120e+00 
 5.47028000e-04  3.49858523e+00 
 5.47128000e-04  3.49856925e+00 
 5.47228000e-04  3.49855328e+00 
 5.47328000e-04  3.49853731e+00 
 5.47428000e-04  3.49852134e+00 
 5.47528000e-04  3.49850537e+00 
 5.47628000e-04  3.49848940e+00 
 5.47728000e-04  3.49847343e+00 
 5.47828000e-04  3.49845746e+00 
 5.47928000e-04  3.49844149e+00 
 5.48028000e-04  3.49842552e+00 
 5.48128000e-04  3.49840956e+00 
 5.48228000e-04  3.49839359e+00 
 5.48328000e-04  3.49837762e+00 
 5.48428000e-04  3.49836166e+00 
 5.48528000e-04  3.49834569e+00 
 5.48628000e-04  3.49832973e+00 
 5.48728000e-04  3.49831376e+00 
 5.48828000e-04  3.49829780e+00 
 5.48928000e-04  3.49828184e+00 
 5.49028000e-04  3.49826587e+00 
 5.49128000e-04  3.49824991e+00 
 5.49228000e-04  3.49823395e+00 
 5.49328000e-04  3.49821799e+00 
 5.49428000e-04  3.49820203e+00 
 5.49528000e-04  3.49818607e+00 
 5.49628000e-04  3.49817011e+00 
 5.49728000e-04  3.49815415e+00 
 5.49828000e-04  3.49813819e+00 
 5.49928000e-04  3.49812223e+00 
 5.50028000e-04  3.49810627e+00 
 5.50128000e-04  3.49809031e+00 
 5.50228000e-04  3.49807436e+00 
 5.50328000e-04  3.49805840e+00 
 5.50428000e-04  3.49804244e+00 
 5.50528000e-04  3.49802649e+00 
 5.50628000e-04  3.49801053e+00 
 5.50728000e-04  3.49799458e+00 
 5.50828000e-04  3.49797862e+00 
 5.50928000e-04  3.49796267e+00 
 5.51028000e-04  3.49794671e+00 
 5.51128000e-04  3.49793076e+00 
 5.51228000e-04  3.49791481e+00 
 5.51328000e-04  3.49789886e+00 
 5.51428000e-04  3.49788290e+00 
 5.51528000e-04  3.49786695e+00 
 5.51628000e-04  3.49785100e+00 
 5.51728000e-04  3.49783505e+00 
 5.51828000e-04  3.49781910e+00 
 5.51928000e-04  3.49780315e+00 
 5.52028000e-04  3.49778720e+00 
 5.52128000e-04  3.49777125e+00 
 5.52228000e-04  3.49775530e+00 
 5.52328000e-04  3.49773935e+00 
 5.52428000e-04  3.49772341e+00 
 5.52528000e-04  3.49770746e+00 
 5.52628000e-04  3.49769151e+00 
 5.52728000e-04  3.49767557e+00 
 5.52828000e-04  3.49765962e+00 
 5.52928000e-04  3.49764367e+00 
 5.53028000e-04  3.49762773e+00 
 5.53128000e-04  3.49761178e+00 
 5.53228000e-04  3.49759584e+00 
 5.53328000e-04  3.49757990e+00 
 5.53428000e-04  3.49756395e+00 
 5.53528000e-04  3.49754801e+00 
 5.53628000e-04  3.49753207e+00 
 5.53728000e-04  3.49751612e+00 
 5.53828000e-04  3.49750018e+00 
 5.53928000e-04  3.49748424e+00 
 5.54028000e-04  3.49746830e+00 
 5.54128000e-04  3.49745236e+00 
 5.54228000e-04  3.49743642e+00 
 5.54328000e-04  3.49742048e+00 
 5.54428000e-04  3.49740454e+00 
 5.54528000e-04  3.49738860e+00 
 5.54628000e-04  3.49737266e+00 
 5.54728000e-04  3.49735672e+00 
 5.54828000e-04  3.49734078e+00 
 5.54928000e-04  3.49732484e+00 
 5.55028000e-04  3.49730890e+00 
 5.55128000e-04  3.49729297e+00 
 5.55228000e-04  3.49727703e+00 
 5.55328000e-04  3.49726109e+00 
 5.55428000e-04  3.49724516e+00 
 5.55528000e-04  3.49722922e+00 
 5.55628000e-04  3.49721329e+00 
 5.55728000e-04  3.49719735e+00 
 5.55828000e-04  3.49718142e+00 
 5.55928000e-04  3.49716548e+00 
 5.56028000e-04  3.49714955e+00 
 5.56128000e-04  3.49713362e+00 
 5.56228000e-04  3.49711768e+00 
 5.56328000e-04  3.49710175e+00 
 5.56428000e-04  3.49708582e+00 
 5.56528000e-04  3.49706989e+00 
 5.56628000e-04  3.49705395e+00 
 5.56728000e-04  3.49703802e+00 
 5.56828000e-04  3.49702209e+00 
 5.56928000e-04  3.49700616e+00 
 5.57028000e-04  3.49699023e+00 
 5.57128000e-04  3.49697430e+00 
 5.57228000e-04  3.49695837e+00 
 5.57328000e-04  3.49694244e+00 
 5.57428000e-04  3.49692651e+00 
 5.57528000e-04  3.49691058e+00 
 5.57628000e-04  3.49689466e+00 
 5.57728000e-04  3.49687873e+00 
 5.57828000e-04  3.49686280e+00 
 5.57928000e-04  3.49684687e+00 
 5.58028000e-04  3.49683095e+00 
 5.58128000e-04  3.49681502e+00 
 5.58228000e-04  3.49679909e+00 
 5.58328000e-04  3.49678317e+00 
 5.58428000e-04  3.49676724e+00 
 5.58528000e-04  3.49675132e+00 
 5.58628000e-04  3.49673539e+00 
 5.58728000e-04  3.49671947e+00 
 5.58828000e-04  3.49670354e+00 
 5.58928000e-04  3.49668762e+00 
 5.59028000e-04  3.49667170e+00 
 5.59128000e-04  3.49665577e+00 
 5.59228000e-04  3.49663985e+00 
 5.59328000e-04  3.49662393e+00 
 5.59428000e-04  3.49660801e+00 
 5.59528000e-04  3.49659208e+00 
 5.59628000e-04  3.49657616e+00 
 5.59728000e-04  3.49656024e+00 
 5.59828000e-04  3.49654432e+00 
 5.59928000e-04  3.49652840e+00 
 5.60028000e-04  3.49651248e+00 
 5.60128000e-04  3.49649656e+00 
 5.60228000e-04  3.49648064e+00 
 5.60328000e-04  3.49646472e+00 
 5.60428000e-04  3.49644880e+00 
 5.60528000e-04  3.49643288e+00 
 5.60628000e-04  3.49641697e+00 
 5.60728000e-04  3.49640105e+00 
 5.60828000e-04  3.49638513e+00 
 5.60928000e-04  3.49636921e+00 
 5.61028000e-04  3.49635330e+00 
 5.61128000e-04  3.49633738e+00 
 5.61228000e-04  3.49632146e+00 
 5.61328000e-04  3.49630555e+00 
 5.61428000e-04  3.49628963e+00 
 5.61528000e-04  3.49627372e+00 
 5.61628000e-04  3.49625780e+00 
 5.61728000e-04  3.49624189e+00 
 5.61828000e-04  3.49622597e+00 
 5.61928000e-04  3.49621006e+00 
 5.62028000e-04  3.49619414e+00 
 5.62128000e-04  3.49617823e+00 
 5.62228000e-04  3.49616232e+00 
 5.62328000e-04  3.49614641e+00 
 5.62428000e-04  3.49613049e+00 
 5.62528000e-04  3.49611458e+00 
 5.62628000e-04  3.49609867e+00 
 5.62728000e-04  3.49608276e+00 
 5.62828000e-04  3.49606685e+00 
 5.62928000e-04  3.49605094e+00 
 5.63028000e-04  3.49603503e+00 
 5.63128000e-04  3.49601912e+00 
 5.63228000e-04  3.49600321e+00 
 5.63328000e-04  3.49598730e+00 
 5.63428000e-04  3.49597139e+00 
 5.63528000e-04  3.49595548e+00 
 5.63628000e-04  3.49593957e+00 
 5.63728000e-04  3.49592366e+00 
 5.63828000e-04  3.49590775e+00 
 5.63928000e-04  3.49589184e+00 
 5.64028000e-04  3.49587594e+00 
 5.64128000e-04  3.49586003e+00 
 5.64228000e-04  3.49584412e+00 
 5.64328000e-04  3.49582822e+00 
 5.64428000e-04  3.49581231e+00 
 5.64528000e-04  3.49579641e+00 
 5.64628000e-04  3.49578050e+00 
 5.64728000e-04  3.49576459e+00 
 5.64828000e-04  3.49574869e+00 
 5.64928000e-04  3.49573278e+00 
 5.65028000e-04  3.49571688e+00 
 5.65128000e-04  3.49570098e+00 
 5.65228000e-04  3.49568507e+00 
 5.65328000e-04  3.49566917e+00 
 5.65428000e-04  3.49565327e+00 
 5.65528000e-04  3.49563736e+00 
 5.65628000e-04  3.49562146e+00 
 5.65728000e-04  3.49560556e+00 
 5.65828000e-04  3.49558966e+00 
 5.65928000e-04  3.49557376e+00 
 5.66028000e-04  3.49555785e+00 
 5.66128000e-04  3.49554195e+00 
 5.66228000e-04  3.49552605e+00 
 5.66328000e-04  3.49551015e+00 
 5.66428000e-04  3.49549425e+00 
 5.66528000e-04  3.49547835e+00 
 5.66628000e-04  3.49546245e+00 
 5.66728000e-04  3.49544655e+00 
 5.66828000e-04  3.49543066e+00 
 5.66928000e-04  3.49541476e+00 
 5.67028000e-04  3.49539886e+00 
 5.67128000e-04  3.49538296e+00 
 5.67228000e-04  3.49536706e+00 
 5.67328000e-04  3.49535117e+00 
 5.67428000e-04  3.49533527e+00 
 5.67528000e-04  3.49531937e+00 
 5.67628000e-04  3.49530348e+00 
 5.67728000e-04  3.49528758e+00 
 5.67828000e-04  3.49527168e+00 
 5.67928000e-04  3.49525579e+00 
 5.68028000e-04  3.49523989e+00 
 5.68128000e-04  3.49522400e+00 
 5.68228000e-04  3.49520810e+00 
 5.68328000e-04  3.49519221e+00 
 5.68428000e-04  3.49517631e+00 
 5.68528000e-04  3.49516042e+00 
 5.68628000e-04  3.49514453e+00 
 5.68728000e-04  3.49512863e+00 
 5.68828000e-04  3.49511274e+00 
 5.68928000e-04  3.49509685e+00 
 5.69028000e-04  3.49508096e+00 
 5.69128000e-04  3.49506506e+00 
 5.69228000e-04  3.49504917e+00 
 5.69328000e-04  3.49503328e+00 
 5.69428000e-04  3.49501739e+00 
 5.69528000e-04  3.49500150e+00 
 5.69628000e-04  3.49498561e+00 
 5.69728000e-04  3.49496972e+00 
 5.69828000e-04  3.49495383e+00 
 5.69928000e-04  3.49493794e+00 
 5.70028000e-04  3.49492205e+00 
 5.70128000e-04  3.49490616e+00 
 5.70228000e-04  3.49489027e+00 
 5.70328000e-04  3.49487438e+00 
 5.70428000e-04  3.49485850e+00 
 5.70528000e-04  3.49484261e+00 
 5.70628000e-04  3.49482672e+00 
 5.70728000e-04  3.49481083e+00 
 5.70828000e-04  3.49479495e+00 
 5.70928000e-04  3.49477906e+00 
 5.71028000e-04  3.49476317e+00 
 5.71128000e-04  3.49474729e+00 
 5.71228000e-04  3.49473140e+00 
 5.71328000e-04  3.49471552e+00 
 5.71428000e-04  3.49469963e+00 
 5.71528000e-04  3.49468375e+00 
 5.71628000e-04  3.49466786e+00 
 5.71728000e-04  3.49465198e+00 
 5.71828000e-04  3.49463610e+00 
 5.71928000e-04  3.49462021e+00 
 5.72028000e-04  3.49460433e+00 
 5.72128000e-04  3.49458845e+00 
 5.72228000e-04  3.49457256e+00 
 5.72328000e-04  3.49455668e+00 
 5.72428000e-04  3.49454080e+00 
 5.72528000e-04  3.49452492e+00 
 5.72628000e-04  3.49450903e+00 
 5.72728000e-04  3.49449315e+00 
 5.72828000e-04  3.49447727e+00 
 5.72928000e-04  3.49446139e+00 
 5.73028000e-04  3.49444551e+00 
 5.73128000e-04  3.49442963e+00 
 5.73228000e-04  3.49441375e+00 
 5.73328000e-04  3.49439787e+00 
 5.73428000e-04  3.49438199e+00 
 5.73528000e-04  3.49436611e+00 
 5.73628000e-04  3.49435024e+00 
 5.73728000e-04  3.49433436e+00 
 5.73828000e-04  3.49431848e+00 
 5.73928000e-04  3.49430260e+00 
 5.74028000e-04  3.49428672e+00 
 5.74128000e-04  3.49427085e+00 
 5.74228000e-04  3.49425497e+00 
 5.74328000e-04  3.49423909e+00 
 5.74428000e-04  3.49422322e+00 
 5.74528000e-04  3.49420734e+00 
 5.74628000e-04  3.49419147e+00 
 5.74728000e-04  3.49417559e+00 
 5.74828000e-04  3.49415972e+00 
 5.74928000e-04  3.49414384e+00 
 5.75028000e-04  3.49412797e+00 
 5.75128000e-04  3.49411209e+00 
 5.75228000e-04  3.49409622e+00 
 5.75328000e-04  3.49408035e+00 
 5.75428000e-04  3.49406447e+00 
 5.75528000e-04  3.49404860e+00 
 5.75628000e-04  3.49403273e+00 
 5.75728000e-04  3.49401686e+00 
 5.75828000e-04  3.49400098e+00 
 5.75928000e-04  3.49398511e+00 
 5.76028000e-04  3.49396924e+00 
 5.76128000e-04  3.49395337e+00 
 5.76228000e-04  3.49393750e+00 
 5.76328000e-04  3.49392163e+00 
 5.76428000e-04  3.49390576e+00 
 5.76528000e-04  3.49388989e+00 
 5.76628000e-04  3.49387402e+00 
 5.76728000e-04  3.49385815e+00 
 5.76828000e-04  3.49384228e+00 
 5.76928000e-04  3.49382641e+00 
 5.77028000e-04  3.49381054e+00 
 5.77128000e-04  3.49379468e+00 
 5.77228000e-04  3.49377881e+00 
 5.77328000e-04  3.49376294e+00 
 5.77428000e-04  3.49374707e+00 
 5.77528000e-04  3.49373121e+00 
 5.77628000e-04  3.49371534e+00 
 5.77728000e-04  3.49369947e+00 
 5.77828000e-04  3.49368361e+00 
 5.77928000e-04  3.49366774e+00 
 5.78028000e-04  3.49365188e+00 
 5.78128000e-04  3.49363601e+00 
 5.78228000e-04  3.49362015e+00 
 5.78328000e-04  3.49360428e+00 
 5.78428000e-04  3.49358842e+00 
 5.78528000e-04  3.49357256e+00 
 5.78628000e-04  3.49355669e+00 
 5.78728000e-04  3.49354083e+00 
 5.78828000e-04  3.49352497e+00 
 5.78928000e-04  3.49350910e+00 
 5.79028000e-04  3.49349324e+00 
 5.79128000e-04  3.49347738e+00 
 5.79228000e-04  3.49346152e+00 
 5.79328000e-04  3.49344566e+00 
 5.79428000e-04  3.49342980e+00 
 5.79528000e-04  3.49341393e+00 
 5.79628000e-04  3.49339807e+00 
 5.79728000e-04  3.49338221e+00 
 5.79828000e-04  3.49336635e+00 
 5.79928000e-04  3.49335050e+00 
 5.80028000e-04  3.49333464e+00 
 5.80128000e-04  3.49331878e+00 
 5.80228000e-04  3.49330292e+00 
 5.80328000e-04  3.49328706e+00 
 5.80428000e-04  3.49327120e+00 
 5.80528000e-04  3.49325535e+00 
 5.80628000e-04  3.49323949e+00 
 5.80728000e-04  3.49322363e+00 
 5.80828000e-04  3.49320778e+00 
 5.80928000e-04  3.49319192e+00 
 5.81028000e-04  3.49317606e+00 
 5.81128000e-04  3.49316021e+00 
 5.81228000e-04  3.49314435e+00 
 5.81328000e-04  3.49312850e+00 
 5.81428000e-04  3.49311264e+00 
 5.81528000e-04  3.49309679e+00 
 5.81628000e-04  3.49308093e+00 
 5.81728000e-04  3.49306508e+00 
 5.81828000e-04  3.49304923e+00 
 5.81928000e-04  3.49303337e+00 
 5.82028000e-04  3.49301752e+00 
 5.82128000e-04  3.49300167e+00 
 5.82228000e-04  3.49298582e+00 
 5.82328000e-04  3.49296997e+00 
 5.82428000e-04  3.49295411e+00 
 5.82528000e-04  3.49293826e+00 
 5.82628000e-04  3.49292241e+00 
 5.82728000e-04  3.49290656e+00 
 5.82828000e-04  3.49289071e+00 
 5.82928000e-04  3.49287486e+00 
 5.83028000e-04  3.49285901e+00 
 5.83128000e-04  3.49284316e+00 
 5.83228000e-04  3.49282732e+00 
 5.83328000e-04  3.49281147e+00 
 5.83428000e-04  3.49279562e+00 
 5.83528000e-04  3.49277977e+00 
 5.83628000e-04  3.49276392e+00 
 5.83728000e-04  3.49274808e+00 
 5.83828000e-04  3.49273223e+00 
 5.83928000e-04  3.49271638e+00 
 5.84028000e-04  3.49270054e+00 
 5.84128000e-04  3.49268469e+00 
 5.84228000e-04  3.49266885e+00 
 5.84328000e-04  3.49265300e+00 
 5.84428000e-04  3.49263716e+00 
 5.84528000e-04  3.49262131e+00 
 5.84628000e-04  3.49260547e+00 
 5.84728000e-04  3.49258962e+00 
 5.84828000e-04  3.49257378e+00 
 5.84928000e-04  3.49255794e+00 
 5.85028000e-04  3.49254210e+00 
 5.85128000e-04  3.49252625e+00 
 5.85228000e-04  3.49251041e+00 
 5.85328000e-04  3.49249457e+00 
 5.85428000e-04  3.49247873e+00 
 5.85528000e-04  3.49246289e+00 
 5.85628000e-04  3.49244705e+00 
 5.85728000e-04  3.49243121e+00 
 5.85828000e-04  3.49241537e+00 
 5.85928000e-04  3.49239953e+00 
 5.86028000e-04  3.49238369e+00 
 5.86128000e-04  3.49236785e+00 
 5.86228000e-04  3.49235201e+00 
 5.86328000e-04  3.49233617e+00 
 5.86428000e-04  3.49232034e+00 
 5.86528000e-04  3.49230450e+00 
 5.86628000e-04  3.49228866e+00 
 5.86728000e-04  3.49227283e+00 
 5.86828000e-04  3.49225699e+00 
 5.86928000e-04  3.49224115e+00 
 5.87028000e-04  3.49222532e+00 
 5.87128000e-04  3.49220948e+00 
 5.87228000e-04  3.49219365e+00 
 5.87328000e-04  3.49217781e+00 
 5.87428000e-04  3.49216198e+00 
 5.87528000e-04  3.49214615e+00 
 5.87628000e-04  3.49213031e+00 
 5.87728000e-04  3.49211448e+00 
 5.87828000e-04  3.49209865e+00 
 5.87928000e-04  3.49208282e+00 
 5.88028000e-04  3.49206698e+00 
 5.88128000e-04  3.49205115e+00 
 5.88228000e-04  3.49203532e+00 
 5.88328000e-04  3.49201949e+00 
 5.88428000e-04  3.49200366e+00 
 5.88528000e-04  3.49198783e+00 
 5.88628000e-04  3.49197200e+00 
 5.88728000e-04  3.49195617e+00 
 5.88828000e-04  3.49194034e+00 
 5.88928000e-04  3.49192452e+00 
 5.89028000e-04  3.49190869e+00 
 5.89128000e-04  3.49189286e+00 
 5.89228000e-04  3.49187703e+00 
 5.89328000e-04  3.49186121e+00 
 5.89428000e-04  3.49184538e+00 
 5.89528000e-04  3.49182955e+00 
 5.89628000e-04  3.49181373e+00 
 5.89728000e-04  3.49179790e+00 
 5.89828000e-04  3.49178208e+00 
 5.89928000e-04  3.49176625e+00 
 5.90028000e-04  3.49175043e+00 
 5.90128000e-04  3.49173461e+00 
 5.90228000e-04  3.49171878e+00 
 5.90328000e-04  3.49170296e+00 
 5.90428000e-04  3.49168714e+00 
 5.90528000e-04  3.49167132e+00 
 5.90628000e-04  3.49165550e+00 
 5.90728000e-04  3.49163967e+00 
 5.90828000e-04  3.49162385e+00 
 5.90928000e-04  3.49160803e+00 
 5.91028000e-04  3.49159221e+00 
 5.91128000e-04  3.49157639e+00 
 5.91228000e-04  3.49156057e+00 
 5.91328000e-04  3.49154476e+00 
 5.91428000e-04  3.49152894e+00 
 5.91528000e-04  3.49151312e+00 
 5.91628000e-04  3.49149730e+00 
 5.91728000e-04  3.49148149e+00 
 5.91828000e-04  3.49146567e+00 
 5.91928000e-04  3.49144985e+00 
 5.92028000e-04  3.49143404e+00 
 5.92128000e-04  3.49141822e+00 
 5.92228000e-04  3.49140241e+00 
 5.92328000e-04  3.49138659e+00 
 5.92428000e-04  3.49137078e+00 
 5.92528000e-04  3.49135497e+00 
 5.92628000e-04  3.49133915e+00 
 5.92728000e-04  3.49132334e+00 
 5.92828000e-04  3.49130753e+00 
 5.92928000e-04  3.49129172e+00 
 5.93028000e-04  3.49127591e+00 
 5.93128000e-04  3.49126010e+00 
 5.93228000e-04  3.49124429e+00 
 5.93328000e-04  3.49122848e+00 
 5.93428000e-04  3.49121267e+00 
 5.93528000e-04  3.49119686e+00 
 5.93628000e-04  3.49118105e+00 
 5.93728000e-04  3.49116524e+00 
 5.93828000e-04  3.49114943e+00 
 5.93928000e-04  3.49113363e+00 
 5.94028000e-04  3.49111782e+00 
 5.94128000e-04  3.49110202e+00 
 5.94228000e-04  3.49108621e+00 
 5.94328000e-04  3.49107041e+00 
 5.94428000e-04  3.49105460e+00 
 5.94528000e-04  3.49103880e+00 
 5.94628000e-04  3.49102299e+00 
 5.94728000e-04  3.49100719e+00 
 5.94828000e-04  3.49099139e+00 
 5.94928000e-04  3.49097559e+00 
 5.95028000e-04  3.49095979e+00 
 5.95128000e-04  3.49094398e+00 
 5.95228000e-04  3.49092818e+00 
 5.95328000e-04  3.49091238e+00 
 5.95428000e-04  3.49089658e+00 
 5.95528000e-04  3.49088079e+00 
 5.95628000e-04  3.49086499e+00 
 5.95728000e-04  3.49084919e+00 
 5.95828000e-04  3.49083339e+00 
 5.95928000e-04  3.49081760e+00 
 5.96028000e-04  3.49080180e+00 
 5.96128000e-04  3.49078600e+00 
 5.96228000e-04  3.49077021e+00 
 5.96328000e-04  3.49075442e+00 
 5.96428000e-04  3.49073862e+00 
 5.96528000e-04  3.49072283e+00 
 5.96628000e-04  3.49070704e+00 
 5.96728000e-04  3.49069124e+00 
 5.96828000e-04  3.49067545e+00 
 5.96928000e-04  3.49065966e+00 
 5.97028000e-04  3.49064387e+00 
 5.97128000e-04  3.49062808e+00 
 5.97228000e-04  3.49061229e+00 
 5.97328000e-04  3.49059650e+00 
 5.97428000e-04  3.49058072e+00 
 5.97528000e-04  3.49056493e+00 
 5.97628000e-04  3.49054915e+00 
 5.97728000e-04  3.49053336e+00 
 5.97828000e-04  3.49051758e+00 
 5.97928000e-04  3.49050179e+00 
 5.98028000e-04  3.49048601e+00 
 5.98128000e-04  3.49047023e+00 
 5.98228000e-04  3.49045445e+00 
 5.98328000e-04  3.49043867e+00 
 5.98428000e-04  3.49042289e+00 
 5.98528000e-04  3.49040711e+00 
 5.98628000e-04  3.49039134e+00 
 5.98728000e-04  3.49037556e+00 
 5.98828000e-04  3.49035979e+00 
 5.98928000e-04  3.49034402e+00 
 5.99028000e-04  3.49032825e+00 
 5.99128000e-04  3.49031249e+00 
 5.99228000e-04  3.49029672e+00 
 5.99328000e-04  3.49028096e+00 
 5.99428000e-04  3.49026521e+00 
 5.99528000e-04  3.49024946e+00 
 5.99628000e-04  3.49023371e+00 
 5.99728000e-04  3.49021798e+00 
 5.99828000e-04  3.49020225e+00 
 5.99928000e-04  3.49018652e+00 
 6.00028000e-04  3.49017081e+00 
 6.00128000e-04  3.49015512e+00 
 6.00228000e-04  3.49013944e+00 
 6.00328000e-04  3.49012377e+00 
 6.00428000e-04  3.49010813e+00 
 6.00528000e-04  3.49009252e+00 
 6.00628000e-04  3.49007694e+00 
 6.00728000e-04  3.49006140e+00 
 6.00828000e-04  3.49004590e+00 
 6.00928000e-04  3.49003046e+00 
 6.01028000e-04  3.49001509e+00 
 6.01128000e-04  3.48999979e+00 
 6.01228000e-04  3.48998460e+00 
 6.01328000e-04  3.48996952e+00 
 6.01428000e-04  3.48995458e+00 
 6.01528000e-04  3.48993982e+00 
 6.01628000e-04  3.48992525e+00 
 6.01728000e-04  3.48991094e+00 
 6.01828000e-04  3.48989691e+00 
 6.01928000e-04  3.48988325e+00 
 6.02028000e-04  3.48987002e+00 
 6.02128000e-04  3.48985730e+00 
 6.02228000e-04  3.48984521e+00 
 6.02328000e-04  3.48983387e+00 
 6.02428000e-04  3.48982344e+00 
 6.02528000e-04  3.48981410e+00 
 6.02628000e-04  3.48980607e+00 
 6.02728000e-04  3.48979964e+00 
 6.02828000e-04  3.48979511e+00 
 6.02928000e-04  3.48979288e+00 
 6.03028000e-04  3.48979342e+00 
 6.03128000e-04  3.48979730e+00 
 6.03228000e-04  3.48980520e+00 
 6.03328000e-04  3.48981794e+00 
 6.03428000e-04  3.48983649e+00 
 6.03528000e-04  3.48986204e+00 
 6.03628000e-04  3.48989602e+00 
 6.03728000e-04  3.48994011e+00 
 6.03828000e-04  3.48999635e+00 
 6.03928000e-04  3.49006719e+00 
 6.04028000e-04  3.49015553e+00 
 6.04128000e-04  3.49026484e+00 
 6.04228000e-04  3.49039923e+00 
 6.04328000e-04  3.49056362e+00 
 6.04428000e-04  3.49076377e+00 
 6.04528000e-04  3.49100652e+00 
 6.04628000e-04  3.49129985e+00 
 6.04728000e-04  3.49165310e+00 
 6.04828000e-04  3.49207709e+00 
 6.04928000e-04  3.49258427e+00 
 6.05028000e-04  3.49318885e+00 
 6.05128000e-04  3.49390692e+00 
 6.05228000e-04  3.49475641e+00 
 6.05328000e-04  3.49575714e+00 
 6.05428000e-04  3.49693061e+00 
 6.05528000e-04  3.49829983e+00 
 6.05628000e-04  3.49988887e+00 
 6.05728000e-04  3.50172243e+00 
 6.05828000e-04  3.50382522e+00 
 6.05928000e-04  3.50622128e+00 
 6.06028000e-04  3.50893330e+00 
 6.06128000e-04  3.51198185e+00 
 6.06228000e-04  3.51538482e+00 
 6.06328000e-04  3.51915687e+00 
 6.06428000e-04  3.52330904e+00 
 6.06528000e-04  3.52784862e+00 
 6.06628000e-04  3.53277909e+00 
 6.06728000e-04  3.53810028e+00 
 6.06828000e-04  3.54380866e+00 
 6.06928000e-04  3.54989774e+00 
 6.07028000e-04  3.55635845e+00 
 6.07128000e-04  3.56317969e+00 
 6.07228000e-04  3.56411360e+00 
 6.07328000e-04  3.55883932e+00 
 6.07428000e-04  3.55365324e+00 
 6.07528000e-04  3.54887741e+00 
 6.07628000e-04  3.54447075e+00 
 6.07728000e-04  3.54044212e+00 
 6.07828000e-04  3.53678583e+00 
 6.07928000e-04  3.53349366e+00 
 6.08028000e-04  3.53055215e+00 
 6.08128000e-04  3.52794383e+00 
 6.08228000e-04  3.52564766e+00 
 6.08328000e-04  3.52364004e+00 
 6.08428000e-04  3.52189570e+00 
 6.08528000e-04  3.52038871e+00 
 6.08628000e-04  3.51909335e+00 
 6.08728000e-04  3.51798480e+00 
 6.08828000e-04  3.51703971e+00 
 6.08928000e-04  3.51623651e+00 
 6.09028000e-04  3.51555564e+00 
 6.09128000e-04  3.51497964e+00 
 6.09228000e-04  3.51449307e+00 
 6.09328000e-04  3.51408242e+00 
 6.09428000e-04  3.51373600e+00 
 6.09528000e-04  3.51344376e+00 
 6.09628000e-04  3.51319708e+00 
 6.09728000e-04  3.51298864e+00 
 6.09828000e-04  3.51281224e+00 
 6.09928000e-04  3.51266264e+00 
 6.10028000e-04  3.51253541e+00 
 6.10128000e-04  3.51242686e+00 
 6.10228000e-04  3.51233388e+00 
 6.10328000e-04  3.51225387e+00 
 6.10428000e-04  3.51218466e+00 
 6.10528000e-04  3.51212443e+00 
 6.10628000e-04  3.51207168e+00 
 6.10728000e-04  3.51202514e+00 
 6.10828000e-04  3.51198376e+00 
 6.10928000e-04  3.51194667e+00 
 6.11028000e-04  3.51191315e+00 
 6.11128000e-04  3.51188259e+00 
 6.11228000e-04  3.51185449e+00 
 6.11328000e-04  3.51182844e+00 
 6.11428000e-04  3.51180407e+00 
 6.11528000e-04  3.51178112e+00 
 6.11628000e-04  3.51175934e+00 
 6.11728000e-04  3.51173852e+00 
 6.11828000e-04  3.51171852e+00 
 6.11928000e-04  3.51169918e+00 
 6.12028000e-04  3.51168040e+00 
 6.12128000e-04  3.51166208e+00 
 6.12228000e-04  3.51164414e+00 
 6.12328000e-04  3.51162653e+00 
 6.12428000e-04  3.51160917e+00 
 6.12528000e-04  3.51159204e+00 
 6.12628000e-04  3.51157508e+00 
 6.12728000e-04  3.51155828e+00 
 6.12828000e-04  3.51154161e+00 
 6.12928000e-04  3.51152504e+00 
 6.13028000e-04  3.51150855e+00 
 6.13128000e-04  3.51149214e+00 
 6.13228000e-04  3.51147579e+00 
 6.13328000e-04  3.51145949e+00 
 6.13428000e-04  3.51144323e+00 
 6.13528000e-04  3.51142700e+00 
 6.13628000e-04  3.51141081e+00 
 6.13728000e-04  3.51139464e+00 
 6.13828000e-04  3.51137848e+00 
 6.13928000e-04  3.51136235e+00 
 6.14028000e-04  3.51134623e+00 
 6.14128000e-04  3.51133012e+00 
 6.14228000e-04  3.51131402e+00 
 6.14328000e-04  3.51129793e+00 
 6.14428000e-04  3.51128185e+00 
 6.14528000e-04  3.51126577e+00 
 6.14628000e-04  3.51124969e+00 
 6.14728000e-04  3.51123363e+00 
 6.14828000e-04  3.51121756e+00 
 6.14928000e-04  3.51120150e+00 
 6.15028000e-04  3.51118544e+00 
 6.15128000e-04  3.51116939e+00 
 6.15228000e-04  3.51115333e+00 
 6.15328000e-04  3.51113728e+00 
 6.15428000e-04  3.51112123e+00 
 6.15528000e-04  3.51110518e+00 
 6.15628000e-04  3.51108913e+00 
 6.15728000e-04  3.51107309e+00 
 6.15828000e-04  3.51105704e+00 
 6.15928000e-04  3.51104100e+00 
 6.16028000e-04  3.51102496e+00 
 6.16128000e-04  3.51100891e+00 
 6.16228000e-04  3.51099287e+00 
 6.16328000e-04  3.51097683e+00 
 6.16428000e-04  3.51096079e+00 
 6.16528000e-04  3.51094475e+00 
 6.16628000e-04  3.51092871e+00 
 6.16728000e-04  3.51091268e+00 
 6.16828000e-04  3.51089664e+00 
 6.16928000e-04  3.51088060e+00 
 6.17028000e-04  3.51086457e+00 
 6.17128000e-04  3.51084853e+00 
 6.17228000e-04  3.51083250e+00 
 6.17328000e-04  3.51081646e+00 
 6.17428000e-04  3.51080043e+00 
 6.17528000e-04  3.51078440e+00 
 6.17628000e-04  3.51076836e+00 
 6.17728000e-04  3.51075233e+00 
 6.17828000e-04  3.51073630e+00 
 6.17928000e-04  3.51072027e+00 
 6.18028000e-04  3.51070424e+00 
 6.18128000e-04  3.51068821e+00 
 6.18228000e-04  3.51067218e+00 
 6.18328000e-04  3.51065615e+00 
 6.18428000e-04  3.51064013e+00 
 6.18528000e-04  3.51062410e+00 
 6.18628000e-04  3.51060807e+00 
 6.18728000e-04  3.51059205e+00 
 6.18828000e-04  3.51057602e+00 
 6.18928000e-04  3.51056000e+00 
 6.19028000e-04  3.51054397e+00 
 6.19128000e-04  3.51052795e+00 
 6.19228000e-04  3.51051192e+00 
 6.19328000e-04  3.51049590e+00 
 6.19428000e-04  3.51047988e+00 
 6.19528000e-04  3.51046386e+00 
 6.19628000e-04  3.51044784e+00 
 6.19728000e-04  3.51043181e+00 
 6.19828000e-04  3.51041579e+00 
 6.19928000e-04  3.51039977e+00 
 6.20028000e-04  3.51038375e+00 
 6.20128000e-04  3.51036774e+00 
 6.20228000e-04  3.51035172e+00 
 6.20328000e-04  3.51033570e+00 
 6.20428000e-04  3.51031968e+00 
 6.20528000e-04  3.51030366e+00 
 6.20628000e-04  3.51028765e+00 
 6.20728000e-04  3.51027163e+00 
 6.20828000e-04  3.51025562e+00 
 6.20928000e-04  3.51023960e+00 
 6.21028000e-04  3.51022359e+00 
 6.21128000e-04  3.51020757e+00 
 6.21228000e-04  3.51019156e+00 
 6.21328000e-04  3.51017555e+00 
 6.21428000e-04  3.51015953e+00 
 6.21528000e-04  3.51014352e+00 
 6.21628000e-04  3.51012751e+00 
 6.21728000e-04  3.51011150e+00 
 6.21828000e-04  3.51009549e+00 
 6.21928000e-04  3.51007948e+00 
 6.22028000e-04  3.51006347e+00 
 6.22128000e-04  3.51004746e+00 
 6.22228000e-04  3.51003145e+00 
 6.22328000e-04  3.51001544e+00 
 6.22428000e-04  3.50999943e+00 
 6.22528000e-04  3.50998342e+00 
 6.22628000e-04  3.50996741e+00 
 6.22728000e-04  3.50995141e+00 
 6.22828000e-04  3.50993540e+00 
 6.22928000e-04  3.50991939e+00 
 6.23028000e-04  3.50990339e+00 
 6.23128000e-04  3.50988738e+00 
 6.23228000e-04  3.50987138e+00 
 6.23328000e-04  3.50985537e+00 
 6.23428000e-04  3.50983937e+00 
 6.23528000e-04  3.50982336e+00 
 6.23628000e-04  3.50980736e+00 
 6.23728000e-04  3.50979136e+00 
 6.23828000e-04  3.50977536e+00 
 6.23928000e-04  3.50975935e+00 
 6.24028000e-04  3.50974335e+00 
 6.24128000e-04  3.50972735e+00 
 6.24228000e-04  3.50971135e+00 
 6.24328000e-04  3.50969535e+00 
 6.24428000e-04  3.50967935e+00 
 6.24528000e-04  3.50966335e+00 
 6.24628000e-04  3.50964735e+00 
 6.24728000e-04  3.50963135e+00 
 6.24828000e-04  3.50961535e+00 
 6.24928000e-04  3.50959936e+00 
 6.25028000e-04  3.50958336e+00 
 6.25128000e-04  3.50956736e+00 
 6.25228000e-04  3.50955136e+00 
 6.25328000e-04  3.50953537e+00 
 6.25428000e-04  3.50951937e+00 
 6.25528000e-04  3.50950338e+00 
 6.25628000e-04  3.50948738e+00 
 6.25728000e-04  3.50947139e+00 
 6.25828000e-04  3.50945539e+00 
 6.25928000e-04  3.50943940e+00 
 6.26028000e-04  3.50942340e+00 
 6.26128000e-04  3.50940741e+00 
 6.26228000e-04  3.50939142e+00 
 6.26328000e-04  3.50937542e+00 
 6.26428000e-04  3.50935943e+00 
 6.26528000e-04  3.50934344e+00 
 6.26628000e-04  3.50932745e+00 
 6.26728000e-04  3.50931146e+00 
 6.26828000e-04  3.50929547e+00 
 6.26928000e-04  3.50927948e+00 
 6.27028000e-04  3.50926349e+00 
 6.27128000e-04  3.50924750e+00 
 6.27228000e-04  3.50923151e+00 
 6.27328000e-04  3.50921552e+00 
 6.27428000e-04  3.50919953e+00 
 6.27528000e-04  3.50918354e+00 
 6.27628000e-04  3.50916755e+00 
 6.27728000e-04  3.50915157e+00 
 6.27828000e-04  3.50913558e+00 
 6.27928000e-04  3.50911959e+00 
 6.28028000e-04  3.50910361e+00 
 6.28128000e-04  3.50908762e+00 
 6.28228000e-04  3.50907163e+00 
 6.28328000e-04  3.50905565e+00 
 6.28428000e-04  3.50903966e+00 
 6.28528000e-04  3.50902368e+00 
 6.28628000e-04  3.50900769e+00 
 6.28728000e-04  3.50899171e+00 
 6.28828000e-04  3.50897573e+00 
 6.28928000e-04  3.50895974e+00 
 6.29028000e-04  3.50894376e+00 
 6.29128000e-04  3.50892778e+00 
 6.29228000e-04  3.50891180e+00 
 6.29328000e-04  3.50889581e+00 
 6.29428000e-04  3.50887983e+00 
 6.29528000e-04  3.50886385e+00 
 6.29628000e-04  3.50884787e+00 
 6.29728000e-04  3.50883189e+00 
 6.29828000e-04  3.50881591e+00 
 6.29928000e-04  3.50879993e+00 
 6.30028000e-04  3.50878395e+00 
 6.30128000e-04  3.50876797e+00 
 6.30228000e-04  3.50875199e+00 
 6.30328000e-04  3.50873601e+00 
 6.30428000e-04  3.50872003e+00 
 6.30528000e-04  3.50870406e+00 
 6.30628000e-04  3.50868808e+00 
 6.30728000e-04  3.50867210e+00 
 6.30828000e-04  3.50865612e+00 
 6.30928000e-04  3.50864015e+00 
 6.31028000e-04  3.50862417e+00 
 6.31128000e-04  3.50860819e+00 
 6.31228000e-04  3.50859222e+00 
 6.31328000e-04  3.50857624e+00 
 6.31428000e-04  3.50856027e+00 
 6.31528000e-04  3.50854429e+00 
 6.31628000e-04  3.50852832e+00 
 6.31728000e-04  3.50851235e+00 
 6.31828000e-04  3.50849637e+00 
 6.31928000e-04  3.50848040e+00 
 6.32028000e-04  3.50846443e+00 
 6.32128000e-04  3.50844845e+00 
 6.32228000e-04  3.50843248e+00 
 6.32328000e-04  3.50841651e+00 
 6.32428000e-04  3.50840054e+00 
 6.32528000e-04  3.50838457e+00 
 6.32628000e-04  3.50836860e+00 
 6.32728000e-04  3.50835262e+00 
 6.32828000e-04  3.50833665e+00 
 6.32928000e-04  3.50832068e+00 
 6.33028000e-04  3.50830471e+00 
 6.33128000e-04  3.50828875e+00 
 6.33228000e-04  3.50827278e+00 
 6.33328000e-04  3.50825681e+00 
 6.33428000e-04  3.50824084e+00 
 6.33528000e-04  3.50822487e+00 
 6.33628000e-04  3.50820890e+00 
 6.33728000e-04  3.50819294e+00 
 6.33828000e-04  3.50817697e+00 
 6.33928000e-04  3.50816100e+00 
 6.34028000e-04  3.50814503e+00 
 6.34128000e-04  3.50812907e+00 
 6.34228000e-04  3.50811310e+00 
 6.34328000e-04  3.50809714e+00 
 6.34428000e-04  3.50808117e+00 
 6.34528000e-04  3.50806521e+00 
 6.34628000e-04  3.50804924e+00 
 6.34728000e-04  3.50803328e+00 
 6.34828000e-04  3.50801731e+00 
 6.34928000e-04  3.50800135e+00 
 6.35028000e-04  3.50798539e+00 
 6.35128000e-04  3.50796942e+00 
 6.35228000e-04  3.50795346e+00 
 6.35328000e-04  3.50793750e+00 
 6.35428000e-04  3.50792154e+00 
 6.35528000e-04  3.50790557e+00 
 6.35628000e-04  3.50788961e+00 
 6.35728000e-04  3.50787365e+00 
 6.35828000e-04  3.50785769e+00 
 6.35928000e-04  3.50784173e+00 
 6.36028000e-04  3.50782577e+00 
 6.36128000e-04  3.50780981e+00 
 6.36228000e-04  3.50779385e+00 
 6.36328000e-04  3.50777789e+00 
 6.36428000e-04  3.50776193e+00 
 6.36528000e-04  3.50774597e+00 
 6.36628000e-04  3.50773001e+00 
 6.36728000e-04  3.50771406e+00 
 6.36828000e-04  3.50769810e+00 
 6.36928000e-04  3.50768214e+00 
 6.37028000e-04  3.50766618e+00 
 6.37128000e-04  3.50765023e+00 
 6.37228000e-04  3.50763427e+00 
 6.37328000e-04  3.50761831e+00 
 6.37428000e-04  3.50760236e+00 
 6.37528000e-04  3.50758640e+00 
 6.37628000e-04  3.50757045e+00 
 6.37728000e-04  3.50755449e+00 
 6.37828000e-04  3.50753854e+00 
 6.37928000e-04  3.50752258e+00 
 6.38028000e-04  3.50750663e+00 
 6.38128000e-04  3.50749067e+00 
 6.38228000e-04  3.50747472e+00 
 6.38328000e-04  3.50745877e+00 
 6.38428000e-04  3.50744281e+00 
 6.38528000e-04  3.50742686e+00 
 6.38628000e-04  3.50741091e+00 
 6.38728000e-04  3.50739496e+00 
 6.38828000e-04  3.50737900e+00 
 6.38928000e-04  3.50736305e+00 
 6.39028000e-04  3.50734710e+00 
 6.39128000e-04  3.50733115e+00 
 6.39228000e-04  3.50731520e+00 
 6.39328000e-04  3.50729925e+00 
 6.39428000e-04  3.50728330e+00 
 6.39528000e-04  3.50726735e+00 
 6.39628000e-04  3.50725140e+00 
 6.39728000e-04  3.50723545e+00 
 6.39828000e-04  3.50721950e+00 
 6.39928000e-04  3.50720355e+00 
 6.40028000e-04  3.50718761e+00 
 6.40128000e-04  3.50717166e+00 
 6.40228000e-04  3.50715571e+00 
 6.40328000e-04  3.50713976e+00 
 6.40428000e-04  3.50712382e+00 
 6.40528000e-04  3.50710787e+00 
 6.40628000e-04  3.50709192e+00 
 6.40728000e-04  3.50707598e+00 
 6.40828000e-04  3.50706003e+00 
 6.40928000e-04  3.50704409e+00 
 6.41028000e-04  3.50702814e+00 
 6.41128000e-04  3.50701220e+00 
 6.41228000e-04  3.50699625e+00 
 6.41328000e-04  3.50698031e+00 
 6.41428000e-04  3.50696436e+00 
 6.41528000e-04  3.50694842e+00 
 6.41628000e-04  3.50693248e+00 
 6.41728000e-04  3.50691653e+00 
 6.41828000e-04  3.50690059e+00 
 6.41928000e-04  3.50688465e+00 
 6.42028000e-04  3.50686870e+00 
 6.42128000e-04  3.50685276e+00 
 6.42228000e-04  3.50683682e+00 
 6.42328000e-04  3.50682088e+00 
 6.42428000e-04  3.50680494e+00 
 6.42528000e-04  3.50678900e+00 
 6.42628000e-04  3.50677306e+00 
 6.42728000e-04  3.50675712e+00 
 6.42828000e-04  3.50674118e+00 
 6.42928000e-04  3.50672524e+00 
 6.43028000e-04  3.50670930e+00 
 6.43128000e-04  3.50669336e+00 
 6.43228000e-04  3.50667742e+00 
 6.43328000e-04  3.50666148e+00 
 6.43428000e-04  3.50664554e+00 
 6.43528000e-04  3.50662961e+00 
 6.43628000e-04  3.50661367e+00 
 6.43728000e-04  3.50659773e+00 
 6.43828000e-04  3.50658179e+00 
 6.43928000e-04  3.50656586e+00 
 6.44028000e-04  3.50654992e+00 
 6.44128000e-04  3.50653399e+00 
 6.44228000e-04  3.50651805e+00 
 6.44328000e-04  3.50650211e+00 
 6.44428000e-04  3.50648618e+00 
 6.44528000e-04  3.50647024e+00 
 6.44628000e-04  3.50645431e+00 
 6.44728000e-04  3.50643838e+00 
 6.44828000e-04  3.50642244e+00 
 6.44928000e-04  3.50640651e+00 
 6.45028000e-04  3.50639058e+00 
 6.45128000e-04  3.50637464e+00 
 6.45228000e-04  3.50635871e+00 
 6.45328000e-04  3.50634278e+00 
 6.45428000e-04  3.50632684e+00 
 6.45528000e-04  3.50631091e+00 
 6.45628000e-04  3.50629498e+00 
 6.45728000e-04  3.50627905e+00 
 6.45828000e-04  3.50626312e+00 
 6.45928000e-04  3.50624719e+00 
 6.46028000e-04  3.50623126e+00 
 6.46128000e-04  3.50621533e+00 
 6.46228000e-04  3.50619940e+00 
 6.46328000e-04  3.50618347e+00 
 6.46428000e-04  3.50616754e+00 
 6.46528000e-04  3.50615161e+00 
 6.46628000e-04  3.50613568e+00 
 6.46728000e-04  3.50611975e+00 
 6.46828000e-04  3.50610383e+00 
 6.46928000e-04  3.50608790e+00 
 6.47028000e-04  3.50607197e+00 
 6.47128000e-04  3.50605604e+00 
 6.47228000e-04  3.50604012e+00 
 6.47328000e-04  3.50602419e+00 
 6.47428000e-04  3.50600826e+00 
 6.47528000e-04  3.50599234e+00 
 6.47628000e-04  3.50597641e+00 
 6.47728000e-04  3.50596049e+00 
 6.47828000e-04  3.50594456e+00 
 6.47928000e-04  3.50592864e+00 
 6.48028000e-04  3.50591271e+00 
 6.48128000e-04  3.50589679e+00 
 6.48228000e-04  3.50588087e+00 
 6.48328000e-04  3.50586494e+00 
 6.48428000e-04  3.50584902e+00 
 6.48528000e-04  3.50583310e+00 
 6.48628000e-04  3.50581717e+00 
 6.48728000e-04  3.50580125e+00 
 6.48828000e-04  3.50578533e+00 
 6.48928000e-04  3.50576941e+00 
 6.49028000e-04  3.50575349e+00 
 6.49128000e-04  3.50573757e+00 
 6.49228000e-04  3.50572164e+00 
 6.49328000e-04  3.50570572e+00 
 6.49428000e-04  3.50568980e+00 
 6.49528000e-04  3.50567388e+00 
 6.49628000e-04  3.50565797e+00 
 6.49728000e-04  3.50564205e+00 
 6.49828000e-04  3.50562613e+00 
 6.49928000e-04  3.50561021e+00 
 6.50028000e-04  3.50559429e+00 
 6.50128000e-04  3.50557837e+00 
 6.50228000e-04  3.50556245e+00 
 6.50328000e-04  3.50554654e+00 
 6.50428000e-04  3.50553062e+00 
 6.50528000e-04  3.50551470e+00 
 6.50628000e-04  3.50549879e+00 
 6.50728000e-04  3.50548287e+00 
 6.50828000e-04  3.50546696e+00 
 6.50928000e-04  3.50545104e+00 
 6.51028000e-04  3.50543512e+00 
 6.51128000e-04  3.50541921e+00 
 6.51228000e-04  3.50540330e+00 
 6.51328000e-04  3.50538738e+00 
 6.51428000e-04  3.50537147e+00 
 6.51528000e-04  3.50535555e+00 
 6.51628000e-04  3.50533964e+00 
 6.51728000e-04  3.50532373e+00 
 6.51828000e-04  3.50530781e+00 
 6.51928000e-04  3.50529190e+00 
 6.52028000e-04  3.50527599e+00 
 6.52128000e-04  3.50526008e+00 
 6.52228000e-04  3.50524417e+00 
 6.52328000e-04  3.50522826e+00 
 6.52428000e-04  3.50521235e+00 
 6.52528000e-04  3.50519643e+00 
 6.52628000e-04  3.50518052e+00 
 6.52728000e-04  3.50516462e+00 
 6.52828000e-04  3.50514871e+00 
 6.52928000e-04  3.50513280e+00 
 6.53028000e-04  3.50511689e+00 
 6.53128000e-04  3.50510098e+00 
 6.53228000e-04  3.50508507e+00 
 6.53328000e-04  3.50506916e+00 
 6.53428000e-04  3.50505326e+00 
 6.53528000e-04  3.50503735e+00 
 6.53628000e-04  3.50502144e+00 
 6.53728000e-04  3.50500553e+00 
 6.53828000e-04  3.50498963e+00 
 6.53928000e-04  3.50497372e+00 
 6.54028000e-04  3.50495782e+00 
 6.54128000e-04  3.50494191e+00 
 6.54228000e-04  3.50492601e+00 
 6.54328000e-04  3.50491010e+00 
 6.54428000e-04  3.50489420e+00 
 6.54528000e-04  3.50487829e+00 
 6.54628000e-04  3.50486239e+00 
 6.54728000e-04  3.50484649e+00 
 6.54828000e-04  3.50483058e+00 
 6.54928000e-04  3.50481468e+00 
 6.55028000e-04  3.50479878e+00 
 6.55128000e-04  3.50478288e+00 
 6.55228000e-04  3.50476698e+00 
 6.55328000e-04  3.50475107e+00 
 6.55428000e-04  3.50473517e+00 
 6.55528000e-04  3.50471927e+00 
 6.55628000e-04  3.50470337e+00 
 6.55728000e-04  3.50468747e+00 
 6.55828000e-04  3.50467157e+00 
 6.55928000e-04  3.50465567e+00 
 6.56028000e-04  3.50463977e+00 
 6.56128000e-04  3.50462388e+00 
 6.56228000e-04  3.50460798e+00 
 6.56328000e-04  3.50459208e+00 
 6.56428000e-04  3.50457618e+00 
 6.56528000e-04  3.50456029e+00 
 6.56628000e-04  3.50454439e+00 
 6.56728000e-04  3.50452849e+00 
 6.56828000e-04  3.50451260e+00 
 6.56928000e-04  3.50449670e+00 
 6.57028000e-04  3.50448080e+00 
 6.57128000e-04  3.50446491e+00 
 6.57228000e-04  3.50444902e+00 
 6.57328000e-04  3.50443312e+00 
 6.57428000e-04  3.50441723e+00 
 6.57528000e-04  3.50440133e+00 
 6.57628000e-04  3.50438544e+00 
 6.57728000e-04  3.50436955e+00 
 6.57828000e-04  3.50435365e+00 
 6.57928000e-04  3.50433776e+00 
 6.58028000e-04  3.50432187e+00 
 6.58128000e-04  3.50430598e+00 
 6.58228000e-04  3.50429009e+00 
 6.58328000e-04  3.50427420e+00 
 6.58428000e-04  3.50425831e+00 
 6.58528000e-04  3.50424242e+00 
 6.58628000e-04  3.50422653e+00 
 6.58728000e-04  3.50421064e+00 
 6.58828000e-04  3.50419475e+00 
 6.58928000e-04  3.50417886e+00 
 6.59028000e-04  3.50416297e+00 
 6.59128000e-04  3.50414709e+00 
 6.59228000e-04  3.50413120e+00 
 6.59328000e-04  3.50411531e+00 
 6.59428000e-04  3.50409942e+00 
 6.59528000e-04  3.50408354e+00 
 6.59628000e-04  3.50406765e+00 
 6.59728000e-04  3.50405177e+00 
 6.59828000e-04  3.50403588e+00 
 6.59928000e-04  3.50402000e+00 
 6.60028000e-04  3.50400411e+00 
 6.60128000e-04  3.50398823e+00 
 6.60228000e-04  3.50397234e+00 
 6.60328000e-04  3.50395646e+00 
 6.60428000e-04  3.50394058e+00 
 6.60528000e-04  3.50392470e+00 
 6.60628000e-04  3.50390881e+00 
 6.60728000e-04  3.50389293e+00 
 6.60828000e-04  3.50387705e+00 
 6.60928000e-04  3.50386117e+00 
 6.61028000e-04  3.50384529e+00 
 6.61128000e-04  3.50382941e+00 
 6.61228000e-04  3.50381353e+00 
 6.61328000e-04  3.50379765e+00 
 6.61428000e-04  3.50378177e+00 
 6.61528000e-04  3.50376589e+00 
 6.61628000e-04  3.50375001e+00 
 6.61728000e-04  3.50373414e+00 
 6.61828000e-04  3.50371826e+00 
 6.61928000e-04  3.50370238e+00 
 6.62028000e-04  3.50368651e+00 
 6.62128000e-04  3.50367063e+00 
 6.62228000e-04  3.50365475e+00 
 6.62328000e-04  3.50363888e+00 
 6.62428000e-04  3.50362300e+00 
 6.62528000e-04  3.50360713e+00 
 6.62628000e-04  3.50359126e+00 
 6.62728000e-04  3.50357538e+00 
 6.62828000e-04  3.50355951e+00 
 6.62928000e-04  3.50354364e+00 
 6.63028000e-04  3.50352776e+00 
 6.63128000e-04  3.50351189e+00 
 6.63228000e-04  3.50349602e+00 
 6.63328000e-04  3.50348015e+00 
 6.63428000e-04  3.50346428e+00 
 6.63528000e-04  3.50344841e+00 
 6.63628000e-04  3.50343254e+00 
 6.63728000e-04  3.50341667e+00 
 6.63828000e-04  3.50340080e+00 
 6.63928000e-04  3.50338493e+00 
 6.64028000e-04  3.50336907e+00 
 6.64128000e-04  3.50335320e+00 
 6.64228000e-04  3.50333733e+00 
 6.64328000e-04  3.50332146e+00 
 6.64428000e-04  3.50330560e+00 
 6.64528000e-04  3.50328973e+00 
 6.64628000e-04  3.50327387e+00 
 6.64728000e-04  3.50325800e+00 
 6.64828000e-04  3.50324214e+00 
 6.64928000e-04  3.50322627e+00 
 6.65028000e-04  3.50321041e+00 
 6.65128000e-04  3.50319455e+00 
 6.65228000e-04  3.50317869e+00 
 6.65328000e-04  3.50316282e+00 
 6.65428000e-04  3.50314696e+00 
 6.65528000e-04  3.50313110e+00 
 6.65628000e-04  3.50311524e+00 
 6.65728000e-04  3.50309938e+00 
 6.65828000e-04  3.50308352e+00 
 6.65928000e-04  3.50306766e+00 
 6.66028000e-04  3.50305180e+00 
 6.66128000e-04  3.50303595e+00 
 6.66228000e-04  3.50302009e+00 
 6.66328000e-04  3.50300423e+00 
 6.66428000e-04  3.50298838e+00 
 6.66528000e-04  3.50297252e+00 
 6.66628000e-04  3.50295666e+00 
 6.66728000e-04  3.50294081e+00 
 6.66828000e-04  3.50292496e+00 
 6.66928000e-04  3.50290910e+00 
 6.67028000e-04  3.50289325e+00 
 6.67128000e-04  3.50287740e+00 
 6.67228000e-04  3.50286154e+00 
 6.67328000e-04  3.50284569e+00 
 6.67428000e-04  3.50282984e+00 
 6.67528000e-04  3.50281399e+00 
 6.67628000e-04  3.50279814e+00 
 6.67728000e-04  3.50278229e+00 
 6.67828000e-04  3.50276644e+00 
 6.67928000e-04  3.50275059e+00 
 6.68028000e-04  3.50273474e+00 
 6.68128000e-04  3.50271890e+00 
 6.68228000e-04  3.50270305e+00 
 6.68328000e-04  3.50268720e+00 
 6.68428000e-04  3.50267136e+00 
 6.68528000e-04  3.50265551e+00 
 6.68628000e-04  3.50263967e+00 
 6.68728000e-04  3.50262383e+00 
 6.68828000e-04  3.50260798e+00 
 6.68928000e-04  3.50259214e+00 
 6.69028000e-04  3.50257630e+00 
 6.69128000e-04  3.50256046e+00 
 6.69228000e-04  3.50254462e+00 
 6.69328000e-04  3.50252878e+00 
 6.69428000e-04  3.50251294e+00 
 6.69528000e-04  3.50249711e+00 
 6.69628000e-04  3.50248127e+00 
 6.69728000e-04  3.50246544e+00 
 6.69828000e-04  3.50244960e+00 
 6.69928000e-04  3.50243377e+00 
 6.70028000e-04  3.50241794e+00 
 6.70128000e-04  3.50240211e+00 
 6.70228000e-04  3.50238628e+00 
 6.70328000e-04  3.50237045e+00 
 6.70428000e-04  3.50235462e+00 
 6.70528000e-04  3.50233880e+00 
 6.70628000e-04  3.50232298e+00 
 6.70728000e-04  3.50230716e+00 
 6.70828000e-04  3.50229135e+00 
 6.70928000e-04  3.50227554e+00 
 6.71028000e-04  3.50225973e+00 
 6.71128000e-04  3.50224393e+00 
 6.71228000e-04  3.50222814e+00 
 6.71328000e-04  3.50221235e+00 
 6.71428000e-04  3.50219658e+00 
 6.71528000e-04  3.50218081e+00 
 6.71628000e-04  3.50216506e+00 
 6.71728000e-04  3.50214932e+00 
 6.71828000e-04  3.50213360e+00 
 6.71928000e-04  3.50211790e+00 
 6.72028000e-04  3.50210223e+00 
 6.72128000e-04  3.50208659e+00 
 6.72228000e-04  3.50207099e+00 
 6.72328000e-04  3.50205543e+00 
 6.72428000e-04  3.50203992e+00 
 6.72528000e-04  3.50202449e+00 
 6.72628000e-04  3.50200913e+00 
 6.72728000e-04  3.50199386e+00 
 6.72828000e-04  3.50197871e+00 
 6.72928000e-04  3.50196370e+00 
 6.73028000e-04  3.50194885e+00 
 6.73128000e-04  3.50193420e+00 
 6.73228000e-04  3.50191979e+00 
 6.73328000e-04  3.50190567e+00 
 6.73428000e-04  3.50189189e+00 
 6.73528000e-04  3.50187854e+00 
 6.73628000e-04  3.50186569e+00 
 6.73728000e-04  3.50185345e+00 
 6.73828000e-04  3.50184194e+00 
 6.73928000e-04  3.50183131e+00 
 6.74028000e-04  3.50182175e+00 
 6.74128000e-04  3.50181346e+00 
 6.74228000e-04  3.50180672e+00 
 6.74328000e-04  3.50180185e+00 
 6.74428000e-04  3.50179921e+00 
 6.74528000e-04  3.50179927e+00 
 6.74628000e-04  3.50180258e+00 
 6.74728000e-04  3.50180980e+00 
 6.74828000e-04  3.50182173e+00 
 6.74928000e-04  3.50183932e+00 
 6.75028000e-04  3.50186374e+00 
 6.75128000e-04  3.50189636e+00 
 6.75228000e-04  3.50193883e+00 
 6.75328000e-04  3.50199314e+00 
 6.75428000e-04  3.50206167e+00 
 6.75528000e-04  3.50214724e+00 
 6.75628000e-04  3.50225325e+00 
 6.75728000e-04  3.50238372e+00 
 6.75828000e-04  3.50254342e+00 
 6.75928000e-04  3.50273801e+00 
 6.76028000e-04  3.50297414e+00 
 6.76128000e-04  3.50325963e+00 
 6.76228000e-04  3.50360362e+00 
 6.76328000e-04  3.50401670e+00 
 6.76428000e-04  3.50451108e+00 
 6.76528000e-04  3.50510072e+00 
 6.76628000e-04  3.50580142e+00 
 6.76728000e-04  3.50663087e+00 
 6.76828000e-04  3.50760860e+00 
 6.76928000e-04  3.50875592e+00 
 6.77028000e-04  3.51009560e+00 
 6.77128000e-04  3.51165160e+00 
 6.77228000e-04  3.51344858e+00 
 6.77328000e-04  3.51551127e+00 
 6.77428000e-04  3.51786387e+00 
 6.77528000e-04  3.52052928e+00 
 6.77628000e-04  3.52352844e+00 
 6.77728000e-04  3.52687965e+00 
 6.77828000e-04  3.53059805e+00 
 6.77928000e-04  3.53469522e+00 
 6.78028000e-04  3.53917900e+00 
 6.78128000e-04  3.54405340e+00 
 6.78228000e-04  3.54931876e+00 
 6.78328000e-04  3.55497202e+00 
 6.78428000e-04  3.56100707e+00 
 6.78528000e-04  3.56741519e+00 
 6.78628000e-04  3.57015189e+00 
 6.78728000e-04  3.56664731e+00 
 6.78828000e-04  3.56136133e+00 
 6.78928000e-04  3.55678571e+00 
 6.79028000e-04  3.55252406e+00 
 6.79128000e-04  3.54865197e+00 
 6.79228000e-04  3.54514593e+00 
 6.79328000e-04  3.54200006e+00 
 6.79428000e-04  3.53919778e+00 
 6.79528000e-04  3.53672056e+00 
 6.79628000e-04  3.53454598e+00 
 6.79728000e-04  3.53264972e+00 
 6.79828000e-04  3.53100609e+00 
 6.79928000e-04  3.52958917e+00 
 6.80028000e-04  3.52837352e+00 
 6.80128000e-04  3.52733488e+00 
 6.80228000e-04  3.52645060e+00 
 6.80328000e-04  3.52569991e+00 
 6.80428000e-04  3.52506413e+00 
 6.80528000e-04  3.52452661e+00 
 6.80628000e-04  3.52407274e+00 
 6.80728000e-04  3.52368979e+00 
 6.80828000e-04  3.52336674e+00 
 6.80928000e-04  3.52309415e+00 
 6.81028000e-04  3.52286397e+00 
 6.81128000e-04  3.52266936e+00 
 6.81228000e-04  3.52250452e+00 
 6.81328000e-04  3.52236456e+00 
 6.81428000e-04  3.52224538e+00 
 6.81528000e-04  3.52214354e+00 
 6.81628000e-04  3.52205613e+00 
 6.81728000e-04  3.52198076e+00 
 6.81828000e-04  3.52191540e+00 
 6.81928000e-04  3.52185837e+00 
 6.82028000e-04  3.52180827e+00 
 6.82128000e-04  3.52176392e+00 
 6.82228000e-04  3.52172436e+00 
 6.82328000e-04  3.52168877e+00 
 6.82428000e-04  3.52165649e+00 
 6.82528000e-04  3.52162696e+00 
 6.82628000e-04  3.52159970e+00 
 6.82728000e-04  3.52157433e+00 
 6.82828000e-04  3.52155054e+00 
 6.82928000e-04  3.52152805e+00 
 6.83028000e-04  3.52150664e+00 
 6.83128000e-04  3.52148613e+00 
 6.83228000e-04  3.52146637e+00 
 6.83328000e-04  3.52144723e+00 
 6.83428000e-04  3.52142860e+00 
 6.83528000e-04  3.52141041e+00 
 6.83628000e-04  3.52139256e+00 
 6.83728000e-04  3.52137502e+00 
 6.83828000e-04  3.52135771e+00 
 6.83928000e-04  3.52134061e+00 
 6.84028000e-04  3.52132368e+00 
 6.84128000e-04  3.52130689e+00 
 6.84228000e-04  3.52129021e+00 
 6.84328000e-04  3.52127364e+00 
 6.84428000e-04  3.52125714e+00 
 6.84528000e-04  3.52124071e+00 
 6.84628000e-04  3.52122434e+00 
 6.84728000e-04  3.52120801e+00 
 6.84828000e-04  3.52119172e+00 
 6.84928000e-04  3.52117546e+00 
 6.85028000e-04  3.52115923e+00 
 6.85128000e-04  3.52114302e+00 
 6.85228000e-04  3.52112684e+00 
 6.85328000e-04  3.52111066e+00 
 6.85428000e-04  3.52109450e+00 
 6.85528000e-04  3.52107835e+00 
 6.85628000e-04  3.52106221e+00 
 6.85728000e-04  3.52104608e+00 
 6.85828000e-04  3.52102996e+00 
 6.85928000e-04  3.52101384e+00 
 6.86028000e-04  3.52099772e+00 
 6.86128000e-04  3.52098161e+00 
 6.86228000e-04  3.52096550e+00 
 6.86328000e-04  3.52094940e+00 
 6.86428000e-04  3.52093330e+00 
 6.86528000e-04  3.52091720e+00 
 6.86628000e-04  3.52090110e+00 
 6.86728000e-04  3.52088500e+00 
 6.86828000e-04  3.52086891e+00 
 6.86928000e-04  3.52085282e+00 
 6.87028000e-04  3.52083673e+00 
 6.87128000e-04  3.52082063e+00 
 6.87228000e-04  3.52080455e+00 
 6.87328000e-04  3.52078846e+00 
 6.87428000e-04  3.52077237e+00 
 6.87528000e-04  3.52075628e+00 
 6.87628000e-04  3.52074020e+00 
 6.87728000e-04  3.52072411e+00 
 6.87828000e-04  3.52070803e+00 
 6.87928000e-04  3.52069195e+00 
 6.88028000e-04  3.52067586e+00 
 6.88128000e-04  3.52065978e+00 
 6.88228000e-04  3.52064370e+00 
 6.88328000e-04  3.52062762e+00 
 6.88428000e-04  3.52061154e+00 
 6.88528000e-04  3.52059546e+00 
 6.88628000e-04  3.52057938e+00 
 6.88728000e-04  3.52056331e+00 
 6.88828000e-04  3.52054723e+00 
 6.88928000e-04  3.52053115e+00 
 6.89028000e-04  3.52051508e+00 
 6.89128000e-04  3.52049900e+00 
 6.89228000e-04  3.52048292e+00 
 6.89328000e-04  3.52046685e+00 
 6.89428000e-04  3.52045078e+00 
 6.89528000e-04  3.52043470e+00 
 6.89628000e-04  3.52041863e+00 
 6.89728000e-04  3.52040256e+00 
 6.89828000e-04  3.52038649e+00 
 6.89928000e-04  3.52037041e+00 
 6.90028000e-04  3.52035434e+00 
 6.90128000e-04  3.52033827e+00 
 6.90228000e-04  3.52032220e+00 
 6.90328000e-04  3.52030614e+00 
 6.90428000e-04  3.52029007e+00 
 6.90528000e-04  3.52027400e+00 
 6.90628000e-04  3.52025793e+00 
 6.90728000e-04  3.52024186e+00 
 6.90828000e-04  3.52022580e+00 
 6.90928000e-04  3.52020973e+00 
 6.91028000e-04  3.52019367e+00 
 6.91128000e-04  3.52017760e+00 
 6.91228000e-04  3.52016154e+00 
 6.91328000e-04  3.52014547e+00 
 6.91428000e-04  3.52012941e+00 
 6.91528000e-04  3.52011335e+00 
 6.91628000e-04  3.52009728e+00 
 6.91728000e-04  3.52008122e+00 
 6.91828000e-04  3.52006516e+00 
 6.91928000e-04  3.52004910e+00 
 6.92028000e-04  3.52003304e+00 
 6.92128000e-04  3.52001698e+00 
 6.92228000e-04  3.52000092e+00 
 6.92328000e-04  3.51998486e+00 
 6.92428000e-04  3.51996880e+00 
 6.92528000e-04  3.51995274e+00 
 6.92628000e-04  3.51993668e+00 
 6.92728000e-04  3.51992062e+00 
 6.92828000e-04  3.51990457e+00 
 6.92928000e-04  3.51988851e+00 
 6.93028000e-04  3.51987245e+00 
 6.93128000e-04  3.51985640e+00 
 6.93228000e-04  3.51984034e+00 
 6.93328000e-04  3.51982429e+00 
 6.93428000e-04  3.51980823e+00 
 6.93528000e-04  3.51979218e+00 
 6.93628000e-04  3.51977613e+00 
 6.93728000e-04  3.51976007e+00 
 6.93828000e-04  3.51974402e+00 
 6.93928000e-04  3.51972797e+00 
 6.94028000e-04  3.51971191e+00 
 6.94128000e-04  3.51969586e+00 
 6.94228000e-04  3.51967981e+00 
 6.94328000e-04  3.51966376e+00 
 6.94428000e-04  3.51964771e+00 
 6.94528000e-04  3.51963166e+00 
 6.94628000e-04  3.51961561e+00 
 6.94728000e-04  3.51959956e+00 
 6.94828000e-04  3.51958351e+00 
 6.94928000e-04  3.51956747e+00 
 6.95028000e-04  3.51955142e+00 
 6.95128000e-04  3.51953537e+00 
 6.95228000e-04  3.51951932e+00 
 6.95328000e-04  3.51950328e+00 
 6.95428000e-04  3.51948723e+00 
 6.95528000e-04  3.51947119e+00 
 6.95628000e-04  3.51945514e+00 
 6.95728000e-04  3.51943910e+00 
 6.95828000e-04  3.51942305e+00 
 6.95928000e-04  3.51940701e+00 
 6.96028000e-04  3.51939096e+00 
 6.96128000e-04  3.51937492e+00 
 6.96228000e-04  3.51935888e+00 
 6.96328000e-04  3.51934284e+00 
 6.96428000e-04  3.51932679e+00 
 6.96528000e-04  3.51931075e+00 
 6.96628000e-04  3.51929471e+00 
 6.96728000e-04  3.51927867e+00 
 6.96828000e-04  3.51926263e+00 
 6.96928000e-04  3.51924659e+00 
 6.97028000e-04  3.51923055e+00 
 6.97128000e-04  3.51921451e+00 
 6.97228000e-04  3.51919847e+00 
 6.97328000e-04  3.51918243e+00 
 6.97428000e-04  3.51916639e+00 
 6.97528000e-04  3.51915036e+00 
 6.97628000e-04  3.51913432e+00 
 6.97728000e-04  3.51911828e+00 
 6.97828000e-04  3.51910225e+00 
 6.97928000e-04  3.51908621e+00 
 6.98028000e-04  3.51907017e+00 
 6.98128000e-04  3.51905414e+00 
 6.98228000e-04  3.51903810e+00 
 6.98328000e-04  3.51902207e+00 
 6.98428000e-04  3.51900603e+00 
 6.98528000e-04  3.51899000e+00 
 6.98628000e-04  3.51897397e+00 
 6.98728000e-04  3.51895793e+00 
 6.98828000e-04  3.51894190e+00 
 6.98928000e-04  3.51892587e+00 
 6.99028000e-04  3.51890983e+00 
 6.99128000e-04  3.51889380e+00 
 6.99228000e-04  3.51887777e+00 
 6.99328000e-04  3.51886174e+00 
 6.99428000e-04  3.51884571e+00 
 6.99528000e-04  3.51882968e+00 
 6.99628000e-04  3.51881365e+00 
 6.99728000e-04  3.51879762e+00 
 6.99828000e-04  3.51878159e+00 
 6.99928000e-04  3.51876556e+00 
 7.00028000e-04  3.51874953e+00 
 7.00128000e-04  3.51873350e+00 
 7.00228000e-04  3.51871747e+00 
 7.00328000e-04  3.51870145e+00 
 7.00428000e-04  3.51868542e+00 
 7.00528000e-04  3.51866939e+00 
 7.00628000e-04  3.51865337e+00 
 7.00728000e-04  3.51863734e+00 
 7.00828000e-04  3.51862131e+00 
 7.00928000e-04  3.51860529e+00 
 7.01028000e-04  3.51858926e+00 
 7.01128000e-04  3.51857324e+00 
 7.01228000e-04  3.51855721e+00 
 7.01328000e-04  3.51854119e+00 
 7.01428000e-04  3.51852516e+00 
 7.01528000e-04  3.51850914e+00 
 7.01628000e-04  3.51849312e+00 
 7.01728000e-04  3.51847710e+00 
 7.01828000e-04  3.51846107e+00 
 7.01928000e-04  3.51844505e+00 
 7.02028000e-04  3.51842903e+00 
 7.02128000e-04  3.51841301e+00 
 7.02228000e-04  3.51839699e+00 
 7.02328000e-04  3.51838097e+00 
 7.02428000e-04  3.51836494e+00 
 7.02528000e-04  3.51834892e+00 
 7.02628000e-04  3.51833290e+00 
 7.02728000e-04  3.51831688e+00 
 7.02828000e-04  3.51830087e+00 
 7.02928000e-04  3.51828485e+00 
 7.03028000e-04  3.51826883e+00 
 7.03128000e-04  3.51825281e+00 
 7.03228000e-04  3.51823679e+00 
 7.03328000e-04  3.51822077e+00 
 7.03428000e-04  3.51820476e+00 
 7.03528000e-04  3.51818874e+00 
 7.03628000e-04  3.51817272e+00 
 7.03728000e-04  3.51815671e+00 
 7.03828000e-04  3.51814069e+00 
 7.03928000e-04  3.51812468e+00 
 7.04028000e-04  3.51810866e+00 
 7.04128000e-04  3.51809265e+00 
 7.04228000e-04  3.51807663e+00 
 7.04328000e-04  3.51806062e+00 
 7.04428000e-04  3.51804460e+00 
 7.04528000e-04  3.51802859e+00 
 7.04628000e-04  3.51801258e+00 
 7.04728000e-04  3.51799656e+00 
 7.04828000e-04  3.51798055e+00 
 7.04928000e-04  3.51796454e+00 
 7.05028000e-04  3.51794853e+00 
 7.05128000e-04  3.51793251e+00 
 7.05228000e-04  3.51791650e+00 
 7.05328000e-04  3.51790049e+00 
 7.05428000e-04  3.51788448e+00 
 7.05528000e-04  3.51786847e+00 
 7.05628000e-04  3.51785246e+00 
 7.05728000e-04  3.51783645e+00 
 7.05828000e-04  3.51782044e+00 
 7.05928000e-04  3.51780443e+00 
 7.06028000e-04  3.51778842e+00 
 7.06128000e-04  3.51777241e+00 
 7.06228000e-04  3.51775640e+00 
 7.06328000e-04  3.51774040e+00 
 7.06428000e-04  3.51772439e+00 
 7.06528000e-04  3.51770838e+00 
 7.06628000e-04  3.51769237e+00 
 7.06728000e-04  3.51767637e+00 
 7.06828000e-04  3.51766036e+00 
 7.06928000e-04  3.51764436e+00 
 7.07028000e-04  3.51762835e+00 
 7.07128000e-04  3.51761234e+00 
 7.07228000e-04  3.51759634e+00 
 7.07328000e-04  3.51758033e+00 
 7.07428000e-04  3.51756433e+00 
 7.07528000e-04  3.51754832e+00 
 7.07628000e-04  3.51753232e+00 
 7.07728000e-04  3.51751632e+00 
 7.07828000e-04  3.51750031e+00 
 7.07928000e-04  3.51748431e+00 
 7.08028000e-04  3.51746831e+00 
 7.08128000e-04  3.51745231e+00 
 7.08228000e-04  3.51743630e+00 
 7.08328000e-04  3.51742030e+00 
 7.08428000e-04  3.51740430e+00 
 7.08528000e-04  3.51738830e+00 
 7.08628000e-04  3.51737230e+00 
 7.08728000e-04  3.51735630e+00 
 7.08828000e-04  3.51734030e+00 
 7.08928000e-04  3.51732430e+00 
 7.09028000e-04  3.51730830e+00 
 7.09128000e-04  3.51729230e+00 
 7.09228000e-04  3.51727630e+00 
 7.09328000e-04  3.51726030e+00 
 7.09428000e-04  3.51724430e+00 
 7.09528000e-04  3.51722830e+00 
 7.09628000e-04  3.51721230e+00 
 7.09728000e-04  3.51719631e+00 
 7.09828000e-04  3.51718031e+00 
 7.09928000e-04  3.51716431e+00 
 7.10028000e-04  3.51714832e+00 
 7.10128000e-04  3.51713232e+00 
 7.10228000e-04  3.51711632e+00 
 7.10328000e-04  3.51710033e+00 
 7.10428000e-04  3.51708433e+00 
 7.10528000e-04  3.51706834e+00 
 7.10628000e-04  3.51705234e+00 
 7.10728000e-04  3.51703635e+00 
 7.10828000e-04  3.51702035e+00 
 7.10928000e-04  3.51700436e+00 
 7.11028000e-04  3.51698837e+00 
 7.11128000e-04  3.51697237e+00 
 7.11228000e-04  3.51695638e+00 
 7.11328000e-04  3.51694039e+00 
 7.11428000e-04  3.51692439e+00 
 7.11528000e-04  3.51690840e+00 
 7.11628000e-04  3.51689241e+00 
 7.11728000e-04  3.51687642e+00 
 7.11828000e-04  3.51686043e+00 
 7.11928000e-04  3.51684444e+00 
 7.12028000e-04  3.51682844e+00 
 7.12128000e-04  3.51681245e+00 
 7.12228000e-04  3.51679646e+00 
 7.12328000e-04  3.51678047e+00 
 7.12428000e-04  3.51676449e+00 
 7.12528000e-04  3.51674850e+00 
 7.12628000e-04  3.51673251e+00 
 7.12728000e-04  3.51671652e+00 
 7.12828000e-04  3.51670053e+00 
 7.12928000e-04  3.51668454e+00 
 7.13028000e-04  3.51666855e+00 
 7.13128000e-04  3.51665257e+00 
 7.13228000e-04  3.51663658e+00 
 7.13328000e-04  3.51662059e+00 
 7.13428000e-04  3.51660461e+00 
 7.13528000e-04  3.51658862e+00 
 7.13628000e-04  3.51657263e+00 
 7.13728000e-04  3.51655665e+00 
 7.13828000e-04  3.51654066e+00 
 7.13928000e-04  3.51652468e+00 
 7.14028000e-04  3.51650869e+00 
 7.14128000e-04  3.51649271e+00 
 7.14228000e-04  3.51647672e+00 
 7.14328000e-04  3.51646074e+00 
 7.14428000e-04  3.51644476e+00 
 7.14528000e-04  3.51642877e+00 
 7.14628000e-04  3.51641279e+00 
 7.14728000e-04  3.51639681e+00 
 7.14828000e-04  3.51638083e+00 
 7.14928000e-04  3.51636484e+00 
 7.15028000e-04  3.51634886e+00 
 7.15128000e-04  3.51633288e+00 
 7.15228000e-04  3.51631690e+00 
 7.15328000e-04  3.51630092e+00 
 7.15428000e-04  3.51628494e+00 
 7.15528000e-04  3.51626896e+00 
 7.15628000e-04  3.51625298e+00 
 7.15728000e-04  3.51623700e+00 
 7.15828000e-04  3.51622102e+00 
 7.15928000e-04  3.51620504e+00 
 7.16028000e-04  3.51618906e+00 
 7.16128000e-04  3.51617308e+00 
 7.16228000e-04  3.51615710e+00 
 7.16328000e-04  3.51614112e+00 
 7.16428000e-04  3.51612515e+00 
 7.16528000e-04  3.51610917e+00 
 7.16628000e-04  3.51609319e+00 
 7.16728000e-04  3.51607722e+00 
 7.16828000e-04  3.51606124e+00 
 7.16928000e-04  3.51604526e+00 
 7.17028000e-04  3.51602929e+00 
 7.17128000e-04  3.51601331e+00 
 7.17228000e-04  3.51599734e+00 
 7.17328000e-04  3.51598136e+00 
 7.17428000e-04  3.51596539e+00 
 7.17528000e-04  3.51594941e+00 
 7.17628000e-04  3.51593344e+00 
 7.17728000e-04  3.51591746e+00 
 7.17828000e-04  3.51590149e+00 
 7.17928000e-04  3.51588552e+00 
 7.18028000e-04  3.51586954e+00 
 7.18128000e-04  3.51585357e+00 
 7.18228000e-04  3.51583760e+00 
 7.18328000e-04  3.51582163e+00 
 7.18428000e-04  3.51580566e+00 
 7.18528000e-04  3.51578968e+00 
 7.18628000e-04  3.51577371e+00 
 7.18728000e-04  3.51575774e+00 
 7.18828000e-04  3.51574177e+00 
 7.18928000e-04  3.51572580e+00 
 7.19028000e-04  3.51570983e+00 
 7.19128000e-04  3.51569386e+00 
 7.19228000e-04  3.51567789e+00 
 7.19328000e-04  3.51566192e+00 
 7.19428000e-04  3.51564596e+00 
 7.19528000e-04  3.51562999e+00 
 7.19628000e-04  3.51561402e+00 
 7.19728000e-04  3.51559805e+00 
 7.19828000e-04  3.51558208e+00 
 7.19928000e-04  3.51556612e+00 
 7.20028000e-04  3.51555015e+00 
 7.20128000e-04  3.51553418e+00 
 7.20228000e-04  3.51551822e+00 
 7.20328000e-04  3.51550225e+00 
 7.20428000e-04  3.51548628e+00 
 7.20528000e-04  3.51547032e+00 
 7.20628000e-04  3.51545435e+00 
 7.20728000e-04  3.51543839e+00 
 7.20828000e-04  3.51542243e+00 
 7.20928000e-04  3.51540646e+00 
 7.21028000e-04  3.51539050e+00 
 7.21128000e-04  3.51537453e+00 
 7.21228000e-04  3.51535857e+00 
 7.21328000e-04  3.51534261e+00 
 7.21428000e-04  3.51532665e+00 
 7.21528000e-04  3.51531068e+00 
 7.21628000e-04  3.51529472e+00 
 7.21728000e-04  3.51527876e+00 
 7.21828000e-04  3.51526280e+00 
 7.21928000e-04  3.51524684e+00 
 7.22028000e-04  3.51523088e+00 
 7.22128000e-04  3.51521492e+00 
 7.22228000e-04  3.51519896e+00 
 7.22328000e-04  3.51518300e+00 
 7.22428000e-04  3.51516704e+00 
 7.22528000e-04  3.51515108e+00 
 7.22628000e-04  3.51513512e+00 
 7.22728000e-04  3.51511916e+00 
 7.22828000e-04  3.51510320e+00 
 7.22928000e-04  3.51508724e+00 
 7.23028000e-04  3.51507129e+00 
 7.23128000e-04  3.51505533e+00 
 7.23228000e-04  3.51503937e+00 
 7.23328000e-04  3.51502341e+00 
 7.23428000e-04  3.51500746e+00 
 7.23528000e-04  3.51499150e+00 
 7.23628000e-04  3.51497555e+00 
 7.23728000e-04  3.51495959e+00 
 7.23828000e-04  3.51494364e+00 
 7.23928000e-04  3.51492768e+00 
 7.24028000e-04  3.51491173e+00 
 7.24128000e-04  3.51489577e+00 
 7.24228000e-04  3.51487982e+00 
 7.24328000e-04  3.51486387e+00 
 7.24428000e-04  3.51484791e+00 
 7.24528000e-04  3.51483196e+00 
 7.24628000e-04  3.51481601e+00 
 7.24728000e-04  3.51480005e+00 
 7.24828000e-04  3.51478410e+00 
 7.24928000e-04  3.51476815e+00 
 7.25028000e-04  3.51475220e+00 
 7.25128000e-04  3.51473625e+00 
 7.25228000e-04  3.51472030e+00 
 7.25328000e-04  3.51470435e+00 
 7.25428000e-04  3.51468840e+00 
 7.25528000e-04  3.51467245e+00 
 7.25628000e-04  3.51465650e+00 
 7.25728000e-04  3.51464055e+00 
 7.25828000e-04  3.51462460e+00 
 7.25928000e-04  3.51460865e+00 
 7.26028000e-04  3.51459270e+00 
 7.26128000e-04  3.51457676e+00 
 7.26228000e-04  3.51456081e+00 
 7.26328000e-04  3.51454486e+00 
 7.26428000e-04  3.51452892e+00 
 7.26528000e-04  3.51451297e+00 
 7.26628000e-04  3.51449702e+00 
 7.26728000e-04  3.51448108e+00 
 7.26828000e-04  3.51446513e+00 
 7.26928000e-04  3.51444919e+00 
 7.27028000e-04  3.51443324e+00 
 7.27128000e-04  3.51441730e+00 
 7.27228000e-04  3.51440136e+00 
 7.27328000e-04  3.51438541e+00 
 7.27428000e-04  3.51436947e+00 
 7.27528000e-04  3.51435353e+00 
 7.27628000e-04  3.51433758e+00 
 7.27728000e-04  3.51432164e+00 
 7.27828000e-04  3.51430570e+00 
 7.27928000e-04  3.51428976e+00 
 7.28028000e-04  3.51427382e+00 
 7.28128000e-04  3.51425787e+00 
 7.28228000e-04  3.51424193e+00 
 7.28328000e-04  3.51422599e+00 
 7.28428000e-04  3.51421005e+00 
 7.28528000e-04  3.51419411e+00 
 7.28628000e-04  3.51417818e+00 
 7.28728000e-04  3.51416224e+00 
 7.28828000e-04  3.51414630e+00 
 7.28928000e-04  3.51413036e+00 
 7.29028000e-04  3.51411442e+00 
 7.29128000e-04  3.51409848e+00 
 7.29228000e-04  3.51408255e+00 
 7.29328000e-04  3.51406661e+00 
 7.29428000e-04  3.51405067e+00 
 7.29528000e-04  3.51403474e+00 
 7.29628000e-04  3.51401880e+00 
 7.29728000e-04  3.51400287e+00 
 7.29828000e-04  3.51398693e+00 
 7.29928000e-04  3.51397100e+00 
 7.30028000e-04  3.51395506e+00 
 7.30128000e-04  3.51393913e+00 
 7.30228000e-04  3.51392320e+00 
 7.30328000e-04  3.51390726e+00 
 7.30428000e-04  3.51389133e+00 
 7.30528000e-04  3.51387540e+00 
 7.30628000e-04  3.51385947e+00 
 7.30728000e-04  3.51384354e+00 
 7.30828000e-04  3.51382760e+00 
 7.30928000e-04  3.51381167e+00 
 7.31028000e-04  3.51379574e+00 
 7.31128000e-04  3.51377981e+00 
 7.31228000e-04  3.51376388e+00 
 7.31328000e-04  3.51374795e+00 
 7.31428000e-04  3.51373202e+00 
 7.31528000e-04  3.51371610e+00 
 7.31628000e-04  3.51370017e+00 
 7.31728000e-04  3.51368424e+00 
 7.31828000e-04  3.51366831e+00 
 7.31928000e-04  3.51365239e+00 
 7.32028000e-04  3.51363646e+00 
 7.32128000e-04  3.51362053e+00 
 7.32228000e-04  3.51360461e+00 
 7.32328000e-04  3.51358868e+00 
 7.32428000e-04  3.51357276e+00 
 7.32528000e-04  3.51355683e+00 
 7.32628000e-04  3.51354091e+00 
 7.32728000e-04  3.51352498e+00 
 7.32828000e-04  3.51350906e+00 
 7.32928000e-04  3.51349314e+00 
 7.33028000e-04  3.51347721e+00 
 7.33128000e-04  3.51346129e+00 
 7.33228000e-04  3.51344537e+00 
 7.33328000e-04  3.51342945e+00 
 7.33428000e-04  3.51341353e+00 
 7.33528000e-04  3.51339761e+00 
 7.33628000e-04  3.51338169e+00 
 7.33728000e-04  3.51336577e+00 
 7.33828000e-04  3.51334985e+00 
 7.33928000e-04  3.51333393e+00 
 7.34028000e-04  3.51331801e+00 
 7.34128000e-04  3.51330209e+00 
 7.34228000e-04  3.51328617e+00 
 7.34328000e-04  3.51327026e+00 
 7.34428000e-04  3.51325434e+00 
 7.34528000e-04  3.51323842e+00 
 7.34628000e-04  3.51322251e+00 
 7.34728000e-04  3.51320659e+00 
 7.34828000e-04  3.51319068e+00 
 7.34928000e-04  3.51317476e+00 
 7.35028000e-04  3.51315885e+00 
 7.35128000e-04  3.51314293e+00 
 7.35228000e-04  3.51312702e+00 
 7.35328000e-04  3.51311111e+00 
 7.35428000e-04  3.51309519e+00 
 7.35528000e-04  3.51307928e+00 
 7.35628000e-04  3.51306337e+00 
 7.35728000e-04  3.51304746e+00 
 7.35828000e-04  3.51303155e+00 
 7.35928000e-04  3.51301564e+00 
 7.36028000e-04  3.51299973e+00 
 7.36128000e-04  3.51298382e+00 
 7.36228000e-04  3.51296791e+00 
 7.36328000e-04  3.51295200e+00 
 7.36428000e-04  3.51293609e+00 
 7.36528000e-04  3.51292019e+00 
 7.36628000e-04  3.51290428e+00 
 7.36728000e-04  3.51288837e+00 
 7.36828000e-04  3.51287247e+00 
 7.36928000e-04  3.51285656e+00 
 7.37028000e-04  3.51284066e+00 
 7.37128000e-04  3.51282475e+00 
 7.37228000e-04  3.51280885e+00 
 7.37328000e-04  3.51279294e+00 
 7.37428000e-04  3.51277704e+00 
 7.37528000e-04  3.51276114e+00 
 7.37628000e-04  3.51274524e+00 
 7.37728000e-04  3.51272933e+00 
 7.37828000e-04  3.51271343e+00 
 7.37928000e-04  3.51269753e+00 
 7.38028000e-04  3.51268163e+00 
 7.38128000e-04  3.51266573e+00 
 7.38228000e-04  3.51264984e+00 
 7.38328000e-04  3.51263394e+00 
 7.38428000e-04  3.51261804e+00 
 7.38528000e-04  3.51260214e+00 
 7.38628000e-04  3.51258625e+00 
 7.38728000e-04  3.51257035e+00 
 7.38828000e-04  3.51255445e+00 
 7.38928000e-04  3.51253856e+00 
 7.39028000e-04  3.51252267e+00 
 7.39128000e-04  3.51250677e+00 
 7.39228000e-04  3.51249088e+00 
 7.39328000e-04  3.51247499e+00 
 7.39428000e-04  3.51245909e+00 
 7.39528000e-04  3.51244320e+00 
 7.39628000e-04  3.51242731e+00 
 7.39728000e-04  3.51241142e+00 
 7.39828000e-04  3.51239553e+00 
 7.39928000e-04  3.51237964e+00 
 7.40028000e-04  3.51236375e+00 
 7.40128000e-04  3.51234786e+00 
 7.40228000e-04  3.51233198e+00 
 7.40328000e-04  3.51231609e+00 
 7.40428000e-04  3.51230020e+00 
 7.40528000e-04  3.51228432e+00 
 7.40628000e-04  3.51226844e+00 
 7.40728000e-04  3.51225255e+00 
 7.40828000e-04  3.51223667e+00 
 7.40928000e-04  3.51222079e+00 
 7.41028000e-04  3.51220490e+00 
 7.41128000e-04  3.51218902e+00 
 7.41228000e-04  3.51217315e+00 
 7.41328000e-04  3.51215727e+00 
 7.41428000e-04  3.51214139e+00 
 7.41528000e-04  3.51212551e+00 
 7.41628000e-04  3.51210964e+00 
 7.41728000e-04  3.51209377e+00 
 7.41828000e-04  3.51207790e+00 
 7.41928000e-04  3.51206203e+00 
 7.42028000e-04  3.51204616e+00 
 7.42128000e-04  3.51203029e+00 
 7.42228000e-04  3.51201443e+00 
 7.42328000e-04  3.51199858e+00 
 7.42428000e-04  3.51198272e+00 
 7.42528000e-04  3.51196687e+00 
 7.42628000e-04  3.51195103e+00 
 7.42728000e-04  3.51193519e+00 
 7.42828000e-04  3.51191936e+00 
 7.42928000e-04  3.51190354e+00 
 7.43028000e-04  3.51188773e+00 
 7.43128000e-04  3.51187193e+00 
 7.43228000e-04  3.51185615e+00 
 7.43328000e-04  3.51184039e+00 
 7.43428000e-04  3.51182465e+00 
 7.43528000e-04  3.51180893e+00 
 7.43628000e-04  3.51179325e+00 
 7.43728000e-04  3.51177760e+00 
 7.43828000e-04  3.51176200e+00 
 7.43928000e-04  3.51174645e+00 
 7.44028000e-04  3.51173097e+00 
 7.44128000e-04  3.51171557e+00 
 7.44228000e-04  3.51170026e+00 
 7.44328000e-04  3.51168507e+00 
 7.44428000e-04  3.51167002e+00 
 7.44528000e-04  3.51165513e+00 
 7.44628000e-04  3.51164044e+00 
 7.44728000e-04  3.51162599e+00 
 7.44828000e-04  3.51161183e+00 
 7.44928000e-04  3.51159802e+00 
 7.45028000e-04  3.51158463e+00 
 7.45128000e-04  3.51157175e+00 
 7.45228000e-04  3.51155948e+00 
 7.45328000e-04  3.51154794e+00 
 7.45428000e-04  3.51153729e+00 
 7.45528000e-04  3.51152771e+00 
 7.45628000e-04  3.51151941e+00 
 7.45728000e-04  3.51151266e+00 
 7.45828000e-04  3.51150778e+00 
 7.45928000e-04  3.51150515e+00 
 7.46028000e-04  3.51150523e+00 
 7.46128000e-04  3.51150857e+00 
 7.46228000e-04  3.51151584e+00 
 7.46328000e-04  3.51152783e+00 
 7.46428000e-04  3.51154551e+00 
 7.46528000e-04  3.51157004e+00 
 7.46628000e-04  3.51160280e+00 
 7.46728000e-04  3.51164546e+00 
 7.46828000e-04  3.51170000e+00 
 7.46928000e-04  3.51176881e+00 
 7.47028000e-04  3.51185474e+00 
 7.47128000e-04  3.51196118e+00 
 7.47228000e-04  3.51209216e+00 
 7.47328000e-04  3.51225249e+00 
 7.47428000e-04  3.51244784e+00 
 7.47528000e-04  3.51268488e+00 
 7.47628000e-04  3.51297146e+00 
 7.47728000e-04  3.51331675e+00 
 7.47828000e-04  3.51373136e+00 
 7.47928000e-04  3.51422756e+00 
 7.48028000e-04  3.51481933e+00 
 7.48128000e-04  3.51552251e+00 
 7.48228000e-04  3.51635483e+00 
 7.48328000e-04  3.51733588e+00 
 7.48428000e-04  3.51848696e+00 
 7.48528000e-04  3.51983091e+00 
 7.48628000e-04  3.52139170e+00 
 7.48728000e-04  3.52319399e+00 
 7.48828000e-04  3.52526251e+00 
 7.48928000e-04  3.52762144e+00 
 7.49028000e-04  3.53029365e+00 
 7.49128000e-04  3.53330002e+00 
 7.49228000e-04  3.53665880e+00 
 7.49328000e-04  3.54038505e+00 
 7.49428000e-04  3.54449029e+00 
 7.49528000e-04  3.54898225e+00 
 7.49628000e-04  3.55386489e+00 
 7.49728000e-04  3.55913845e+00 
 7.49828000e-04  3.56479982e+00 
 7.49928000e-04  3.57084282e+00 
 7.50028000e-04  3.57531010e+00 
 7.50128000e-04  3.57342258e+00 
 7.50228000e-04  3.56796931e+00 
 7.50328000e-04  3.56355615e+00 
 7.50428000e-04  3.55938973e+00 
 7.50528000e-04  3.55562806e+00 
 7.50628000e-04  3.55222528e+00 
 7.50728000e-04  3.54918023e+00 
 7.50828000e-04  3.54647315e+00 
 7.50928000e-04  3.54408525e+00 
 7.51028000e-04  3.54199306e+00 
 7.51128000e-04  3.54017196e+00 
 7.51228000e-04  3.53859602e+00 
 7.51328000e-04  3.53723941e+00 
 7.51428000e-04  3.53607695e+00 
 7.51528000e-04  3.53508483e+00 
 7.51628000e-04  3.53424089e+00 
 7.51728000e-04  3.53352498e+00 
 7.51828000e-04  3.53291898e+00 
 7.51928000e-04  3.53240685e+00 
 7.52028000e-04  3.53197452e+00 
 7.52128000e-04  3.53160978e+00 
 7.52228000e-04  3.53130208e+00 
 7.52328000e-04  3.53104240e+00 
 7.52428000e-04  3.53082304e+00 
 7.52528000e-04  3.53063748e+00 
 7.52628000e-04  3.53048021e+00 
 7.52728000e-04  3.53034657e+00 
 7.52828000e-04  3.53023266e+00 
 7.52928000e-04  3.53013520e+00 
 7.53028000e-04  3.53005144e+00 
 7.53128000e-04  3.52997909e+00 
 7.53228000e-04  3.52991625e+00 
 7.53328000e-04  3.52986130e+00 
 7.53428000e-04  3.52981292e+00 
 7.53528000e-04  3.52977000e+00 
 7.53628000e-04  3.52973162e+00 
 7.53728000e-04  3.52969701e+00 
 7.53828000e-04  3.52966554e+00 
 7.53928000e-04  3.52963666e+00 
 7.54028000e-04  3.52960995e+00 
 7.54128000e-04  3.52958502e+00 
 7.54228000e-04  3.52956159e+00 
 7.54328000e-04  3.52953940e+00 
 7.54428000e-04  3.52951823e+00 
 7.54528000e-04  3.52949791e+00 
 7.54628000e-04  3.52947831e+00 
 7.54728000e-04  3.52945929e+00 
 7.54828000e-04  3.52944076e+00 
 7.54928000e-04  3.52942263e+00 
 7.55028000e-04  3.52940484e+00 
 7.55128000e-04  3.52938733e+00 
 7.55228000e-04  3.52937005e+00 
 7.55328000e-04  3.52935297e+00 
 7.55428000e-04  3.52933604e+00 
 7.55528000e-04  3.52931925e+00 
 7.55628000e-04  3.52930257e+00 
 7.55728000e-04  3.52928598e+00 
 7.55828000e-04  3.52926947e+00 
 7.55928000e-04  3.52925302e+00 
 7.56028000e-04  3.52923662e+00 
 7.56128000e-04  3.52922027e+00 
 7.56228000e-04  3.52920396e+00 
 7.56328000e-04  3.52918767e+00 
 7.56428000e-04  3.52917141e+00 
 7.56528000e-04  3.52915517e+00 
 7.56628000e-04  3.52913895e+00 
 7.56728000e-04  3.52912275e+00 
 7.56828000e-04  3.52910655e+00 
 7.56928000e-04  3.52909037e+00 
 7.57028000e-04  3.52907420e+00 
 7.57128000e-04  3.52905803e+00 
 7.57228000e-04  3.52904187e+00 
 7.57328000e-04  3.52902571e+00 
 7.57428000e-04  3.52900956e+00 
 7.57528000e-04  3.52899342e+00 
 7.57628000e-04  3.52897727e+00 
 7.57728000e-04  3.52896113e+00 
 7.57828000e-04  3.52894500e+00 
 7.57928000e-04  3.52892886e+00 
 7.58028000e-04  3.52891273e+00 
 7.58128000e-04  3.52889660e+00 
 7.58228000e-04  3.52888047e+00 
 7.58328000e-04  3.52886434e+00 
 7.58428000e-04  3.52884821e+00 
 7.58528000e-04  3.52883208e+00 
 7.58628000e-04  3.52881596e+00 
 7.58728000e-04  3.52879983e+00 
 7.58828000e-04  3.52878371e+00 
 7.58928000e-04  3.52876759e+00 
 7.59028000e-04  3.52875146e+00 
 7.59128000e-04  3.52873534e+00 
 7.59228000e-04  3.52871922e+00 
 7.59328000e-04  3.52870310e+00 
 7.59428000e-04  3.52868699e+00 
 7.59528000e-04  3.52867087e+00 
 7.59628000e-04  3.52865475e+00 
 7.59728000e-04  3.52863863e+00 
 7.59828000e-04  3.52862252e+00 
 7.59928000e-04  3.52860640e+00 
 7.60028000e-04  3.52859029e+00 
 7.60128000e-04  3.52857417e+00 
 7.60228000e-04  3.52855806e+00 
 7.60328000e-04  3.52854195e+00 
 7.60428000e-04  3.52852583e+00 
 7.60528000e-04  3.52850972e+00 
 7.60628000e-04  3.52849361e+00 
 7.60728000e-04  3.52847750e+00 
 7.60828000e-04  3.52846139e+00 
 7.60928000e-04  3.52844528e+00 
 7.61028000e-04  3.52842917e+00 
 7.61128000e-04  3.52841306e+00 
 7.61228000e-04  3.52839695e+00 
 7.61328000e-04  3.52838084e+00 
 7.61428000e-04  3.52836474e+00 
 7.61528000e-04  3.52834863e+00 
 7.61628000e-04  3.52833252e+00 
 7.61728000e-04  3.52831642e+00 
 7.61828000e-04  3.52830031e+00 
 7.61928000e-04  3.52828421e+00 
 7.62028000e-04  3.52826810e+00 
 7.62128000e-04  3.52825200e+00 
 7.62228000e-04  3.52823590e+00 
 7.62328000e-04  3.52821980e+00 
 7.62428000e-04  3.52820369e+00 
 7.62528000e-04  3.52818759e+00 
 7.62628000e-04  3.52817149e+00 
 7.62728000e-04  3.52815539e+00 
 7.62828000e-04  3.52813929e+00 
 7.62928000e-04  3.52812319e+00 
 7.63028000e-04  3.52810709e+00 
 7.63128000e-04  3.52809099e+00 
 7.63228000e-04  3.52807489e+00 
 7.63328000e-04  3.52805880e+00 
 7.63428000e-04  3.52804270e+00 
 7.63528000e-04  3.52802660e+00 
 7.63628000e-04  3.52801051e+00 
 7.63728000e-04  3.52799441e+00 
 7.63828000e-04  3.52797832e+00 
 7.63928000e-04  3.52796222e+00 
 7.64028000e-04  3.52794613e+00 
 7.64128000e-04  3.52793003e+00 
 7.64228000e-04  3.52791394e+00 
 7.64328000e-04  3.52789785e+00 
 7.64428000e-04  3.52788175e+00 
 7.64528000e-04  3.52786566e+00 
 7.64628000e-04  3.52784957e+00 
 7.64728000e-04  3.52783348e+00 
 7.64828000e-04  3.52781739e+00 
 7.64928000e-04  3.52780130e+00 
 7.65028000e-04  3.52778521e+00 
 7.65128000e-04  3.52776912e+00 
 7.65228000e-04  3.52775303e+00 
 7.65328000e-04  3.52773694e+00 
 7.65428000e-04  3.52772085e+00 
 7.65528000e-04  3.52770477e+00 
 7.65628000e-04  3.52768868e+00 
 7.65728000e-04  3.52767259e+00 
 7.65828000e-04  3.52765651e+00 
 7.65928000e-04  3.52764042e+00 
 7.66028000e-04  3.52762433e+00 
 7.66128000e-04  3.52760825e+00 
 7.66228000e-04  3.52759216e+00 
 7.66328000e-04  3.52757608e+00 
 7.66428000e-04  3.52756000e+00 
 7.66528000e-04  3.52754391e+00 
 7.66628000e-04  3.52752783e+00 
 7.66728000e-04  3.52751175e+00 
 7.66828000e-04  3.52749566e+00 
 7.66928000e-04  3.52747958e+00 
 7.67028000e-04  3.52746350e+00 
 7.67128000e-04  3.52744742e+00 
 7.67228000e-04  3.52743134e+00 
 7.67328000e-04  3.52741526e+00 
 7.67428000e-04  3.52739918e+00 
 7.67528000e-04  3.52738310e+00 
 7.67628000e-04  3.52736702e+00 
 7.67728000e-04  3.52735094e+00 
 7.67828000e-04  3.52733486e+00 
 7.67928000e-04  3.52731879e+00 
 7.68028000e-04  3.52730271e+00 
 7.68128000e-04  3.52728663e+00 
 7.68228000e-04  3.52727055e+00 
 7.68328000e-04  3.52725448e+00 
 7.68428000e-04  3.52723840e+00 
 7.68528000e-04  3.52722233e+00 
 7.68628000e-04  3.52720625e+00 
 7.68728000e-04  3.52719017e+00 
 7.68828000e-04  3.52717410e+00 
 7.68928000e-04  3.52715803e+00 
 7.69028000e-04  3.52714195e+00 
 7.69128000e-04  3.52712588e+00 
 7.69228000e-04  3.52710981e+00 
 7.69328000e-04  3.52709373e+00 
 7.69428000e-04  3.52707766e+00 
 7.69528000e-04  3.52706159e+00 
 7.69628000e-04  3.52704552e+00 
 7.69728000e-04  3.52702945e+00 
 7.69828000e-04  3.52701337e+00 
 7.69928000e-04  3.52699730e+00 
 7.70028000e-04  3.52698123e+00 
 7.70128000e-04  3.52696516e+00 
 7.70228000e-04  3.52694910e+00 
 7.70328000e-04  3.52693303e+00 
 7.70428000e-04  3.52691696e+00 
 7.70528000e-04  3.52690089e+00 
 7.70628000e-04  3.52688482e+00 
 7.70728000e-04  3.52686875e+00 
 7.70828000e-04  3.52685269e+00 
 7.70928000e-04  3.52683662e+00 
 7.71028000e-04  3.52682055e+00 
 7.71128000e-04  3.52680449e+00 
 7.71228000e-04  3.52678842e+00 
 7.71328000e-04  3.52677236e+00 
 7.71428000e-04  3.52675629e+00 
 7.71528000e-04  3.52674023e+00 
 7.71628000e-04  3.52672416e+00 
 7.71728000e-04  3.52670810e+00 
 7.71828000e-04  3.52669203e+00 
 7.71928000e-04  3.52667597e+00 
 7.72028000e-04  3.52665991e+00 
 7.72128000e-04  3.52664384e+00 
 7.72228000e-04  3.52662778e+00 
 7.72328000e-04  3.52661172e+00 
 7.72428000e-04  3.52659566e+00 
 7.72528000e-04  3.52657960e+00 
 7.72628000e-04  3.52656354e+00 
 7.72728000e-04  3.52654747e+00 
 7.72828000e-04  3.52653141e+00 
 7.72928000e-04  3.52651535e+00 
 7.73028000e-04  3.52649930e+00 
 7.73128000e-04  3.52648324e+00 
 7.73228000e-04  3.52646718e+00 
 7.73328000e-04  3.52645112e+00 
 7.73428000e-04  3.52643506e+00 
 7.73528000e-04  3.52641900e+00 
 7.73628000e-04  3.52640294e+00 
 7.73728000e-04  3.52638689e+00 
 7.73828000e-04  3.52637083e+00 
 7.73928000e-04  3.52635477e+00 
 7.74028000e-04  3.52633872e+00 
 7.74128000e-04  3.52632266e+00 
 7.74228000e-04  3.52630661e+00 
 7.74328000e-04  3.52629055e+00 
 7.74428000e-04  3.52627450e+00 
 7.74528000e-04  3.52625844e+00 
 7.74628000e-04  3.52624239e+00 
 7.74728000e-04  3.52622633e+00 
 7.74828000e-04  3.52621028e+00 
 7.74928000e-04  3.52619423e+00 
 7.75028000e-04  3.52617817e+00 
 7.75128000e-04  3.52616212e+00 
 7.75228000e-04  3.52614607e+00 
 7.75328000e-04  3.52613002e+00 
 7.75428000e-04  3.52611396e+00 
 7.75528000e-04  3.52609791e+00 
 7.75628000e-04  3.52608186e+00 
 7.75728000e-04  3.52606581e+00 
 7.75828000e-04  3.52604976e+00 
 7.75928000e-04  3.52603371e+00 
 7.76028000e-04  3.52601766e+00 
 7.76128000e-04  3.52600161e+00 
 7.76228000e-04  3.52598556e+00 
 7.76328000e-04  3.52596951e+00 
 7.76428000e-04  3.52595346e+00 
 7.76528000e-04  3.52593742e+00 
 7.76628000e-04  3.52592137e+00 
 7.76728000e-04  3.52590532e+00 
 7.76828000e-04  3.52588927e+00 
 7.76928000e-04  3.52587323e+00 
 7.77028000e-04  3.52585718e+00 
 7.77128000e-04  3.52584113e+00 
 7.77228000e-04  3.52582509e+00 
 7.77328000e-04  3.52580904e+00 
 7.77428000e-04  3.52579300e+00 
 7.77528000e-04  3.52577695e+00 
 7.77628000e-04  3.52576091e+00 
 7.77728000e-04  3.52574486e+00 
 7.77828000e-04  3.52572882e+00 
 7.77928000e-04  3.52571277e+00 
 7.78028000e-04  3.52569673e+00 
 7.78128000e-04  3.52568069e+00 
 7.78228000e-04  3.52566464e+00 
 7.78328000e-04  3.52564860e+00 
 7.78428000e-04  3.52563256e+00 
 7.78528000e-04  3.52561652e+00 
 7.78628000e-04  3.52560048e+00 
 7.78728000e-04  3.52558444e+00 
 7.78828000e-04  3.52556839e+00 
 7.78928000e-04  3.52555235e+00 
 7.79028000e-04  3.52553631e+00 
 7.79128000e-04  3.52552027e+00 
 7.79228000e-04  3.52550423e+00 
 7.79328000e-04  3.52548819e+00 
 7.79428000e-04  3.52547215e+00 
 7.79528000e-04  3.52545612e+00 
 7.79628000e-04  3.52544008e+00 
 7.79728000e-04  3.52542404e+00 
 7.79828000e-04  3.52540800e+00 
 7.79928000e-04  3.52539196e+00 
 7.80028000e-04  3.52537593e+00 
 7.80128000e-04  3.52535989e+00 
 7.80228000e-04  3.52534385e+00 
 7.80328000e-04  3.52532782e+00 
 7.80428000e-04  3.52531178e+00 
 7.80528000e-04  3.52529574e+00 
 7.80628000e-04  3.52527971e+00 
 7.80728000e-04  3.52526367e+00 
 7.80828000e-04  3.52524764e+00 
 7.80928000e-04  3.52523160e+00 
 7.81028000e-04  3.52521557e+00 
 7.81128000e-04  3.52519953e+00 
 7.81228000e-04  3.52518350e+00 
 7.81328000e-04  3.52516747e+00 
 7.81428000e-04  3.52515143e+00 
 7.81528000e-04  3.52513540e+00 
 7.81628000e-04  3.52511937e+00 
 7.81728000e-04  3.52510334e+00 
 7.81828000e-04  3.52508730e+00 
 7.81928000e-04  3.52507127e+00 
 7.82028000e-04  3.52505524e+00 
 7.82128000e-04  3.52503921e+00 
 7.82228000e-04  3.52502318e+00 
 7.82328000e-04  3.52500715e+00 
 7.82428000e-04  3.52499112e+00 
 7.82528000e-04  3.52497509e+00 
 7.82628000e-04  3.52495906e+00 
 7.82728000e-04  3.52494303e+00 
 7.82828000e-04  3.52492700e+00 
 7.82928000e-04  3.52491097e+00 
 7.83028000e-04  3.52489495e+00 
 7.83128000e-04  3.52487892e+00 
 7.83228000e-04  3.52486289e+00 
 7.83328000e-04  3.52484686e+00 
 7.83428000e-04  3.52483083e+00 
 7.83528000e-04  3.52481481e+00 
 7.83628000e-04  3.52479878e+00 
 7.83728000e-04  3.52478275e+00 
 7.83828000e-04  3.52476673e+00 
 7.83928000e-04  3.52475070e+00 
 7.84028000e-04  3.52473468e+00 
 7.84128000e-04  3.52471865e+00 
 7.84228000e-04  3.52470263e+00 
 7.84328000e-04  3.52468660e+00 
 7.84428000e-04  3.52467058e+00 
 7.84528000e-04  3.52465456e+00 
 7.84628000e-04  3.52463853e+00 
 7.84728000e-04  3.52462251e+00 
 7.84828000e-04  3.52460649e+00 
 7.84928000e-04  3.52459046e+00 
 7.85028000e-04  3.52457444e+00 
 7.85128000e-04  3.52455842e+00 
 7.85228000e-04  3.52454240e+00 
 7.85328000e-04  3.52452638e+00 
 7.85428000e-04  3.52451035e+00 
 7.85528000e-04  3.52449433e+00 
 7.85628000e-04  3.52447831e+00 
 7.85728000e-04  3.52446229e+00 
 7.85828000e-04  3.52444627e+00 
 7.85928000e-04  3.52443025e+00 
 7.86028000e-04  3.52441423e+00 
 7.86128000e-04  3.52439821e+00 
 7.86228000e-04  3.52438219e+00 
 7.86328000e-04  3.52436618e+00 
 7.86428000e-04  3.52435016e+00 
 7.86528000e-04  3.52433414e+00 
 7.86628000e-04  3.52431812e+00 
 7.86728000e-04  3.52430210e+00 
 7.86828000e-04  3.52428609e+00 
 7.86928000e-04  3.52427007e+00 
 7.87028000e-04  3.52425405e+00 
 7.87128000e-04  3.52423804e+00 
 7.87228000e-04  3.52422202e+00 
 7.87328000e-04  3.52420601e+00 
 7.87428000e-04  3.52418999e+00 
 7.87528000e-04  3.52417398e+00 
 7.87628000e-04  3.52415796e+00 
 7.87728000e-04  3.52414195e+00 
 7.87828000e-04  3.52412593e+00 
 7.87928000e-04  3.52410992e+00 
 7.88028000e-04  3.52409391e+00 
 7.88128000e-04  3.52407789e+00 
 7.88228000e-04  3.52406188e+00 
 7.88328000e-04  3.52404587e+00 
 7.88428000e-04  3.52402985e+00 
 7.88528000e-04  3.52401384e+00 
 7.88628000e-04  3.52399783e+00 
 7.88728000e-04  3.52398182e+00 
 7.88828000e-04  3.52396581e+00 
 7.88928000e-04  3.52394980e+00 
 7.89028000e-04  3.52393379e+00 
 7.89128000e-04  3.52391778e+00 
 7.89228000e-04  3.52390177e+00 
 7.89328000e-04  3.52388576e+00 
 7.89428000e-04  3.52386975e+00 
 7.89528000e-04  3.52385374e+00 
 7.89628000e-04  3.52383773e+00 
 7.89728000e-04  3.52382172e+00 
 7.89828000e-04  3.52380571e+00 
 7.89928000e-04  3.52378971e+00 
 7.90028000e-04  3.52377370e+00 
 7.90128000e-04  3.52375769e+00 
 7.90228000e-04  3.52374168e+00 
 7.90328000e-04  3.52372568e+00 
 7.90428000e-04  3.52370967e+00 
 7.90528000e-04  3.52369366e+00 
 7.90628000e-04  3.52367766e+00 
 7.90728000e-04  3.52366165e+00 
 7.90828000e-04  3.52364565e+00 
 7.90928000e-04  3.52362964e+00 
 7.91028000e-04  3.52361364e+00 
 7.91128000e-04  3.52359763e+00 
 7.91228000e-04  3.52358163e+00 
 7.91328000e-04  3.52356563e+00 
 7.91428000e-04  3.52354962e+00 
 7.91528000e-04  3.52353362e+00 
 7.91628000e-04  3.52351762e+00 
 7.91728000e-04  3.52350162e+00 
 7.91828000e-04  3.52348561e+00 
 7.91928000e-04  3.52346961e+00 
 7.92028000e-04  3.52345361e+00 
 7.92128000e-04  3.52343761e+00 
 7.92228000e-04  3.52342161e+00 
 7.92328000e-04  3.52340561e+00 
 7.92428000e-04  3.52338961e+00 
 7.92528000e-04  3.52337361e+00 
 7.92628000e-04  3.52335761e+00 
 7.92728000e-04  3.52334161e+00 
 7.92828000e-04  3.52332561e+00 
 7.92928000e-04  3.52330961e+00 
 7.93028000e-04  3.52329361e+00 
 7.93128000e-04  3.52327761e+00 
 7.93228000e-04  3.52326162e+00 
 7.93328000e-04  3.52324562e+00 
 7.93428000e-04  3.52322962e+00 
 7.93528000e-04  3.52321362e+00 
 7.93628000e-04  3.52319763e+00 
 7.93728000e-04  3.52318163e+00 
 7.93828000e-04  3.52316564e+00 
 7.93928000e-04  3.52314964e+00 
 7.94028000e-04  3.52313364e+00 
 7.94128000e-04  3.52311765e+00 
 7.94228000e-04  3.52310165e+00 
 7.94328000e-04  3.52308566e+00 
 7.94428000e-04  3.52306967e+00 
 7.94528000e-04  3.52305367e+00 
 7.94628000e-04  3.52303768e+00 
 7.94728000e-04  3.52302169e+00 
 7.94828000e-04  3.52300569e+00 
 7.94928000e-04  3.52298970e+00 
 7.95028000e-04  3.52297371e+00 
 7.95128000e-04  3.52295772e+00 
 7.95228000e-04  3.52294173e+00 
 7.95328000e-04  3.52292573e+00 
 7.95428000e-04  3.52290974e+00 
 7.95528000e-04  3.52289375e+00 
 7.95628000e-04  3.52287776e+00 
 7.95728000e-04  3.52286177e+00 
 7.95828000e-04  3.52284578e+00 
 7.95928000e-04  3.52282979e+00 
 7.96028000e-04  3.52281380e+00 
 7.96128000e-04  3.52279782e+00 
 7.96228000e-04  3.52278183e+00 
 7.96328000e-04  3.52276584e+00 
 7.96428000e-04  3.52274985e+00 
 7.96528000e-04  3.52273386e+00 
 7.96628000e-04  3.52271788e+00 
 7.96728000e-04  3.52270189e+00 
 7.96828000e-04  3.52268590e+00 
 7.96928000e-04  3.52266992e+00 
 7.97028000e-04  3.52265393e+00 
 7.97128000e-04  3.52263795e+00 
 7.97228000e-04  3.52262196e+00 
 7.97328000e-04  3.52260598e+00 
 7.97428000e-04  3.52258999e+00 
 7.97528000e-04  3.52257401e+00 
 7.97628000e-04  3.52255802e+00 
 7.97728000e-04  3.52254204e+00 
 7.97828000e-04  3.52252606e+00 
 7.97928000e-04  3.52251007e+00 
 7.98028000e-04  3.52249409e+00 
 7.98128000e-04  3.52247811e+00 
 7.98228000e-04  3.52246213e+00 
 7.98328000e-04  3.52244615e+00 
 7.98428000e-04  3.52243017e+00 
 7.98528000e-04  3.52241418e+00 
 7.98628000e-04  3.52239820e+00 
 7.98728000e-04  3.52238222e+00 
 7.98828000e-04  3.52236624e+00 
 7.98928000e-04  3.52235026e+00 
 7.99028000e-04  3.52233429e+00 
 7.99128000e-04  3.52231831e+00 
 7.99228000e-04  3.52230233e+00 
 7.99328000e-04  3.52228635e+00 
 7.99428000e-04  3.52227037e+00 
 7.99528000e-04  3.52225440e+00 
 7.99628000e-04  3.52223842e+00 
 7.99728000e-04  3.52222244e+00 
 7.99828000e-04  3.52220647e+00 
 7.99928000e-04  3.52219049e+00 
 8.00028000e-04  3.52217451e+00 
 8.00128000e-04  3.52215854e+00 
 8.00228000e-04  3.52214256e+00 
 8.00328000e-04  3.52212659e+00 
 8.00428000e-04  3.52211061e+00 
 8.00528000e-04  3.52209464e+00 
 8.00628000e-04  3.52207867e+00 
 8.00728000e-04  3.52206269e+00 
 8.00828000e-04  3.52204672e+00 
 8.00928000e-04  3.52203075e+00 
 8.01028000e-04  3.52201478e+00 
 8.01128000e-04  3.52199880e+00 
 8.01228000e-04  3.52198283e+00 
 8.01328000e-04  3.52196686e+00 
 8.01428000e-04  3.52195089e+00 
 8.01528000e-04  3.52193492e+00 
 8.01628000e-04  3.52191895e+00 
 8.01728000e-04  3.52190298e+00 
 8.01828000e-04  3.52188701e+00 
 8.01928000e-04  3.52187104e+00 
 8.02028000e-04  3.52185507e+00 
 8.02128000e-04  3.52183911e+00 
 8.02228000e-04  3.52182314e+00 
 8.02328000e-04  3.52180717e+00 
 8.02428000e-04  3.52179120e+00 
 8.02528000e-04  3.52177524e+00 
 8.02628000e-04  3.52175927e+00 
 8.02728000e-04  3.52174331e+00 
 8.02828000e-04  3.52172734e+00 
 8.02928000e-04  3.52171138e+00 
 8.03028000e-04  3.52169541e+00 
 8.03128000e-04  3.52167945e+00 
 8.03228000e-04  3.52166348e+00 
 8.03328000e-04  3.52164752e+00 
 8.03428000e-04  3.52163156e+00 
 8.03528000e-04  3.52161559e+00 
 8.03628000e-04  3.52159963e+00 
 8.03728000e-04  3.52158367e+00 
 8.03828000e-04  3.52156771e+00 
 8.03928000e-04  3.52155175e+00 
 8.04028000e-04  3.52153578e+00 
 8.04128000e-04  3.52151982e+00 
 8.04228000e-04  3.52150386e+00 
 8.04328000e-04  3.52148791e+00 
 8.04428000e-04  3.52147195e+00 
 8.04528000e-04  3.52145599e+00 
 8.04628000e-04  3.52144003e+00 
 8.04728000e-04  3.52142407e+00 
 8.04828000e-04  3.52140811e+00 
 8.04928000e-04  3.52139216e+00 
 8.05028000e-04  3.52137620e+00 
 8.05128000e-04  3.52136024e+00 
 8.05228000e-04  3.52134429e+00 
 8.05328000e-04  3.52132833e+00 
 8.05428000e-04  3.52131238e+00 
 8.05528000e-04  3.52129642e+00 
 8.05628000e-04  3.52128047e+00 
 8.05728000e-04  3.52126451e+00 
 8.05828000e-04  3.52124856e+00 
 8.05928000e-04  3.52123261e+00 
 8.06028000e-04  3.52121666e+00 
 8.06128000e-04  3.52120070e+00 
 8.06228000e-04  3.52118475e+00 
 8.06328000e-04  3.52116880e+00 
 8.06428000e-04  3.52115285e+00 
 8.06528000e-04  3.52113690e+00 
 8.06628000e-04  3.52112095e+00 
 8.06728000e-04  3.52110500e+00 
 8.06828000e-04  3.52108905e+00 
 8.06928000e-04  3.52107310e+00 
 8.07028000e-04  3.52105716e+00 
 8.07128000e-04  3.52104121e+00 
 8.07228000e-04  3.52102526e+00 
 8.07328000e-04  3.52100931e+00 
 8.07428000e-04  3.52099337e+00 
 8.07528000e-04  3.52097742e+00 
 8.07628000e-04  3.52096148e+00 
 8.07728000e-04  3.52094553e+00 
 8.07828000e-04  3.52092959e+00 
 8.07928000e-04  3.52091364e+00 
 8.08028000e-04  3.52089770e+00 
 8.08128000e-04  3.52088176e+00 
 8.08228000e-04  3.52086581e+00 
 8.08328000e-04  3.52084987e+00 
 8.08428000e-04  3.52083393e+00 
 8.08528000e-04  3.52081799e+00 
 8.08628000e-04  3.52080205e+00 
 8.08728000e-04  3.52078611e+00 
 8.08828000e-04  3.52077017e+00 
 8.08928000e-04  3.52075423e+00 
 8.09028000e-04  3.52073829e+00 
 8.09128000e-04  3.52072235e+00 
 8.09228000e-04  3.52070642e+00 
 8.09328000e-04  3.52069048e+00 
 8.09428000e-04  3.52067454e+00 
 8.09528000e-04  3.52065861e+00 
 8.09628000e-04  3.52064267e+00 
 8.09728000e-04  3.52062673e+00 
 8.09828000e-04  3.52061080e+00 
 8.09928000e-04  3.52059487e+00 
 8.10028000e-04  3.52057893e+00 
 8.10128000e-04  3.52056300e+00 
 8.10228000e-04  3.52054707e+00 
 8.10328000e-04  3.52053114e+00 
 8.10428000e-04  3.52051520e+00 
 8.10528000e-04  3.52049927e+00 
 8.10628000e-04  3.52048334e+00 
 8.10728000e-04  3.52046741e+00 
 8.10828000e-04  3.52045148e+00 
 8.10928000e-04  3.52043556e+00 
 8.11028000e-04  3.52041963e+00 
 8.11128000e-04  3.52040370e+00 
 8.11228000e-04  3.52038777e+00 
 8.11328000e-04  3.52037185e+00 
 8.11428000e-04  3.52035592e+00 
 8.11528000e-04  3.52034000e+00 
 8.11628000e-04  3.52032407e+00 
 8.11728000e-04  3.52030815e+00 
 8.11828000e-04  3.52029223e+00 
 8.11928000e-04  3.52027631e+00 
 8.12028000e-04  3.52026038e+00 
 8.12128000e-04  3.52024446e+00 
 8.12228000e-04  3.52022854e+00 
 8.12328000e-04  3.52021263e+00 
 8.12428000e-04  3.52019671e+00 
 8.12528000e-04  3.52018079e+00 
 8.12628000e-04  3.52016487e+00 
 8.12728000e-04  3.52014896e+00 
 8.12828000e-04  3.52013304e+00 
 8.12928000e-04  3.52011713e+00 
 8.13028000e-04  3.52010122e+00 
 8.13128000e-04  3.52008531e+00 
 8.13228000e-04  3.52006940e+00 
 8.13328000e-04  3.52005349e+00 
 8.13428000e-04  3.52003759e+00 
 8.13528000e-04  3.52002168e+00 
 8.13628000e-04  3.52000578e+00 
 8.13728000e-04  3.51998989e+00 
 8.13828000e-04  3.51997399e+00 
 8.13928000e-04  3.51995810e+00 
 8.14028000e-04  3.51994222e+00 
 8.14128000e-04  3.51992634e+00 
 8.14228000e-04  3.51991047e+00 
 8.14328000e-04  3.51989460e+00 
 8.14428000e-04  3.51987875e+00 
 8.14528000e-04  3.51986290e+00 
 8.14628000e-04  3.51984707e+00 
 8.14728000e-04  3.51983125e+00 
 8.14828000e-04  3.51981546e+00 
 8.14928000e-04  3.51979968e+00 
 8.15028000e-04  3.51978394e+00 
 8.15128000e-04  3.51976822e+00 
 8.15228000e-04  3.51975254e+00 
 8.15328000e-04  3.51973692e+00 
 8.15428000e-04  3.51972134e+00 
 8.15528000e-04  3.51970584e+00 
 8.15628000e-04  3.51969041e+00 
 8.15728000e-04  3.51967508e+00 
 8.15828000e-04  3.51965987e+00 
 8.15928000e-04  3.51964480e+00 
 8.16028000e-04  3.51962991e+00 
 8.16128000e-04  3.51961521e+00 
 8.16228000e-04  3.51960077e+00 
 8.16328000e-04  3.51958662e+00 
 8.16428000e-04  3.51957283e+00 
 8.16528000e-04  3.51955947e+00 
 8.16628000e-04  3.51954663e+00 
 8.16728000e-04  3.51953442e+00 
 8.16828000e-04  3.51952297e+00 
 8.16928000e-04  3.51951242e+00 
 8.17028000e-04  3.51950297e+00 
 8.17128000e-04  3.51949485e+00 
 8.17228000e-04  3.51948831e+00 
 8.17328000e-04  3.51948370e+00 
 8.17428000e-04  3.51948139e+00 
 8.17528000e-04  3.51948187e+00 
 8.17628000e-04  3.51948569e+00 
 8.17728000e-04  3.51949355e+00 
 8.17828000e-04  3.51950627e+00 
 8.17928000e-04  3.51952483e+00 
 8.18028000e-04  3.51955043e+00 
 8.18128000e-04  3.51958447e+00 
 8.18228000e-04  3.51962868e+00 
 8.18328000e-04  3.51968509e+00 
 8.18428000e-04  3.51975615e+00 
 8.18528000e-04  3.51984478e+00 
 8.18628000e-04  3.51995446e+00 
 8.18728000e-04  3.52008934e+00 
 8.18828000e-04  3.52025432e+00 
 8.18928000e-04  3.52045522e+00 
 8.19028000e-04  3.52069888e+00 
 8.19128000e-04  3.52099331e+00 
 8.19228000e-04  3.52134789e+00 
 8.19328000e-04  3.52177347e+00 
 8.19428000e-04  3.52228254e+00 
 8.19528000e-04  3.52288936e+00 
 8.19628000e-04  3.52361005e+00 
 8.19728000e-04  3.52446258e+00 
 8.19828000e-04  3.52546683e+00 
 8.19928000e-04  3.52664432e+00 
 8.20028000e-04  3.52801809e+00 
 8.20128000e-04  3.52961224e+00 
 8.20228000e-04  3.53145147e+00 
 8.20328000e-04  3.53356048e+00 
 8.20428000e-04  3.53596331e+00 
 8.20528000e-04  3.53868258e+00 
 8.20628000e-04  3.54173884e+00 
 8.20728000e-04  3.54514988e+00 
 8.20828000e-04  3.54893029e+00 
 8.20928000e-04  3.55309105e+00 
 8.21028000e-04  3.55763934e+00 
 8.21128000e-04  3.56257855e+00 
 8.21228000e-04  3.56790846e+00 
 8.21328000e-04  3.57362545e+00 
 8.21428000e-04  3.57972296e+00 
 8.21528000e-04  3.57934552e+00 
 8.21628000e-04  3.57371659e+00 
 8.21728000e-04  3.56942719e+00 
 8.21828000e-04  3.56532008e+00 
 8.21928000e-04  3.56163312e+00 
 8.22028000e-04  3.55829832e+00 
 8.22128000e-04  3.55532004e+00 
 8.22228000e-04  3.55267555e+00 
 8.22328000e-04  3.55034627e+00 
 8.22428000e-04  3.54830797e+00 
 8.22528000e-04  3.54653588e+00 
 8.22628000e-04  3.54500394e+00 
 8.22728000e-04  3.54368645e+00 
 8.22828000e-04  3.54255842e+00 
 8.22928000e-04  3.54159634e+00 
 8.23028000e-04  3.54077842e+00 
 8.23128000e-04  3.54008489e+00 
 8.23228000e-04  3.53949804e+00 
 8.23328000e-04  3.53900221e+00 
 8.23428000e-04  3.53858370e+00 
 8.23528000e-04  3.53823063e+00 
 8.23628000e-04  3.53793276e+00 
 8.23728000e-04  3.53768134e+00 
 8.23828000e-04  3.53746891e+00 
 8.23928000e-04  3.53728914e+00 
 8.24028000e-04  3.53713671e+00 
 8.24128000e-04  3.53700710e+00 
 8.24228000e-04  3.53689655e+00 
 8.24328000e-04  3.53680188e+00 
 8.24428000e-04  3.53672044e+00 
 8.24528000e-04  3.53665003e+00 
 8.24628000e-04  3.53658878e+00 
 8.24728000e-04  3.53653516e+00 
 8.24828000e-04  3.53648787e+00 
 8.24928000e-04  3.53644586e+00 
 8.25028000e-04  3.53640823e+00 
 8.25128000e-04  3.53637424e+00 
 8.25228000e-04  3.53634327e+00 
 8.25328000e-04  3.53631481e+00 
 8.25428000e-04  3.53628843e+00 
 8.25528000e-04  3.53626379e+00 
 8.25628000e-04  3.53624058e+00 
 8.25728000e-04  3.53621856e+00 
 8.25828000e-04  3.53619754e+00 
 8.25928000e-04  3.53617734e+00 
 8.26028000e-04  3.53615783e+00 
 8.26128000e-04  3.53613888e+00 
 8.26228000e-04  3.53612040e+00 
 8.26328000e-04  3.53610231e+00 
 8.26428000e-04  3.53608455e+00 
 8.26528000e-04  3.53606706e+00 
 8.26628000e-04  3.53604979e+00 
 8.26728000e-04  3.53603271e+00 
 8.26828000e-04  3.53601578e+00 
 8.26928000e-04  3.53599898e+00 
 8.27028000e-04  3.53598229e+00 
 8.27128000e-04  3.53596568e+00 
 8.27228000e-04  3.53594915e+00 
 8.27328000e-04  3.53593268e+00 
 8.27428000e-04  3.53591627e+00 
 8.27528000e-04  3.53589989e+00 
 8.27628000e-04  3.53588355e+00 
 8.27728000e-04  3.53586724e+00 
 8.27828000e-04  3.53585096e+00 
 8.27928000e-04  3.53583469e+00 
 8.28028000e-04  3.53581844e+00 
 8.28128000e-04  3.53580221e+00 
 8.28228000e-04  3.53578599e+00 
 8.28328000e-04  3.53576978e+00 
 8.28428000e-04  3.53575357e+00 
 8.28528000e-04  3.53573738e+00 
 8.28628000e-04  3.53572119e+00 
 8.28728000e-04  3.53570500e+00 
 8.28828000e-04  3.53568882e+00 
 8.28928000e-04  3.53567265e+00 
 8.29028000e-04  3.53565647e+00 
 8.29128000e-04  3.53564030e+00 
 8.29228000e-04  3.53562414e+00 
 8.29328000e-04  3.53560797e+00 
 8.29428000e-04  3.53559181e+00 
 8.29528000e-04  3.53557565e+00 
 8.29628000e-04  3.53555949e+00 
 8.29728000e-04  3.53554333e+00 
 8.29828000e-04  3.53552717e+00 
 8.29928000e-04  3.53551101e+00 
 8.30028000e-04  3.53549486e+00 
 8.30128000e-04  3.53547870e+00 
 8.30228000e-04  3.53546255e+00 
 8.30328000e-04  3.53544639e+00 
 8.30428000e-04  3.53543024e+00 
 8.30528000e-04  3.53541409e+00 
 8.30628000e-04  3.53539794e+00 
 8.30728000e-04  3.53538179e+00 
 8.30828000e-04  3.53536564e+00 
 8.30928000e-04  3.53534949e+00 
 8.31028000e-04  3.53533335e+00 
 8.31128000e-04  3.53531720e+00 
 8.31228000e-04  3.53530105e+00 
 8.31328000e-04  3.53528491e+00 
 8.31428000e-04  3.53526876e+00 
 8.31528000e-04  3.53525262e+00 
 8.31628000e-04  3.53523647e+00 
 8.31728000e-04  3.53522033e+00 
 8.31828000e-04  3.53520418e+00 
 8.31928000e-04  3.53518804e+00 
 8.32028000e-04  3.53517190e+00 
 8.32128000e-04  3.53515576e+00 
 8.32228000e-04  3.53513962e+00 
 8.32328000e-04  3.53512348e+00 
 8.32428000e-04  3.53510734e+00 
 8.32528000e-04  3.53509120e+00 
 8.32628000e-04  3.53507506e+00 
 8.32728000e-04  3.53505892e+00 
 8.32828000e-04  3.53504278e+00 
 8.32928000e-04  3.53502665e+00 
 8.33028000e-04  3.53501051e+00 
 8.33128000e-04  3.53499438e+00 
 8.33228000e-04  3.53497824e+00 
 8.33328000e-04  3.53496210e+00 
 8.33428000e-04  3.53494597e+00 
 8.33528000e-04  3.53492984e+00 
 8.33628000e-04  3.53491370e+00 
 8.33728000e-04  3.53489757e+00 
 8.33828000e-04  3.53488144e+00 
 8.33928000e-04  3.53486531e+00 
 8.34028000e-04  3.53484917e+00 
 8.34128000e-04  3.53483304e+00 
 8.34228000e-04  3.53481691e+00 
 8.34328000e-04  3.53480078e+00 
 8.34428000e-04  3.53478465e+00 
 8.34528000e-04  3.53476853e+00 
 8.34628000e-04  3.53475240e+00 
 8.34728000e-04  3.53473627e+00 
 8.34828000e-04  3.53472014e+00 
 8.34928000e-04  3.53470401e+00 
 8.35028000e-04  3.53468789e+00 
 8.35128000e-04  3.53467176e+00 
 8.35228000e-04  3.53465564e+00 
 8.35328000e-04  3.53463951e+00 
 8.35428000e-04  3.53462339e+00 
 8.35528000e-04  3.53460726e+00 
 8.35628000e-04  3.53459114e+00 
 8.35728000e-04  3.53457502e+00 
 8.35828000e-04  3.53455889e+00 
 8.35928000e-04  3.53454277e+00 
 8.36028000e-04  3.53452665e+00 
 8.36128000e-04  3.53451053e+00 
 8.36228000e-04  3.53449441e+00 
 8.36328000e-04  3.53447828e+00 
 8.36428000e-04  3.53446216e+00 
 8.36528000e-04  3.53444604e+00 
 8.36628000e-04  3.53442993e+00 
 8.36728000e-04  3.53441381e+00 
 8.36828000e-04  3.53439769e+00 
 8.36928000e-04  3.53438157e+00 
 8.37028000e-04  3.53436545e+00 
 8.37128000e-04  3.53434934e+00 
 8.37228000e-04  3.53433322e+00 
 8.37328000e-04  3.53431710e+00 
 8.37428000e-04  3.53430099e+00 
 8.37528000e-04  3.53428487e+00 
 8.37628000e-04  3.53426876e+00 
 8.37728000e-04  3.53425264e+00 
 8.37828000e-04  3.53423653e+00 
 8.37928000e-04  3.53422041e+00 
 8.38028000e-04  3.53420430e+00 
 8.38128000e-04  3.53418819e+00 
 8.38228000e-04  3.53417207e+00 
 8.38328000e-04  3.53415596e+00 
 8.38428000e-04  3.53413985e+00 
 8.38528000e-04  3.53412374e+00 
 8.38628000e-04  3.53410763e+00 
 8.38728000e-04  3.53409152e+00 
 8.38828000e-04  3.53407541e+00 
 8.38928000e-04  3.53405930e+00 
 8.39028000e-04  3.53404319e+00 
 8.39128000e-04  3.53402708e+00 
 8.39228000e-04  3.53401097e+00 
 8.39328000e-04  3.53399486e+00 
 8.39428000e-04  3.53397875e+00 
 8.39528000e-04  3.53396265e+00 
 8.39628000e-04  3.53394654e+00 
 8.39728000e-04  3.53393043e+00 
 8.39828000e-04  3.53391433e+00 
 8.39928000e-04  3.53389822e+00 
 8.40028000e-04  3.53388211e+00 
 8.40128000e-04  3.53386601e+00 
 8.40228000e-04  3.53384990e+00 
 8.40328000e-04  3.53383380e+00 
 8.40428000e-04  3.53381770e+00 
 8.40528000e-04  3.53380159e+00 
 8.40628000e-04  3.53378549e+00 
 8.40728000e-04  3.53376939e+00 
 8.40828000e-04  3.53375328e+00 
 8.40928000e-04  3.53373718e+00 
 8.41028000e-04  3.53372108e+00 
 8.41128000e-04  3.53370498e+00 
 8.41228000e-04  3.53368888e+00 
 8.41328000e-04  3.53367278e+00 
 8.41428000e-04  3.53365668e+00 
 8.41528000e-04  3.53364058e+00 
 8.41628000e-04  3.53362448e+00 
 8.41728000e-04  3.53360838e+00 
 8.41828000e-04  3.53359228e+00 
 8.41928000e-04  3.53357618e+00 
 8.42028000e-04  3.53356008e+00 
 8.42128000e-04  3.53354398e+00 
 8.42228000e-04  3.53352789e+00 
 8.42328000e-04  3.53351179e+00 
 8.42428000e-04  3.53349569e+00 
 8.42528000e-04  3.53347960e+00 
 8.42628000e-04  3.53346350e+00 
 8.42728000e-04  3.53344740e+00 
 8.42828000e-04  3.53343131e+00 
 8.42928000e-04  3.53341521e+00 
 8.43028000e-04  3.53339912e+00 
 8.43128000e-04  3.53338303e+00 
 8.43228000e-04  3.53336693e+00 
 8.43328000e-04  3.53335084e+00 
 8.43428000e-04  3.53333474e+00 
 8.43528000e-04  3.53331865e+00 
 8.43628000e-04  3.53330256e+00 
 8.43728000e-04  3.53328647e+00 
 8.43828000e-04  3.53327037e+00 
 8.43928000e-04  3.53325428e+00 
 8.44028000e-04  3.53323819e+00 
 8.44128000e-04  3.53322210e+00 
 8.44228000e-04  3.53320601e+00 
 8.44328000e-04  3.53318992e+00 
 8.44428000e-04  3.53317383e+00 
 8.44528000e-04  3.53315774e+00 
 8.44628000e-04  3.53314165e+00 
 8.44728000e-04  3.53312556e+00 
 8.44828000e-04  3.53310947e+00 
 8.44928000e-04  3.53309339e+00 
 8.45028000e-04  3.53307730e+00 
 8.45128000e-04  3.53306121e+00 
 8.45228000e-04  3.53304512e+00 
 8.45328000e-04  3.53302904e+00 
 8.45428000e-04  3.53301295e+00 
 8.45528000e-04  3.53299686e+00 
 8.45628000e-04  3.53298078e+00 
 8.45728000e-04  3.53296469e+00 
 8.45828000e-04  3.53294861e+00 
 8.45928000e-04  3.53293252e+00 
 8.46028000e-04  3.53291644e+00 
 8.46128000e-04  3.53290035e+00 
 8.46228000e-04  3.53288427e+00 
 8.46328000e-04  3.53286819e+00 
 8.46428000e-04  3.53285210e+00 
 8.46528000e-04  3.53283602e+00 
 8.46628000e-04  3.53281994e+00 
 8.46728000e-04  3.53280386e+00 
 8.46828000e-04  3.53278777e+00 
 8.46928000e-04  3.53277169e+00 
 8.47028000e-04  3.53275561e+00 
 8.47128000e-04  3.53273953e+00 
 8.47228000e-04  3.53272345e+00 
 8.47328000e-04  3.53270737e+00 
 8.47428000e-04  3.53269129e+00 
 8.47528000e-04  3.53267521e+00 
 8.47628000e-04  3.53265913e+00 
 8.47728000e-04  3.53264305e+00 
 8.47828000e-04  3.53262697e+00 
 8.47928000e-04  3.53261089e+00 
 8.48028000e-04  3.53259482e+00 
 8.48128000e-04  3.53257874e+00 
 8.48228000e-04  3.53256266e+00 
 8.48328000e-04  3.53254658e+00 
 8.48428000e-04  3.53253051e+00 
 8.48528000e-04  3.53251443e+00 
 8.48628000e-04  3.53249835e+00 
 8.48728000e-04  3.53248228e+00 
 8.48828000e-04  3.53246620e+00 
 8.48928000e-04  3.53245013e+00 
 8.49028000e-04  3.53243405e+00 
 8.49128000e-04  3.53241798e+00 
 8.49228000e-04  3.53240190e+00 
 8.49328000e-04  3.53238583e+00 
 8.49428000e-04  3.53236975e+00 
 8.49528000e-04  3.53235368e+00 
 8.49628000e-04  3.53233761e+00 
 8.49728000e-04  3.53232153e+00 
 8.49828000e-04  3.53230546e+00 
 8.49928000e-04  3.53228939e+00 
 8.50028000e-04  3.53227332e+00 
 8.50128000e-04  3.53225725e+00 
 8.50228000e-04  3.53224118e+00 
 8.50328000e-04  3.53222510e+00 
 8.50428000e-04  3.53220903e+00 
 8.50528000e-04  3.53219296e+00 
 8.50628000e-04  3.53217689e+00 
 8.50728000e-04  3.53216082e+00 
 8.50828000e-04  3.53214475e+00 
 8.50928000e-04  3.53212868e+00 
 8.51028000e-04  3.53211262e+00 
 8.51128000e-04  3.53209655e+00 
 8.51228000e-04  3.53208048e+00 
 8.51328000e-04  3.53206441e+00 
 8.51428000e-04  3.53204834e+00 
 8.51528000e-04  3.53203228e+00 
 8.51628000e-04  3.53201621e+00 
 8.51728000e-04  3.53200014e+00 
 8.51828000e-04  3.53198407e+00 
 8.51928000e-04  3.53196801e+00 
 8.52028000e-04  3.53195194e+00 
 8.52128000e-04  3.53193588e+00 
 8.52228000e-04  3.53191981e+00 
 8.52328000e-04  3.53190375e+00 
 8.52428000e-04  3.53188768e+00 
 8.52528000e-04  3.53187162e+00 
 8.52628000e-04  3.53185555e+00 
 8.52728000e-04  3.53183949e+00 
 8.52828000e-04  3.53182343e+00 
 8.52928000e-04  3.53180736e+00 
 8.53028000e-04  3.53179130e+00 
 8.53128000e-04  3.53177524e+00 
 8.53228000e-04  3.53175918e+00 
 8.53328000e-04  3.53174311e+00 
 8.53428000e-04  3.53172705e+00 
 8.53528000e-04  3.53171099e+00 
 8.53628000e-04  3.53169493e+00 
 8.53728000e-04  3.53167887e+00 
 8.53828000e-04  3.53166281e+00 
 8.53928000e-04  3.53164675e+00 
 8.54028000e-04  3.53163069e+00 
 8.54128000e-04  3.53161463e+00 
 8.54228000e-04  3.53159857e+00 
 8.54328000e-04  3.53158251e+00 
 8.54428000e-04  3.53156645e+00 
 8.54528000e-04  3.53155039e+00 
 8.54628000e-04  3.53153433e+00 
 8.54728000e-04  3.53151828e+00 
 8.54828000e-04  3.53150222e+00 
 8.54928000e-04  3.53148616e+00 
 8.55028000e-04  3.53147010e+00 
 8.55128000e-04  3.53145405e+00 
 8.55228000e-04  3.53143799e+00 
 8.55328000e-04  3.53142194e+00 
 8.55428000e-04  3.53140588e+00 
 8.55528000e-04  3.53138982e+00 
 8.55628000e-04  3.53137377e+00 
 8.55728000e-04  3.53135771e+00 
 8.55828000e-04  3.53134166e+00 
 8.55928000e-04  3.53132561e+00 
 8.56028000e-04  3.53130955e+00 
 8.56128000e-04  3.53129350e+00 
 8.56228000e-04  3.53127744e+00 
 8.56328000e-04  3.53126139e+00 
 8.56428000e-04  3.53124534e+00 
 8.56528000e-04  3.53122929e+00 
 8.56628000e-04  3.53121323e+00 
 8.56728000e-04  3.53119718e+00 
 8.56828000e-04  3.53118113e+00 
 8.56928000e-04  3.53116508e+00 
 8.57028000e-04  3.53114903e+00 
 8.57128000e-04  3.53113298e+00 
 8.57228000e-04  3.53111693e+00 
 8.57328000e-04  3.53110088e+00 
 8.57428000e-04  3.53108483e+00 
 8.57528000e-04  3.53106878e+00 
 8.57628000e-04  3.53105273e+00 
 8.57728000e-04  3.53103668e+00 
 8.57828000e-04  3.53102063e+00 
 8.57928000e-04  3.53100458e+00 
 8.58028000e-04  3.53098853e+00 
 8.58128000e-04  3.53097249e+00 
 8.58228000e-04  3.53095644e+00 
 8.58328000e-04  3.53094039e+00 
 8.58428000e-04  3.53092434e+00 
 8.58528000e-04  3.53090830e+00 
 8.58628000e-04  3.53089225e+00 
 8.58728000e-04  3.53087621e+00 
 8.58828000e-04  3.53086016e+00 
 8.58928000e-04  3.53084412e+00 
 8.59028000e-04  3.53082807e+00 
 8.59128000e-04  3.53081203e+00 
 8.59228000e-04  3.53079598e+00 
 8.59328000e-04  3.53077994e+00 
 8.59428000e-04  3.53076389e+00 
 8.59528000e-04  3.53074785e+00 
 8.59628000e-04  3.53073181e+00 
 8.59728000e-04  3.53071576e+00 
 8.59828000e-04  3.53069972e+00 
 8.59928000e-04  3.53068368e+00 
 8.60028000e-04  3.53066764e+00 
 8.60128000e-04  3.53065159e+00 
 8.60228000e-04  3.53063555e+00 
 8.60328000e-04  3.53061951e+00 
 8.60428000e-04  3.53060347e+00 
 8.60528000e-04  3.53058743e+00 
 8.60628000e-04  3.53057139e+00 
 8.60728000e-04  3.53055535e+00 
 8.60828000e-04  3.53053931e+00 
 8.60928000e-04  3.53052327e+00 
 8.61028000e-04  3.53050723e+00 
 8.61128000e-04  3.53049119e+00 
 8.61228000e-04  3.53047515e+00 
 8.61328000e-04  3.53045911e+00 
 8.61428000e-04  3.53044308e+00 
 8.61528000e-04  3.53042704e+00 
 8.61628000e-04  3.53041100e+00 
 8.61728000e-04  3.53039496e+00 
 8.61828000e-04  3.53037893e+00 
 8.61928000e-04  3.53036289e+00 
 8.62028000e-04  3.53034686e+00 
 8.62128000e-04  3.53033082e+00 
 8.62228000e-04  3.53031478e+00 
 8.62328000e-04  3.53029875e+00 
 8.62428000e-04  3.53028271e+00 
 8.62528000e-04  3.53026668e+00 
 8.62628000e-04  3.53025064e+00 
 8.62728000e-04  3.53023461e+00 
 8.62828000e-04  3.53021858e+00 
 8.62928000e-04  3.53020254e+00 
 8.63028000e-04  3.53018651e+00 
 8.63128000e-04  3.53017048e+00 
 8.63228000e-04  3.53015445e+00 
 8.63328000e-04  3.53013841e+00 
 8.63428000e-04  3.53012238e+00 
 8.63528000e-04  3.53010635e+00 
 8.63628000e-04  3.53009032e+00 
 8.63728000e-04  3.53007429e+00 
 8.63828000e-04  3.53005826e+00 
 8.63928000e-04  3.53004223e+00 
 8.64028000e-04  3.53002620e+00 
 8.64128000e-04  3.53001017e+00 
 8.64228000e-04  3.52999414e+00 
 8.64328000e-04  3.52997811e+00 
 8.64428000e-04  3.52996208e+00 
 8.64528000e-04  3.52994605e+00 
 8.64628000e-04  3.52993002e+00 
 8.64728000e-04  3.52991399e+00 
 8.64828000e-04  3.52989797e+00 
 8.64928000e-04  3.52988194e+00 
 8.65028000e-04  3.52986591e+00 
 8.65128000e-04  3.52984989e+00 
 8.65228000e-04  3.52983386e+00 
 8.65328000e-04  3.52981783e+00 
 8.65428000e-04  3.52980181e+00 
 8.65528000e-04  3.52978578e+00 
 8.65628000e-04  3.52976976e+00 
 8.65728000e-04  3.52975373e+00 
 8.65828000e-04  3.52973771e+00 
 8.65928000e-04  3.52972169e+00 
 8.66028000e-04  3.52970566e+00 
 8.66128000e-04  3.52968964e+00 
 8.66228000e-04  3.52967362e+00 
 8.66328000e-04  3.52965759e+00 
 8.66428000e-04  3.52964157e+00 
 8.66528000e-04  3.52962555e+00 
 8.66628000e-04  3.52960953e+00 
 8.66728000e-04  3.52959350e+00 
 8.66828000e-04  3.52957748e+00 
 8.66928000e-04  3.52956146e+00 
 8.67028000e-04  3.52954544e+00 
 8.67128000e-04  3.52952942e+00 
 8.67228000e-04  3.52951340e+00 
 8.67328000e-04  3.52949738e+00 
 8.67428000e-04  3.52948136e+00 
 8.67528000e-04  3.52946534e+00 
 8.67628000e-04  3.52944932e+00 
 8.67728000e-04  3.52943331e+00 
 8.67828000e-04  3.52941729e+00 
 8.67928000e-04  3.52940127e+00 
 8.68028000e-04  3.52938525e+00 
 8.68128000e-04  3.52936924e+00 
 8.68228000e-04  3.52935322e+00 
 8.68328000e-04  3.52933720e+00 
 8.68428000e-04  3.52932119e+00 
 8.68528000e-04  3.52930517e+00 
 8.68628000e-04  3.52928916e+00 
 8.68728000e-04  3.52927314e+00 
 8.68828000e-04  3.52925713e+00 
 8.68928000e-04  3.52924111e+00 
 8.69028000e-04  3.52922510e+00 
 8.69128000e-04  3.52920908e+00 
 8.69228000e-04  3.52919307e+00 
 8.69328000e-04  3.52917706e+00 
 8.69428000e-04  3.52916104e+00 
 8.69528000e-04  3.52914503e+00 
 8.69628000e-04  3.52912902e+00 
 8.69728000e-04  3.52911301e+00 
 8.69828000e-04  3.52909700e+00 
 8.69928000e-04  3.52908099e+00 
 8.70028000e-04  3.52906497e+00 
 8.70128000e-04  3.52904896e+00 
 8.70228000e-04  3.52903295e+00 
 8.70328000e-04  3.52901694e+00 
 8.70428000e-04  3.52900093e+00 
 8.70528000e-04  3.52898493e+00 
 8.70628000e-04  3.52896892e+00 
 8.70728000e-04  3.52895291e+00 
 8.70828000e-04  3.52893690e+00 
 8.70928000e-04  3.52892089e+00 
 8.71028000e-04  3.52890489e+00 
 8.71128000e-04  3.52888888e+00 
 8.71228000e-04  3.52887287e+00 
 8.71328000e-04  3.52885687e+00 
 8.71428000e-04  3.52884086e+00 
 8.71528000e-04  3.52882485e+00 
 8.71628000e-04  3.52880885e+00 
 8.71728000e-04  3.52879284e+00 
 8.71828000e-04  3.52877684e+00 
 8.71928000e-04  3.52876084e+00 
 8.72028000e-04  3.52874483e+00 
 8.72128000e-04  3.52872883e+00 
 8.72228000e-04  3.52871282e+00 
 8.72328000e-04  3.52869682e+00 
 8.72428000e-04  3.52868082e+00 
 8.72528000e-04  3.52866482e+00 
 8.72628000e-04  3.52864882e+00 
 8.72728000e-04  3.52863281e+00 
 8.72828000e-04  3.52861681e+00 
 8.72928000e-04  3.52860081e+00 
 8.73028000e-04  3.52858481e+00 
 8.73128000e-04  3.52856881e+00 
 8.73228000e-04  3.52855281e+00 
 8.73328000e-04  3.52853681e+00 
 8.73428000e-04  3.52852082e+00 
 8.73528000e-04  3.52850482e+00 
 8.73628000e-04  3.52848882e+00 
 8.73728000e-04  3.52847282e+00 
 8.73828000e-04  3.52845682e+00 
 8.73928000e-04  3.52844083e+00 
 8.74028000e-04  3.52842483e+00 
 8.74128000e-04  3.52840883e+00 
 8.74228000e-04  3.52839284e+00 
 8.74328000e-04  3.52837684e+00 
 8.74428000e-04  3.52836085e+00 
 8.74528000e-04  3.52834485e+00 
 8.74628000e-04  3.52832886e+00 
 8.74728000e-04  3.52831286e+00 
 8.74828000e-04  3.52829687e+00 
 8.74928000e-04  3.52828088e+00 
 8.75028000e-04  3.52826489e+00 
 8.75128000e-04  3.52824889e+00 
 8.75228000e-04  3.52823290e+00 
 8.75328000e-04  3.52821691e+00 
 8.75428000e-04  3.52820092e+00 
 8.75528000e-04  3.52818493e+00 
 8.75628000e-04  3.52816894e+00 
 8.75728000e-04  3.52815295e+00 
 8.75828000e-04  3.52813696e+00 
 8.75928000e-04  3.52812097e+00 
 8.76028000e-04  3.52810498e+00 
 8.76128000e-04  3.52808899e+00 
 8.76228000e-04  3.52807300e+00 
 8.76328000e-04  3.52805702e+00 
 8.76428000e-04  3.52804103e+00 
 8.76528000e-04  3.52802504e+00 
 8.76628000e-04  3.52800906e+00 
 8.76728000e-04  3.52799307e+00 
 8.76828000e-04  3.52797708e+00 
 8.76928000e-04  3.52796110e+00 
 8.77028000e-04  3.52794511e+00 
 8.77128000e-04  3.52792913e+00 
 8.77228000e-04  3.52791315e+00 
 8.77328000e-04  3.52789716e+00 
 8.77428000e-04  3.52788118e+00 
 8.77528000e-04  3.52786520e+00 
 8.77628000e-04  3.52784922e+00 
 8.77728000e-04  3.52783323e+00 
 8.77828000e-04  3.52781725e+00 
 8.77928000e-04  3.52780127e+00 
 8.78028000e-04  3.52778529e+00 
 8.78128000e-04  3.52776931e+00 
 8.78228000e-04  3.52775333e+00 
 8.78328000e-04  3.52773735e+00 
 8.78428000e-04  3.52772137e+00 
 8.78528000e-04  3.52770540e+00 
 8.78628000e-04  3.52768942e+00 
 8.78728000e-04  3.52767344e+00 
 8.78828000e-04  3.52765746e+00 
 8.78928000e-04  3.52764149e+00 
 8.79028000e-04  3.52762551e+00 
 8.79128000e-04  3.52760954e+00 
 8.79228000e-04  3.52759356e+00 
 8.79328000e-04  3.52757759e+00 
 8.79428000e-04  3.52756161e+00 
 8.79528000e-04  3.52754564e+00 
 8.79628000e-04  3.52752967e+00 
 8.79728000e-04  3.52751369e+00 
 8.79828000e-04  3.52749772e+00 
 8.79928000e-04  3.52748175e+00 
 8.80028000e-04  3.52746578e+00 
 8.80128000e-04  3.52744981e+00 
 8.80228000e-04  3.52743384e+00 
 8.80328000e-04  3.52741787e+00 
 8.80428000e-04  3.52740190e+00 
 8.80528000e-04  3.52738593e+00 
 8.80628000e-04  3.52736996e+00 
 8.80728000e-04  3.52735399e+00 
 8.80828000e-04  3.52733803e+00 
 8.80928000e-04  3.52732206e+00 
 8.81028000e-04  3.52730609e+00 
 8.81128000e-04  3.52729013e+00 
 8.81228000e-04  3.52727416e+00 
 8.81328000e-04  3.52725820e+00 
 8.81428000e-04  3.52724224e+00 
 8.81528000e-04  3.52722627e+00 
 8.81628000e-04  3.52721031e+00 
 8.81728000e-04  3.52719435e+00 
 8.81828000e-04  3.52717838e+00 
 8.81928000e-04  3.52716242e+00 
 8.82028000e-04  3.52714646e+00 
 8.82128000e-04  3.52713050e+00 
 8.82228000e-04  3.52711454e+00 
 8.82328000e-04  3.52709858e+00 
 8.82428000e-04  3.52708262e+00 
 8.82528000e-04  3.52706667e+00 
 8.82628000e-04  3.52705071e+00 
 8.82728000e-04  3.52703475e+00 
 8.82828000e-04  3.52701880e+00 
 8.82928000e-04  3.52700284e+00 
 8.83028000e-04  3.52698689e+00 
 8.83128000e-04  3.52697093e+00 
 8.83228000e-04  3.52695498e+00 
 8.83328000e-04  3.52693902e+00 
 8.83428000e-04  3.52692307e+00 
 8.83528000e-04  3.52690712e+00 
 8.83628000e-04  3.52689117e+00 
 8.83728000e-04  3.52687522e+00 
 8.83828000e-04  3.52685927e+00 
 8.83928000e-04  3.52684332e+00 
 8.84028000e-04  3.52682738e+00 
 8.84128000e-04  3.52681143e+00 
 8.84228000e-04  3.52679548e+00 
 8.84328000e-04  3.52677954e+00 
 8.84428000e-04  3.52676360e+00 
 8.84528000e-04  3.52674766e+00 
 8.84628000e-04  3.52673171e+00 
 8.84728000e-04  3.52671578e+00 
 8.84828000e-04  3.52669984e+00 
 8.84928000e-04  3.52668390e+00 
 8.85028000e-04  3.52666797e+00 
 8.85128000e-04  3.52665204e+00 
 8.85228000e-04  3.52663612e+00 
 8.85328000e-04  3.52662019e+00 
 8.85428000e-04  3.52660427e+00 
 8.85528000e-04  3.52658836e+00 
 8.85628000e-04  3.52657245e+00 
 8.85728000e-04  3.52655655e+00 
 8.85828000e-04  3.52654066e+00 
 8.85928000e-04  3.52652478e+00 
 8.86028000e-04  3.52650890e+00 
 8.86128000e-04  3.52649305e+00 
 8.86228000e-04  3.52647720e+00 
 8.86328000e-04  3.52646138e+00 
 8.86428000e-04  3.52644558e+00 
 8.86528000e-04  3.52642981e+00 
 8.86628000e-04  3.52641408e+00 
 8.86728000e-04  3.52639838e+00 
 8.86828000e-04  3.52638273e+00 
 8.86928000e-04  3.52636714e+00 
 8.87028000e-04  3.52635163e+00 
 8.87128000e-04  3.52633619e+00 
 8.87228000e-04  3.52632086e+00 
 8.87328000e-04  3.52630565e+00 
 8.87428000e-04  3.52629059e+00 
 8.87528000e-04  3.52627571e+00 
 8.87628000e-04  3.52626104e+00 
 8.87728000e-04  3.52624663e+00 
 8.87828000e-04  3.52623253e+00 
 8.87928000e-04  3.52621881e+00 
 8.88028000e-04  3.52620553e+00 
 8.88128000e-04  3.52619281e+00 
 8.88228000e-04  3.52618073e+00 
 8.88328000e-04  3.52616945e+00 
 8.88428000e-04  3.52615912e+00 
 8.88528000e-04  3.52614994e+00 
 8.88628000e-04  3.52614213e+00 
 8.88728000e-04  3.52613600e+00 
 8.88828000e-04  3.52613186e+00 
 8.88928000e-04  3.52613015e+00 
 8.89028000e-04  3.52613134e+00 
 8.89128000e-04  3.52613604e+00 
 8.89228000e-04  3.52614495e+00 
 8.89328000e-04  3.52615894e+00 
 8.89428000e-04  3.52617904e+00 
 8.89528000e-04  3.52620648e+00 
 8.89628000e-04  3.52624276e+00 
 8.89728000e-04  3.52628966e+00 
 8.89828000e-04  3.52634931e+00 
 8.89928000e-04  3.52642426e+00 
 8.90028000e-04  3.52651756e+00 
 8.90128000e-04  3.52663284e+00 
 8.90228000e-04  3.52677442e+00 
 8.90328000e-04  3.52694740e+00 
 8.90428000e-04  3.52715784e+00 
 8.90528000e-04  3.52741284e+00 
 8.90628000e-04  3.52772075e+00 
 8.90728000e-04  3.52809124e+00 
 8.90828000e-04  3.52853558e+00 
 8.90928000e-04  3.52906666e+00 
 8.91028000e-04  3.52969917e+00 
 8.91128000e-04  3.53044968e+00 
 8.91228000e-04  3.53133664e+00 
 8.91328000e-04  3.53238031e+00 
 8.91428000e-04  3.53360263e+00 
 8.91528000e-04  3.53502690e+00 
 8.91628000e-04  3.53667744e+00 
 8.91728000e-04  3.53857900e+00 
 8.91828000e-04  3.54075619e+00 
 8.91928000e-04  3.54323276e+00 
 8.92028000e-04  3.54603092e+00 
 8.92128000e-04  3.54917058e+00 
 8.92228000e-04  3.55266885e+00 
 8.92328000e-04  3.55653945e+00 
 8.92428000e-04  3.56079246e+00 
 8.92528000e-04  3.56543416e+00 
 8.92628000e-04  3.57046706e+00 
 8.92728000e-04  3.57589008e+00 
 8.92828000e-04  3.58169887e+00 
 8.92928000e-04  3.58310187e+00 
 8.93028000e-04  3.57901891e+00 
 8.93128000e-04  3.57447261e+00 
 8.93228000e-04  3.57047826e+00 
 8.93328000e-04  3.56681380e+00 
 8.93428000e-04  3.56352541e+00 
 8.93528000e-04  3.56058375e+00 
 8.93628000e-04  3.55797664e+00 
 8.93728000e-04  3.55568105e+00 
 8.93828000e-04  3.55367417e+00 
 8.93928000e-04  3.55193037e+00 
 8.94028000e-04  3.55042391e+00 
 8.94128000e-04  3.54912897e+00 
 8.94228000e-04  3.54802079e+00 
 8.94328000e-04  3.54707599e+00 
 8.94428000e-04  3.54627303e+00 
 8.94528000e-04  3.54559234e+00 
 8.94628000e-04  3.54501648e+00 
 8.94728000e-04  3.54452999e+00 
 8.94828000e-04  3.54411940e+00 
 8.94928000e-04  3.54377302e+00 
 8.95028000e-04  3.54348077e+00 
 8.95128000e-04  3.54323407e+00 
 8.95228000e-04  3.54302560e+00 
 8.95328000e-04  3.54284914e+00 
 8.95428000e-04  3.54269946e+00 
 8.95528000e-04  3.54257215e+00 
 8.95628000e-04  3.54246351e+00 
 8.95728000e-04  3.54237044e+00 
 8.95828000e-04  3.54229032e+00 
 8.95928000e-04  3.54222100e+00 
 8.96028000e-04  3.54216066e+00 
 8.96128000e-04  3.54210778e+00 
 8.96228000e-04  3.54206112e+00 
 8.96328000e-04  3.54201962e+00 
 8.96428000e-04  3.54198241e+00 
 8.96528000e-04  3.54194876e+00 
 8.96628000e-04  3.54191807e+00 
 8.96728000e-04  3.54188984e+00 
 8.96828000e-04  3.54186365e+00 
 8.96928000e-04  3.54183915e+00 
 8.97028000e-04  3.54181607e+00 
 8.97128000e-04  3.54179415e+00 
 8.97228000e-04  3.54177320e+00 
 8.97328000e-04  3.54175306e+00 
 8.97428000e-04  3.54173359e+00 
 8.97528000e-04  3.54171467e+00 
 8.97628000e-04  3.54169622e+00 
 8.97728000e-04  3.54167814e+00 
 8.97828000e-04  3.54166039e+00 
 8.97928000e-04  3.54164290e+00 
 8.98028000e-04  3.54162563e+00 
 8.98128000e-04  3.54160854e+00 
 8.98228000e-04  3.54159160e+00 
 8.98328000e-04  3.54157479e+00 
 8.98428000e-04  3.54155808e+00 
 8.98528000e-04  3.54154146e+00 
 8.98628000e-04  3.54152491e+00 
 8.98728000e-04  3.54150842e+00 
 8.98828000e-04  3.54149199e+00 
 8.98928000e-04  3.54147559e+00 
 8.99028000e-04  3.54145923e+00 
 8.99128000e-04  3.54144290e+00 
 8.99228000e-04  3.54142659e+00 
 8.99328000e-04  3.54141030e+00 
 8.99428000e-04  3.54139403e+00 
 8.99528000e-04  3.54137777e+00 
 8.99628000e-04  3.54136152e+00 
 8.99728000e-04  3.54134529e+00 
 8.99828000e-04  3.54132906e+00 
 8.99928000e-04  3.54131284e+00 
 9.00028000e-04  3.54129663e+00 
 9.00128000e-04  3.54128042e+00 
 9.00228000e-04  3.54126421e+00 
 9.00328000e-04  3.54124801e+00 
 9.00428000e-04  3.54123181e+00 
 9.00528000e-04  3.54121562e+00 
 9.00628000e-04  3.54119942e+00 
 9.00728000e-04  3.54118323e+00 
 9.00828000e-04  3.54116705e+00 
 9.00928000e-04  3.54115086e+00 
 9.01028000e-04  3.54113467e+00 
 9.01128000e-04  3.54111849e+00 
 9.01228000e-04  3.54110231e+00 
 9.01328000e-04  3.54108612e+00 
 9.01428000e-04  3.54106994e+00 
 9.01528000e-04  3.54105376e+00 
 9.01628000e-04  3.54103758e+00 
 9.01728000e-04  3.54102141e+00 
 9.01828000e-04  3.54100523e+00 
 9.01928000e-04  3.54098905e+00 
 9.02028000e-04  3.54097288e+00 
 9.02128000e-04  3.54095670e+00 
 9.02228000e-04  3.54094053e+00 
 9.02328000e-04  3.54092435e+00 
 9.02428000e-04  3.54090818e+00 
 9.02528000e-04  3.54089201e+00 
 9.02628000e-04  3.54087584e+00 
 9.02728000e-04  3.54085966e+00 
 9.02828000e-04  3.54084349e+00 
 9.02928000e-04  3.54082732e+00 
 9.03028000e-04  3.54081115e+00 
 9.03128000e-04  3.54079499e+00 
 9.03228000e-04  3.54077882e+00 
 9.03328000e-04  3.54076265e+00 
 9.03428000e-04  3.54074648e+00 
 9.03528000e-04  3.54073032e+00 
 9.03628000e-04  3.54071415e+00 
 9.03728000e-04  3.54069799e+00 
 9.03828000e-04  3.54068182e+00 
 9.03928000e-04  3.54066566e+00 
 9.04028000e-04  3.54064949e+00 
 9.04128000e-04  3.54063333e+00 
 9.04228000e-04  3.54061717e+00 
 9.04328000e-04  3.54060100e+00 
 9.04428000e-04  3.54058484e+00 
 9.04528000e-04  3.54056868e+00 
 9.04628000e-04  3.54055252e+00 
 9.04728000e-04  3.54053636e+00 
 9.04828000e-04  3.54052020e+00 
 9.04928000e-04  3.54050404e+00 
 9.05028000e-04  3.54048788e+00 
 9.05128000e-04  3.54047172e+00 
 9.05228000e-04  3.54045557e+00 
 9.05328000e-04  3.54043941e+00 
 9.05428000e-04  3.54042325e+00 
 9.05528000e-04  3.54040710e+00 
 9.05628000e-04  3.54039094e+00 
 9.05728000e-04  3.54037478e+00 
 9.05828000e-04  3.54035863e+00 
 9.05928000e-04  3.54034248e+00 
 9.06028000e-04  3.54032632e+00 
 9.06128000e-04  3.54031017e+00 
 9.06228000e-04  3.54029402e+00 
 9.06328000e-04  3.54027786e+00 
 9.06428000e-04  3.54026171e+00 
 9.06528000e-04  3.54024556e+00 
 9.06628000e-04  3.54022941e+00 
 9.06728000e-04  3.54021326e+00 
 9.06828000e-04  3.54019711e+00 
 9.06928000e-04  3.54018096e+00 
 9.07028000e-04  3.54016481e+00 
 9.07128000e-04  3.54014866e+00 
 9.07228000e-04  3.54013251e+00 
 9.07328000e-04  3.54011637e+00 
 9.07428000e-04  3.54010022e+00 
 9.07528000e-04  3.54008407e+00 
 9.07628000e-04  3.54006792e+00 
 9.07728000e-04  3.54005178e+00 
 9.07828000e-04  3.54003563e+00 
 9.07928000e-04  3.54001949e+00 
 9.08028000e-04  3.54000334e+00 
 9.08128000e-04  3.53998720e+00 
 9.08228000e-04  3.53997106e+00 
 9.08328000e-04  3.53995491e+00 
 9.08428000e-04  3.53993877e+00 
 9.08528000e-04  3.53992263e+00 
 9.08628000e-04  3.53990648e+00 
 9.08728000e-04  3.53989034e+00 
 9.08828000e-04  3.53987420e+00 
 9.08928000e-04  3.53985806e+00 
 9.09028000e-04  3.53984192e+00 
 9.09128000e-04  3.53982578e+00 
 9.09228000e-04  3.53980964e+00 
 9.09328000e-04  3.53979350e+00 
 9.09428000e-04  3.53977736e+00 
 9.09528000e-04  3.53976122e+00 
 9.09628000e-04  3.53974509e+00 
 9.09728000e-04  3.53972895e+00 
 9.09828000e-04  3.53971281e+00 
 9.09928000e-04  3.53969667e+00 
 9.10028000e-04  3.53968054e+00 
 9.10128000e-04  3.53966440e+00 
 9.10228000e-04  3.53964827e+00 
 9.10328000e-04  3.53963213e+00 
 9.10428000e-04  3.53961599e+00 
 9.10528000e-04  3.53959986e+00 
 9.10628000e-04  3.53958373e+00 
 9.10728000e-04  3.53956759e+00 
 9.10828000e-04  3.53955146e+00 
 9.10928000e-04  3.53953533e+00 
 9.11028000e-04  3.53951919e+00 
 9.11128000e-04  3.53950306e+00 
 9.11228000e-04  3.53948693e+00 
 9.11328000e-04  3.53947080e+00 
 9.11428000e-04  3.53945467e+00 
 9.11528000e-04  3.53943854e+00 
 9.11628000e-04  3.53942241e+00 
 9.11728000e-04  3.53940628e+00 
 9.11828000e-04  3.53939015e+00 
 9.11928000e-04  3.53937402e+00 
 9.12028000e-04  3.53935789e+00 
 9.12128000e-04  3.53934176e+00 
 9.12228000e-04  3.53932563e+00 
 9.12328000e-04  3.53930950e+00 
 9.12428000e-04  3.53929338e+00 
 9.12528000e-04  3.53927725e+00 
 9.12628000e-04  3.53926112e+00 
 9.12728000e-04  3.53924500e+00 
 9.12828000e-04  3.53922887e+00 
 9.12928000e-04  3.53921275e+00 
 9.13028000e-04  3.53919662e+00 
 9.13128000e-04  3.53918050e+00 
 9.13228000e-04  3.53916437e+00 
 9.13328000e-04  3.53914825e+00 
 9.13428000e-04  3.53913212e+00 
 9.13528000e-04  3.53911600e+00 
 9.13628000e-04  3.53909988e+00 
 9.13728000e-04  3.53908376e+00 
 9.13828000e-04  3.53906763e+00 
 9.13928000e-04  3.53905151e+00 
 9.14028000e-04  3.53903539e+00 
 9.14128000e-04  3.53901927e+00 
 9.14228000e-04  3.53900315e+00 
 9.14328000e-04  3.53898703e+00 
 9.14428000e-04  3.53897091e+00 
 9.14528000e-04  3.53895479e+00 
 9.14628000e-04  3.53893867e+00 
 9.14728000e-04  3.53892255e+00 
 9.14828000e-04  3.53890643e+00 
 9.14928000e-04  3.53889031e+00 
 9.15028000e-04  3.53887419e+00 
 9.15128000e-04  3.53885808e+00 
 9.15228000e-04  3.53884196e+00 
 9.15328000e-04  3.53882584e+00 
 9.15428000e-04  3.53880972e+00 
 9.15528000e-04  3.53879361e+00 
 9.15628000e-04  3.53877749e+00 
 9.15728000e-04  3.53876138e+00 
 9.15828000e-04  3.53874526e+00 
 9.15928000e-04  3.53872915e+00 
 9.16028000e-04  3.53871303e+00 
 9.16128000e-04  3.53869692e+00 
 9.16228000e-04  3.53868080e+00 
 9.16328000e-04  3.53866469e+00 
 9.16428000e-04  3.53864858e+00 
 9.16528000e-04  3.53863246e+00 
 9.16628000e-04  3.53861635e+00 
 9.16728000e-04  3.53860024e+00 
 9.16828000e-04  3.53858413e+00 
 9.16928000e-04  3.53856801e+00 
 9.17028000e-04  3.53855190e+00 
 9.17128000e-04  3.53853579e+00 
 9.17228000e-04  3.53851968e+00 
 9.17328000e-04  3.53850357e+00 
 9.17428000e-04  3.53848746e+00 
 9.17528000e-04  3.53847135e+00 
 9.17628000e-04  3.53845524e+00 
 9.17728000e-04  3.53843913e+00 
 9.17828000e-04  3.53842302e+00 
 9.17928000e-04  3.53840692e+00 
 9.18028000e-04  3.53839081e+00 
 9.18128000e-04  3.53837470e+00 
 9.18228000e-04  3.53835859e+00 
 9.18328000e-04  3.53834249e+00 
 9.18428000e-04  3.53832638e+00 
 9.18528000e-04  3.53831027e+00 
 9.18628000e-04  3.53829417e+00 
 9.18728000e-04  3.53827806e+00 
 9.18828000e-04  3.53826195e+00 
 9.18928000e-04  3.53824585e+00 
 9.19028000e-04  3.53822974e+00 
 9.19128000e-04  3.53821364e+00 
 9.19228000e-04  3.53819754e+00 
 9.19328000e-04  3.53818143e+00 
 9.19428000e-04  3.53816533e+00 
 9.19528000e-04  3.53814923e+00 
 9.19628000e-04  3.53813312e+00 
 9.19728000e-04  3.53811702e+00 
 9.19828000e-04  3.53810092e+00 
 9.19928000e-04  3.53808482e+00 
 9.20028000e-04  3.53806871e+00 
 9.20128000e-04  3.53805261e+00 
 9.20228000e-04  3.53803651e+00 
 9.20328000e-04  3.53802041e+00 
 9.20428000e-04  3.53800431e+00 
 9.20528000e-04  3.53798821e+00 
 9.20628000e-04  3.53797211e+00 
 9.20728000e-04  3.53795601e+00 
 9.20828000e-04  3.53793991e+00 
 9.20928000e-04  3.53792381e+00 
 9.21028000e-04  3.53790771e+00 
 9.21128000e-04  3.53789161e+00 
 9.21228000e-04  3.53787552e+00 
 9.21328000e-04  3.53785942e+00 
 9.21428000e-04  3.53784332e+00 
 9.21528000e-04  3.53782722e+00 
 9.21628000e-04  3.53781113e+00 
 9.21728000e-04  3.53779503e+00 
 9.21828000e-04  3.53777894e+00 
 9.21928000e-04  3.53776284e+00 
 9.22028000e-04  3.53774674e+00 
 9.22128000e-04  3.53773065e+00 
 9.22228000e-04  3.53771455e+00 
 9.22328000e-04  3.53769846e+00 
 9.22428000e-04  3.53768237e+00 
 9.22528000e-04  3.53766627e+00 
 9.22628000e-04  3.53765018e+00 
 9.22728000e-04  3.53763408e+00 
 9.22828000e-04  3.53761799e+00 
 9.22928000e-04  3.53760190e+00 
 9.23028000e-04  3.53758581e+00 
 9.23128000e-04  3.53756971e+00 
 9.23228000e-04  3.53755362e+00 
 9.23328000e-04  3.53753753e+00 
 9.23428000e-04  3.53752144e+00 
 9.23528000e-04  3.53750535e+00 
 9.23628000e-04  3.53748926e+00 
 9.23728000e-04  3.53747317e+00 
 9.23828000e-04  3.53745708e+00 
 9.23928000e-04  3.53744099e+00 
 9.24028000e-04  3.53742490e+00 
 9.24128000e-04  3.53740881e+00 
 9.24228000e-04  3.53739272e+00 
 9.24328000e-04  3.53737663e+00 
 9.24428000e-04  3.53736054e+00 
 9.24528000e-04  3.53734445e+00 
 9.24628000e-04  3.53732837e+00 
 9.24728000e-04  3.53731228e+00 
 9.24828000e-04  3.53729619e+00 
 9.24928000e-04  3.53728011e+00 
 9.25028000e-04  3.53726402e+00 
 9.25128000e-04  3.53724793e+00 
 9.25228000e-04  3.53723185e+00 
 9.25328000e-04  3.53721576e+00 
 9.25428000e-04  3.53719968e+00 
 9.25528000e-04  3.53718359e+00 
 9.25628000e-04  3.53716751e+00 
 9.25728000e-04  3.53715142e+00 
 9.25828000e-04  3.53713534e+00 
 9.25928000e-04  3.53711925e+00 
 9.26028000e-04  3.53710317e+00 
 9.26128000e-04  3.53708709e+00 
 9.26228000e-04  3.53707100e+00 
 9.26328000e-04  3.53705492e+00 
 9.26428000e-04  3.53703884e+00 
 9.26528000e-04  3.53702276e+00 
 9.26628000e-04  3.53700668e+00 
 9.26728000e-04  3.53699059e+00 
 9.26828000e-04  3.53697451e+00 
 9.26928000e-04  3.53695843e+00 
 9.27028000e-04  3.53694235e+00 
 9.27128000e-04  3.53692627e+00 
 9.27228000e-04  3.53691019e+00 
 9.27328000e-04  3.53689411e+00 
 9.27428000e-04  3.53687803e+00 
 9.27528000e-04  3.53686195e+00 
 9.27628000e-04  3.53684588e+00 
 9.27728000e-04  3.53682980e+00 
 9.27828000e-04  3.53681372e+00 
 9.27928000e-04  3.53679764e+00 
 9.28028000e-04  3.53678156e+00 
 9.28128000e-04  3.53676549e+00 
 9.28228000e-04  3.53674941e+00 
 9.28328000e-04  3.53673333e+00 
 9.28428000e-04  3.53671726e+00 
 9.28528000e-04  3.53670118e+00 
 9.28628000e-04  3.53668510e+00 
 9.28728000e-04  3.53666903e+00 
 9.28828000e-04  3.53665295e+00 
 9.28928000e-04  3.53663688e+00 
 9.29028000e-04  3.53662080e+00 
 9.29128000e-04  3.53660473e+00 
 9.29228000e-04  3.53658866e+00 
 9.29328000e-04  3.53657258e+00 
 9.29428000e-04  3.53655651e+00 
 9.29528000e-04  3.53654043e+00 
 9.29628000e-04  3.53652436e+00 
 9.29728000e-04  3.53650829e+00 
 9.29828000e-04  3.53649222e+00 
 9.29928000e-04  3.53647615e+00 
 9.30028000e-04  3.53646007e+00 
 9.30128000e-04  3.53644400e+00 
 9.30228000e-04  3.53642793e+00 
 9.30328000e-04  3.53641186e+00 
 9.30428000e-04  3.53639579e+00 
 9.30528000e-04  3.53637972e+00 
 9.30628000e-04  3.53636365e+00 
 9.30728000e-04  3.53634758e+00 
 9.30828000e-04  3.53633151e+00 
 9.30928000e-04  3.53631544e+00 
 9.31028000e-04  3.53629937e+00 
 9.31128000e-04  3.53628330e+00 
 9.31228000e-04  3.53626724e+00 
 9.31328000e-04  3.53625117e+00 
 9.31428000e-04  3.53623510e+00 
 9.31528000e-04  3.53621903e+00 
 9.31628000e-04  3.53620297e+00 
 9.31728000e-04  3.53618690e+00 
 9.31828000e-04  3.53617083e+00 
 9.31928000e-04  3.53615477e+00 
 9.32028000e-04  3.53613870e+00 
 9.32128000e-04  3.53612264e+00 
 9.32228000e-04  3.53610657e+00 
 9.32328000e-04  3.53609051e+00 
 9.32428000e-04  3.53607444e+00 
 9.32528000e-04  3.53605838e+00 
 9.32628000e-04  3.53604231e+00 
 9.32728000e-04  3.53602625e+00 
 9.32828000e-04  3.53601019e+00 
 9.32928000e-04  3.53599412e+00 
 9.33028000e-04  3.53597806e+00 
 9.33128000e-04  3.53596200e+00 
 9.33228000e-04  3.53594594e+00 
 9.33328000e-04  3.53592988e+00 
 9.33428000e-04  3.53591381e+00 
 9.33528000e-04  3.53589775e+00 
 9.33628000e-04  3.53588169e+00 
 9.33728000e-04  3.53586563e+00 
 9.33828000e-04  3.53584957e+00 
 9.33928000e-04  3.53583351e+00 
 9.34028000e-04  3.53581745e+00 
 9.34128000e-04  3.53580139e+00 
 9.34228000e-04  3.53578533e+00 
 9.34328000e-04  3.53576927e+00 
 9.34428000e-04  3.53575322e+00 
 9.34528000e-04  3.53573716e+00 
 9.34628000e-04  3.53572110e+00 
 9.34728000e-04  3.53570504e+00 
 9.34828000e-04  3.53568898e+00 
 9.34928000e-04  3.53567293e+00 
 9.35028000e-04  3.53565687e+00 
 9.35128000e-04  3.53564081e+00 
 9.35228000e-04  3.53562476e+00 
 9.35328000e-04  3.53560870e+00 
 9.35428000e-04  3.53559265e+00 
 9.35528000e-04  3.53557659e+00 
 9.35628000e-04  3.53556054e+00 
 9.35728000e-04  3.53554448e+00 
 9.35828000e-04  3.53552843e+00 
 9.35928000e-04  3.53551237e+00 
 9.36028000e-04  3.53549632e+00 
 9.36128000e-04  3.53548027e+00 
 9.36228000e-04  3.53546421e+00 
 9.36328000e-04  3.53544816e+00 
 9.36428000e-04  3.53543211e+00 
 9.36528000e-04  3.53541606e+00 
 9.36628000e-04  3.53540001e+00 
 9.36728000e-04  3.53538395e+00 
 9.36828000e-04  3.53536790e+00 
 9.36928000e-04  3.53535185e+00 
 9.37028000e-04  3.53533580e+00 
 9.37128000e-04  3.53531975e+00 
 9.37228000e-04  3.53530370e+00 
 9.37328000e-04  3.53528765e+00 
 9.37428000e-04  3.53527160e+00 
 9.37528000e-04  3.53525555e+00 
 9.37628000e-04  3.53523950e+00 
 9.37728000e-04  3.53522346e+00 
 9.37828000e-04  3.53520741e+00 
 9.37928000e-04  3.53519136e+00 
 9.38028000e-04  3.53517531e+00 
 9.38128000e-04  3.53515927e+00 
 9.38228000e-04  3.53514322e+00 
 9.38328000e-04  3.53512717e+00 
 9.38428000e-04  3.53511113e+00 
 9.38528000e-04  3.53509508e+00 
 9.38628000e-04  3.53507904e+00 
 9.38728000e-04  3.53506299e+00 
 9.38828000e-04  3.53504695e+00 
 9.38928000e-04  3.53503090e+00 
 9.39028000e-04  3.53501486e+00 
 9.39128000e-04  3.53499881e+00 
 9.39228000e-04  3.53498277e+00 
 9.39328000e-04  3.53496673e+00 
 9.39428000e-04  3.53495068e+00 
 9.39528000e-04  3.53493464e+00 
 9.39628000e-04  3.53491860e+00 
 9.39728000e-04  3.53490256e+00 
 9.39828000e-04  3.53488652e+00 
 9.39928000e-04  3.53487047e+00 
 9.40028000e-04  3.53485443e+00 
 9.40128000e-04  3.53483839e+00 
 9.40228000e-04  3.53482235e+00 
 9.40328000e-04  3.53480631e+00 
 9.40428000e-04  3.53479027e+00 
 9.40528000e-04  3.53477423e+00 
 9.40628000e-04  3.53475819e+00 
 9.40728000e-04  3.53474216e+00 
 9.40828000e-04  3.53472612e+00 
 9.40928000e-04  3.53471008e+00 
 9.41028000e-04  3.53469404e+00 
 9.41128000e-04  3.53467800e+00 
 9.41228000e-04  3.53466197e+00 
 9.41328000e-04  3.53464593e+00 
 9.41428000e-04  3.53462989e+00 
 9.41528000e-04  3.53461386e+00 
 9.41628000e-04  3.53459782e+00 
 9.41728000e-04  3.53458179e+00 
 9.41828000e-04  3.53456575e+00 
 9.41928000e-04  3.53454972e+00 
 9.42028000e-04  3.53453368e+00 
 9.42128000e-04  3.53451765e+00 
 9.42228000e-04  3.53450162e+00 
 9.42328000e-04  3.53448558e+00 
 9.42428000e-04  3.53446955e+00 
 9.42528000e-04  3.53445352e+00 
 9.42628000e-04  3.53443748e+00 
 9.42728000e-04  3.53442145e+00 
 9.42828000e-04  3.53440542e+00 
 9.42928000e-04  3.53438939e+00 
 9.43028000e-04  3.53437336e+00 
 9.43128000e-04  3.53435733e+00 
 9.43228000e-04  3.53434130e+00 
 9.43328000e-04  3.53432527e+00 
 9.43428000e-04  3.53430924e+00 
 9.43528000e-04  3.53429321e+00 
 9.43628000e-04  3.53427718e+00 
 9.43728000e-04  3.53426115e+00 
 9.43828000e-04  3.53424513e+00 
 9.43928000e-04  3.53422910e+00 
 9.44028000e-04  3.53421307e+00 
 9.44128000e-04  3.53419704e+00 
 9.44228000e-04  3.53418102e+00 
 9.44328000e-04  3.53416499e+00 
 9.44428000e-04  3.53414897e+00 
 9.44528000e-04  3.53413294e+00 
 9.44628000e-04  3.53411691e+00 
 9.44728000e-04  3.53410089e+00 
 9.44828000e-04  3.53408487e+00 
 9.44928000e-04  3.53406884e+00 
 9.45028000e-04  3.53405282e+00 
 9.45128000e-04  3.53403679e+00 
 9.45228000e-04  3.53402077e+00 
 9.45328000e-04  3.53400475e+00 
 9.45428000e-04  3.53398873e+00 
 9.45528000e-04  3.53397271e+00 
 9.45628000e-04  3.53395668e+00 
 9.45728000e-04  3.53394066e+00 
 9.45828000e-04  3.53392464e+00 
 9.45928000e-04  3.53390862e+00 
 9.46028000e-04  3.53389260e+00 
 9.46128000e-04  3.53387658e+00 
 9.46228000e-04  3.53386056e+00 
 9.46328000e-04  3.53384454e+00 
 9.46428000e-04  3.53382853e+00 
 9.46528000e-04  3.53381251e+00 
 9.46628000e-04  3.53379649e+00 
 9.46728000e-04  3.53378047e+00 
 9.46828000e-04  3.53376446e+00 
 9.46928000e-04  3.53374844e+00 
 9.47028000e-04  3.53373242e+00 
 9.47128000e-04  3.53371641e+00 
 9.47228000e-04  3.53370039e+00 
 9.47328000e-04  3.53368438e+00 
 9.47428000e-04  3.53366836e+00 
 9.47528000e-04  3.53365235e+00 
 9.47628000e-04  3.53363634e+00 
 9.47728000e-04  3.53362032e+00 
 9.47828000e-04  3.53360431e+00 
 9.47928000e-04  3.53358830e+00 
 9.48028000e-04  3.53357229e+00 
 9.48128000e-04  3.53355627e+00 
 9.48228000e-04  3.53354026e+00 
 9.48328000e-04  3.53352425e+00 
 9.48428000e-04  3.53350824e+00 
 9.48528000e-04  3.53349223e+00 
 9.48628000e-04  3.53347622e+00 
 9.48728000e-04  3.53346022e+00 
 9.48828000e-04  3.53344421e+00 
 9.48928000e-04  3.53342820e+00 
 9.49028000e-04  3.53341219e+00 
 9.49128000e-04  3.53339618e+00 
 9.49228000e-04  3.53338018e+00 
 9.49328000e-04  3.53336417e+00 
 9.49428000e-04  3.53334817e+00 
 9.49528000e-04  3.53333216e+00 
 9.49628000e-04  3.53331615e+00 
 9.49728000e-04  3.53330015e+00 
 9.49828000e-04  3.53328415e+00 
 9.49928000e-04  3.53326814e+00 
 9.50028000e-04  3.53325214e+00 
 9.50128000e-04  3.53323614e+00 
 9.50228000e-04  3.53322013e+00 
 9.50328000e-04  3.53320413e+00 
 9.50428000e-04  3.53318813e+00 
 9.50528000e-04  3.53317213e+00 
 9.50628000e-04  3.53315613e+00 
 9.50728000e-04  3.53314013e+00 
 9.50828000e-04  3.53312413e+00 
 9.50928000e-04  3.53310813e+00 
 9.51028000e-04  3.53309213e+00 
 9.51128000e-04  3.53307613e+00 
 9.51228000e-04  3.53306014e+00 
 9.51328000e-04  3.53304414e+00 
 9.51428000e-04  3.53302814e+00 
 9.51528000e-04  3.53301215e+00 
 9.51628000e-04  3.53299615e+00 
 9.51728000e-04  3.53298016e+00 
 9.51828000e-04  3.53296416e+00 
 9.51928000e-04  3.53294817e+00 
 9.52028000e-04  3.53293217e+00 
 9.52128000e-04  3.53291618e+00 
 9.52228000e-04  3.53290019e+00 
 9.52328000e-04  3.53288420e+00 
 9.52428000e-04  3.53286820e+00 
 9.52528000e-04  3.53285221e+00 
 9.52628000e-04  3.53283622e+00 
 9.52728000e-04  3.53282023e+00 
 9.52828000e-04  3.53280424e+00 
 9.52928000e-04  3.53278825e+00 
 9.53028000e-04  3.53277226e+00 
 9.53128000e-04  3.53275628e+00 
 9.53228000e-04  3.53274029e+00 
 9.53328000e-04  3.53272430e+00 
 9.53428000e-04  3.53270832e+00 
 9.53528000e-04  3.53269233e+00 
 9.53628000e-04  3.53267634e+00 
 9.53728000e-04  3.53266036e+00 
 9.53828000e-04  3.53264438e+00 
 9.53928000e-04  3.53262839e+00 
 9.54028000e-04  3.53261241e+00 
 9.54128000e-04  3.53259643e+00 
 9.54228000e-04  3.53258045e+00 
 9.54328000e-04  3.53256447e+00 
 9.54428000e-04  3.53254849e+00 
 9.54528000e-04  3.53253251e+00 
 9.54628000e-04  3.53251653e+00 
 9.54728000e-04  3.53250055e+00 
 9.54828000e-04  3.53248457e+00 
 9.54928000e-04  3.53246859e+00 
 9.55028000e-04  3.53245262e+00 
 9.55128000e-04  3.53243664e+00 
 9.55228000e-04  3.53242067e+00 
 9.55328000e-04  3.53240469e+00 
 9.55428000e-04  3.53238872e+00 
 9.55528000e-04  3.53237275e+00 
 9.55628000e-04  3.53235678e+00 
 9.55728000e-04  3.53234081e+00 
 9.55828000e-04  3.53232484e+00 
 9.55928000e-04  3.53230887e+00 
 9.56028000e-04  3.53229290e+00 
 9.56128000e-04  3.53227694e+00 
 9.56228000e-04  3.53226097e+00 
 9.56328000e-04  3.53224501e+00 
 9.56428000e-04  3.53222905e+00 
 9.56528000e-04  3.53221310e+00 
 9.56628000e-04  3.53219714e+00 
 9.56728000e-04  3.53218119e+00 
 9.56828000e-04  3.53216525e+00 
 9.56928000e-04  3.53214930e+00 
 9.57028000e-04  3.53213337e+00 
 9.57128000e-04  3.53211744e+00 
 9.57228000e-04  3.53210151e+00 
 9.57328000e-04  3.53208560e+00 
 9.57428000e-04  3.53206969e+00 
 9.57528000e-04  3.53205380e+00 
 9.57628000e-04  3.53203792e+00 
 9.57728000e-04  3.53202206e+00 
 9.57828000e-04  3.53200622e+00 
 9.57928000e-04  3.53199040e+00 
 9.58028000e-04  3.53197462e+00 
 9.58128000e-04  3.53195887e+00 
 9.58228000e-04  3.53194316e+00 
 9.58328000e-04  3.53192751e+00 
 9.58428000e-04  3.53191191e+00 
 9.58528000e-04  3.53189640e+00 
 9.58628000e-04  3.53188097e+00 
 9.58728000e-04  3.53186565e+00 
 9.58828000e-04  3.53185046e+00 
 9.58928000e-04  3.53183542e+00 
 9.59028000e-04  3.53182058e+00 
 9.59128000e-04  3.53180596e+00 
 9.59228000e-04  3.53179162e+00 
 9.59328000e-04  3.53177761e+00 
 9.59428000e-04  3.53176399e+00 
 9.59528000e-04  3.53175086e+00 
 9.59628000e-04  3.53173830e+00 
 9.59728000e-04  3.53172644e+00 
 9.59828000e-04  3.53171541e+00 
 9.59928000e-04  3.53170540e+00 
 9.60028000e-04  3.53169660e+00 
 9.60128000e-04  3.53168927e+00 
 9.60228000e-04  3.53168371e+00 
 9.60328000e-04  3.53168027e+00 
 9.60428000e-04  3.53167939e+00 
 9.60528000e-04  3.53168160e+00 
 9.60628000e-04  3.53168753e+00 
 9.60728000e-04  3.53169793e+00 
 9.60828000e-04  3.53171372e+00 
 9.60928000e-04  3.53173598e+00 
 9.61028000e-04  3.53176604e+00 
 9.61128000e-04  3.53180546e+00 
 9.61228000e-04  3.53185613e+00 
 9.61328000e-04  3.53192032e+00 
 9.61428000e-04  3.53200073e+00 
 9.61528000e-04  3.53210057e+00 
 9.61628000e-04  3.53222368e+00 
 9.61728000e-04  3.53237462e+00 
 9.61828000e-04  3.53255879e+00 
 9.61928000e-04  3.53278254e+00 
 9.62028000e-04  3.53305338e+00 
 9.62128000e-04  3.53338003e+00 
 9.62228000e-04  3.53377269e+00 
 9.62328000e-04  3.53424310e+00 
 9.62428000e-04  3.53480472e+00 
 9.62528000e-04  3.53547284e+00 
 9.62628000e-04  3.53626462e+00 
 9.62728000e-04  3.53719910e+00 
 9.62828000e-04  3.53829710e+00 
 9.62928000e-04  3.53958102e+00 
 9.63028000e-04  3.54107455e+00 
 9.63128000e-04  3.54280219e+00 
 9.63228000e-04  3.54478873e+00 
 9.63328000e-04  3.54705857e+00 
 9.63428000e-04  3.54963507e+00 
 9.63528000e-04  3.55253975e+00 
 9.63628000e-04  3.55579172e+00 
 9.63728000e-04  3.55940704e+00 
 9.63828000e-04  3.56339830e+00 
 9.63928000e-04  3.56777439e+00 
 9.64028000e-04  3.57254037e+00 
 9.64128000e-04  3.57769758e+00 
 9.64228000e-04  3.58324387e+00 
 9.64328000e-04  3.58636979e+00 
 9.64428000e-04  3.58374342e+00 
 9.64528000e-04  3.57891270e+00 
 9.64628000e-04  3.57500956e+00 
 9.64728000e-04  3.57134374e+00 
 9.64828000e-04  3.56807982e+00 
 9.64928000e-04  3.56515325e+00 
 9.65028000e-04  3.56256338e+00 
 9.65128000e-04  3.56028260e+00 
 9.65228000e-04  3.55828986e+00 
 9.65328000e-04  3.55655861e+00 
 9.65428000e-04  3.55506353e+00 
 9.65528000e-04  3.55377860e+00 
 9.65628000e-04  3.55267926e+00 
 9.65728000e-04  3.55174211e+00 
 9.65828000e-04  3.55094580e+00 
 9.65928000e-04  3.55027081e+00 
 9.66028000e-04  3.54969981e+00 
 9.66128000e-04  3.54921746e+00 
 9.66228000e-04  3.54881038e+00 
 9.66328000e-04  3.54846694e+00 
 9.66428000e-04  3.54817719e+00 
 9.66528000e-04  3.54793257e+00 
 9.66628000e-04  3.54772583e+00 
 9.66728000e-04  3.54755083e+00 
 9.66828000e-04  3.54740237e+00 
 9.66928000e-04  3.54727607e+00 
 9.67028000e-04  3.54716827e+00 
 9.67128000e-04  3.54707588e+00 
 9.67228000e-04  3.54699634e+00 
 9.67328000e-04  3.54692750e+00 
 9.67428000e-04  3.54686755e+00 
 9.67528000e-04  3.54681499e+00 
 9.67628000e-04  3.54676859e+00 
 9.67728000e-04  3.54672731e+00 
 9.67828000e-04  3.54669027e+00 
 9.67928000e-04  3.54665676e+00 
 9.68028000e-04  3.54662619e+00 
 9.68128000e-04  3.54659805e+00 
 9.68228000e-04  3.54657193e+00 
 9.68328000e-04  3.54654749e+00 
 9.68428000e-04  3.54652445e+00 
 9.68528000e-04  3.54650256e+00 
 9.68628000e-04  3.54648164e+00 
 9.68728000e-04  3.54646152e+00 
 9.68828000e-04  3.54644205e+00 
 9.68928000e-04  3.54642314e+00 
 9.69028000e-04  3.54640468e+00 
 9.69128000e-04  3.54638661e+00 
 9.69228000e-04  3.54636885e+00 
 9.69328000e-04  3.54635135e+00 
 9.69428000e-04  3.54633406e+00 
 9.69528000e-04  3.54631696e+00 
 9.69628000e-04  3.54630001e+00 
 9.69728000e-04  3.54628318e+00 
 9.69828000e-04  3.54626646e+00 
 9.69928000e-04  3.54624982e+00 
 9.70028000e-04  3.54623325e+00 
 9.70128000e-04  3.54621675e+00 
 9.70228000e-04  3.54620029e+00 
 9.70328000e-04  3.54618387e+00 
 9.70428000e-04  3.54616749e+00 
 9.70528000e-04  3.54615114e+00 
 9.70628000e-04  3.54613481e+00 
 9.70728000e-04  3.54611850e+00 
 9.70828000e-04  3.54610221e+00 
 9.70928000e-04  3.54608593e+00 
 9.71028000e-04  3.54606966e+00 
 9.71128000e-04  3.54605341e+00 
 9.71228000e-04  3.54603716e+00 
 9.71328000e-04  3.54602092e+00 
 9.71428000e-04  3.54600468e+00 
 9.71528000e-04  3.54598845e+00 
 9.71628000e-04  3.54597223e+00 
 9.71728000e-04  3.54595600e+00 
 9.71828000e-04  3.54593978e+00 
 9.71928000e-04  3.54592357e+00 
 9.72028000e-04  3.54590735e+00 
 9.72128000e-04  3.54589114e+00 
 9.72228000e-04  3.54587493e+00 
 9.72328000e-04  3.54585872e+00 
 9.72428000e-04  3.54584252e+00 
 9.72528000e-04  3.54582631e+00 
 9.72628000e-04  3.54581011e+00 
 9.72728000e-04  3.54579390e+00 
 9.72828000e-04  3.54577770e+00 
 9.72928000e-04  3.54576150e+00 
 9.73028000e-04  3.54574530e+00 
 9.73128000e-04  3.54572910e+00 
 9.73228000e-04  3.54571290e+00 
 9.73328000e-04  3.54569670e+00 
 9.73428000e-04  3.54568051e+00 
 9.73528000e-04  3.54566431e+00 
 9.73628000e-04  3.54564811e+00 
 9.73728000e-04  3.54563192e+00 
 9.73828000e-04  3.54561572e+00 
 9.73928000e-04  3.54559953e+00 
 9.74028000e-04  3.54558334e+00 
 9.74128000e-04  3.54556714e+00 
 9.74228000e-04  3.54555095e+00 
 9.74328000e-04  3.54553476e+00 
 9.74428000e-04  3.54551857e+00 
 9.74528000e-04  3.54550238e+00 
 9.74628000e-04  3.54548619e+00 
 9.74728000e-04  3.54547000e+00 
 9.74828000e-04  3.54545381e+00 
 9.74928000e-04  3.54543763e+00 
 9.75028000e-04  3.54542144e+00 
 9.75128000e-04  3.54540525e+00 
 9.75228000e-04  3.54538907e+00 
 9.75328000e-04  3.54537288e+00 
 9.75428000e-04  3.54535669e+00 
 9.75528000e-04  3.54534051e+00 
 9.75628000e-04  3.54532433e+00 
 9.75728000e-04  3.54530814e+00 
 9.75828000e-04  3.54529196e+00 
 9.75928000e-04  3.54527578e+00 
 9.76028000e-04  3.54525959e+00 
 9.76128000e-04  3.54524341e+00 
 9.76228000e-04  3.54522723e+00 
 9.76328000e-04  3.54521105e+00 
 9.76428000e-04  3.54519487e+00 
 9.76528000e-04  3.54517869e+00 
 9.76628000e-04  3.54516251e+00 
 9.76728000e-04  3.54514633e+00 
 9.76828000e-04  3.54513015e+00 
 9.76928000e-04  3.54511398e+00 
 9.77028000e-04  3.54509780e+00 
 9.77128000e-04  3.54508162e+00 
 9.77228000e-04  3.54506545e+00 
 9.77328000e-04  3.54504927e+00 
 9.77428000e-04  3.54503310e+00 
 9.77528000e-04  3.54501692e+00 
 9.77628000e-04  3.54500075e+00 
 9.77728000e-04  3.54498457e+00 
 9.77828000e-04  3.54496840e+00 
 9.77928000e-04  3.54495223e+00 
 9.78028000e-04  3.54493605e+00 
 9.78128000e-04  3.54491988e+00 
 9.78228000e-04  3.54490371e+00 
 9.78328000e-04  3.54488754e+00 
 9.78428000e-04  3.54487137e+00 
 9.78528000e-04  3.54485520e+00 
 9.78628000e-04  3.54483903e+00 
 9.78728000e-04  3.54482286e+00 
 9.78828000e-04  3.54480669e+00 
 9.78928000e-04  3.54479052e+00 
 9.79028000e-04  3.54477436e+00 
 9.79128000e-04  3.54475819e+00 
 9.79228000e-04  3.54474202e+00 
 9.79328000e-04  3.54472586e+00 
 9.79428000e-04  3.54470969e+00 
 9.79528000e-04  3.54469352e+00 
 9.79628000e-04  3.54467736e+00 
 9.79728000e-04  3.54466119e+00 
 9.79828000e-04  3.54464503e+00 
 9.79928000e-04  3.54462887e+00 
 9.80028000e-04  3.54461270e+00 
 9.80128000e-04  3.54459654e+00 
 9.80228000e-04  3.54458038e+00 
 9.80328000e-04  3.54456421e+00 
 9.80428000e-04  3.54454805e+00 
 9.80528000e-04  3.54453189e+00 
 9.80628000e-04  3.54451573e+00 
 9.80728000e-04  3.54449957e+00 
 9.80828000e-04  3.54448341e+00 
 9.80928000e-04  3.54446725e+00 
 9.81028000e-04  3.54445109e+00 
 9.81128000e-04  3.54443493e+00 
 9.81228000e-04  3.54441877e+00 
 9.81328000e-04  3.54440261e+00 
 9.81428000e-04  3.54438645e+00 
 9.81528000e-04  3.54437030e+00 
 9.81628000e-04  3.54435414e+00 
 9.81728000e-04  3.54433798e+00 
 9.81828000e-04  3.54432183e+00 
 9.81928000e-04  3.54430567e+00 
 9.82028000e-04  3.54428951e+00 
 9.82128000e-04  3.54427336e+00 
 9.82228000e-04  3.54425720e+00 
 9.82328000e-04  3.54424105e+00 
 9.82428000e-04  3.54422490e+00 
 9.82528000e-04  3.54420874e+00 
 9.82628000e-04  3.54419259e+00 
 9.82728000e-04  3.54417644e+00 
 9.82828000e-04  3.54416028e+00 
 9.82928000e-04  3.54414413e+00 
 9.83028000e-04  3.54412798e+00 
 9.83128000e-04  3.54411183e+00 
 9.83228000e-04  3.54409568e+00 
 9.83328000e-04  3.54407953e+00 
 9.83428000e-04  3.54406338e+00 
 9.83528000e-04  3.54404723e+00 
 9.83628000e-04  3.54403108e+00 
 9.83728000e-04  3.54401493e+00 
 9.83828000e-04  3.54399878e+00 
 9.83928000e-04  3.54398263e+00 
 9.84028000e-04  3.54396648e+00 
 9.84128000e-04  3.54395034e+00 
 9.84228000e-04  3.54393419e+00 
 9.84328000e-04  3.54391804e+00 
 9.84428000e-04  3.54390189e+00 
 9.84528000e-04  3.54388575e+00 
 9.84628000e-04  3.54386960e+00 
 9.84728000e-04  3.54385346e+00 
 9.84828000e-04  3.54383731e+00 
 9.84928000e-04  3.54382117e+00 
 9.85028000e-04  3.54380502e+00 
 9.85128000e-04  3.54378888e+00 
 9.85228000e-04  3.54377274e+00 
 9.85328000e-04  3.54375659e+00 
 9.85428000e-04  3.54374045e+00 
 9.85528000e-04  3.54372431e+00 
 9.85628000e-04  3.54370816e+00 
 9.85728000e-04  3.54369202e+00 
 9.85828000e-04  3.54367588e+00 
 9.85928000e-04  3.54365974e+00 
 9.86028000e-04  3.54364360e+00 
 9.86128000e-04  3.54362746e+00 
 9.86228000e-04  3.54361132e+00 
 9.86328000e-04  3.54359518e+00 
 9.86428000e-04  3.54357904e+00 
 9.86528000e-04  3.54356290e+00 
 9.86628000e-04  3.54354676e+00 
 9.86728000e-04  3.54353062e+00 
 9.86828000e-04  3.54351448e+00 
 9.86928000e-04  3.54349835e+00 
 9.87028000e-04  3.54348221e+00 
 9.87128000e-04  3.54346607e+00 
 9.87228000e-04  3.54344993e+00 
 9.87328000e-04  3.54343380e+00 
 9.87428000e-04  3.54341766e+00 
 9.87528000e-04  3.54340153e+00 
 9.87628000e-04  3.54338539e+00 
 9.87728000e-04  3.54336926e+00 
 9.87828000e-04  3.54335312e+00 
 9.87928000e-04  3.54333699e+00 
 9.88028000e-04  3.54332085e+00 
 9.88128000e-04  3.54330472e+00 
 9.88228000e-04  3.54328859e+00 
 9.88328000e-04  3.54327245e+00 
 9.88428000e-04  3.54325632e+00 
 9.88528000e-04  3.54324019e+00 
 9.88628000e-04  3.54322406e+00 
 9.88728000e-04  3.54320792e+00 
 9.88828000e-04  3.54319179e+00 
 9.88928000e-04  3.54317566e+00 
 9.89028000e-04  3.54315953e+00 
 9.89128000e-04  3.54314340e+00 
 9.89228000e-04  3.54312727e+00 
 9.89328000e-04  3.54311114e+00 
 9.89428000e-04  3.54309501e+00 
 9.89528000e-04  3.54307888e+00 
 9.89628000e-04  3.54306275e+00 
 9.89728000e-04  3.54304662e+00 
 9.89828000e-04  3.54303050e+00 
 9.89928000e-04  3.54301437e+00 
 9.90028000e-04  3.54299824e+00 
 9.90128000e-04  3.54298211e+00 
 9.90228000e-04  3.54296599e+00 
 9.90328000e-04  3.54294986e+00 
 9.90428000e-04  3.54293373e+00 
 9.90528000e-04  3.54291761e+00 
 9.90628000e-04  3.54290148e+00 
 9.90728000e-04  3.54288536e+00 
 9.90828000e-04  3.54286923e+00 
 9.90928000e-04  3.54285311e+00 
 9.91028000e-04  3.54283698e+00 
 9.91128000e-04  3.54282086e+00 
 9.91228000e-04  3.54280473e+00 
 9.91328000e-04  3.54278861e+00 
 9.91428000e-04  3.54277249e+00 
 9.91528000e-04  3.54275636e+00 
 9.91628000e-04  3.54274024e+00 
 9.91728000e-04  3.54272412e+00 
 9.91828000e-04  3.54270800e+00 
 9.91928000e-04  3.54269188e+00 
 9.92028000e-04  3.54267576e+00 
 9.92128000e-04  3.54265963e+00 
 9.92228000e-04  3.54264351e+00 
 9.92328000e-04  3.54262739e+00 
 9.92428000e-04  3.54261127e+00 
 9.92528000e-04  3.54259515e+00 
 9.92628000e-04  3.54257903e+00 
 9.92728000e-04  3.54256291e+00 
 9.92828000e-04  3.54254680e+00 
 9.92928000e-04  3.54253068e+00 
 9.93028000e-04  3.54251456e+00 
 9.93128000e-04  3.54249844e+00 
 9.93228000e-04  3.54248232e+00 
 9.93328000e-04  3.54246621e+00 
 9.93428000e-04  3.54245009e+00 
 9.93528000e-04  3.54243397e+00 
 9.93628000e-04  3.54241786e+00 
 9.93728000e-04  3.54240174e+00 
 9.93828000e-04  3.54238562e+00 
 9.93928000e-04  3.54236951e+00 
 9.94028000e-04  3.54235339e+00 
 9.94128000e-04  3.54233728e+00 
 9.94228000e-04  3.54232116e+00 
 9.94328000e-04  3.54230505e+00 
 9.94428000e-04  3.54228894e+00 
 9.94528000e-04  3.54227282e+00 
 9.94628000e-04  3.54225671e+00 
 9.94728000e-04  3.54224060e+00 
 9.94828000e-04  3.54222448e+00 
 9.94928000e-04  3.54220837e+00 
 9.95028000e-04  3.54219226e+00 
 9.95128000e-04  3.54217615e+00 
 9.95228000e-04  3.54216004e+00 
 9.95328000e-04  3.54214393e+00 
 9.95428000e-04  3.54212781e+00 
 9.95528000e-04  3.54211170e+00 
 9.95628000e-04  3.54209559e+00 
 9.95728000e-04  3.54207948e+00 
 9.95828000e-04  3.54206337e+00 
 9.95928000e-04  3.54204726e+00 
 9.96028000e-04  3.54203116e+00 
 9.96128000e-04  3.54201505e+00 
 9.96228000e-04  3.54199894e+00 
 9.96328000e-04  3.54198283e+00 
 9.96428000e-04  3.54196672e+00 
 9.96528000e-04  3.54195061e+00 
 9.96628000e-04  3.54193451e+00 
 9.96728000e-04  3.54191840e+00 
 9.96828000e-04  3.54190229e+00 
 9.96928000e-04  3.54188619e+00 
 9.97028000e-04  3.54187008e+00 
 9.97128000e-04  3.54185397e+00 
 9.97228000e-04  3.54183787e+00 
 9.97328000e-04  3.54182176e+00 
 9.97428000e-04  3.54180566e+00 
 9.97528000e-04  3.54178955e+00 
 9.97628000e-04  3.54177345e+00 
 9.97728000e-04  3.54175735e+00 
 9.97828000e-04  3.54174124e+00 
 9.97928000e-04  3.54172514e+00 
 9.98028000e-04  3.54170904e+00 
 9.98128000e-04  3.54169293e+00 
 9.98228000e-04  3.54167683e+00 
 9.98328000e-04  3.54166073e+00 
 9.98428000e-04  3.54164463e+00 
 9.98528000e-04  3.54162852e+00 
 9.98628000e-04  3.54161242e+00 
 9.98728000e-04  3.54159632e+00 
 9.98828000e-04  3.54158022e+00 
 9.98928000e-04  3.54156412e+00 
 9.99028000e-04  3.54154802e+00 
 9.99128000e-04  3.54153192e+00 
 9.99228000e-04  3.54151582e+00 
 9.99328000e-04  3.54149972e+00 
 9.99428000e-04  3.54148362e+00 
 9.99528000e-04  3.54146752e+00 
 9.99628000e-04  3.54145143e+00 
 9.99728000e-04  3.54143533e+00 
 9.99828000e-04  3.54141923e+00 
 9.99928000e-04  3.54140313e+00 
 1.00000000e-03  3.54139154e+00 
