 0.00000000e+00 -1.47601004e-22 
 1.00000000e-09  0.00000000e+00 
 2.00000000e-09  2.18601043e-13 
 4.00000000e-09  9.84559710e-13 
 8.00000000e-09  3.61245658e-12 
 1.60000000e-08  1.41260857e-11 
 3.20000000e-08  5.61904833e-11 
 6.40000000e-08  2.24483325e-10 
 1.28000000e-07  8.97914557e-10 
 2.28000000e-07  3.00414480e-09 
 3.28000000e-07  6.91587302e-09 
 4.28000000e-07  1.30397357e-08 
 5.28000000e-07  2.13951591e-08 
 6.28000000e-07  3.20103776e-08 
 7.28000000e-07  4.49246742e-08 
 8.28000000e-07  6.01915092e-08 
 9.28000000e-07  7.91447629e-08 
 1.02800000e-06  1.01945128e-07 
 1.12800000e-06  1.27544870e-07 
 1.22800000e-06  1.56164670e-07 
 1.32800000e-06  1.88098451e-07 
 1.42800000e-06  2.23738113e-07 
 1.52800000e-06  2.63606326e-07 
 1.62800000e-06  3.08400435e-07 
 1.72800000e-06  3.59051193e-07 
 1.82800000e-06  4.16801288e-07 
 1.92800000e-06  4.83310319e-07 
 2.02800000e-06  5.60795085e-07 
 2.12800000e-06  6.52217025e-07 
 2.22800000e-06  7.61532616e-07 
 2.32800000e-06  8.94027787e-07 
 2.42800000e-06  1.05676446e-06 
 2.52800000e-06  1.25917663e-06 
 2.62800000e-06  1.51386599e-06 
 2.72800000e-06  1.83766343e-06 
 2.82800000e-06  2.25304515e-06 
 2.92800000e-06  2.79002105e-06 
 3.02800000e-06  3.48865245e-06 
 3.12800000e-06  4.40240759e-06 
 3.22800000e-06  5.60263231e-06 
 3.32800000e-06  7.18450429e-06 
 3.42800000e-06  9.27496000e-06 
 3.52800000e-06  1.20432429e-05 
 3.62800000e-06  1.57149329e-05 
 3.72800000e-06  2.05905931e-05 
 3.82800000e-06  2.70705384e-05 
 3.92800000e-06  3.56877035e-05 
 4.02800000e-06  4.71512155e-05 
 4.12800000e-06  6.24040785e-05 
 4.22800000e-06  8.26994148e-05 
 4.32800000e-06  1.09701016e-04 
 4.42800000e-06  1.45615592e-04 
 4.52800000e-06  1.93366092e-04 
 4.62800000e-06  2.56817797e-04 
 4.72800000e-06  3.41071400e-04 
 4.82800000e-06  4.52839946e-04 
 4.92800000e-06  6.00928342e-04 
 5.02800000e-06  7.96834414e-04 
 5.12800000e-06  1.05548752e-03 
 5.22800000e-06  1.39613161e-03 
 5.32800000e-06  1.84334081e-03 
 5.42800000e-06  2.42812280e-03 
 5.52800000e-06  3.18901496e-03 
 5.62800000e-06  4.17301115e-03 
 5.72800000e-06  5.43608216e-03 
 5.82800000e-06  7.04299409e-03 
 5.92800000e-06  9.06612316e-03 
 6.02800000e-06  1.15830552e-02 
 6.12800000e-06  1.46729639e-02 
 6.22800000e-06  1.84120545e-02 
 6.32800000e-06  2.28686536e-02 
 6.42800000e-06  2.80986964e-02 
 6.52800000e-06  3.41423327e-02 
 6.62800000e-06  4.10221345e-02 
 6.72800000e-06  4.87430335e-02 
 6.82800000e-06  5.72937743e-02 
 6.92800000e-06  6.66494418e-02 
 7.02800000e-06  7.67745393e-02 
 7.12800000e-06  8.76261533e-02 
 7.22800000e-06  9.91568594e-02 
 7.32800000e-06  1.11317174e-01 
 7.42800000e-06  1.24057473e-01 
 7.52800000e-06  1.37329403e-01 
 7.62800000e-06  1.51086827e-01 
 7.72800000e-06  1.65286411e-01 
 7.82800000e-06  1.79887928e-01 
 7.92800000e-06  1.94854353e-01 
 8.02800000e-06  2.10151825e-01 
 8.12800000e-06  2.25749508e-01 
 8.22800000e-06  2.41619410e-01 
 8.32800000e-06  2.57736160e-01 
 8.42800000e-06  2.74076794e-01 
 8.52800000e-06  2.90620524e-01 
 8.62800000e-06  3.07348530e-01 
 8.72800000e-06  3.24243760e-01 
 8.82800000e-06  3.41290748e-01 
 8.92800000e-06  3.58475450e-01 
 9.02800000e-06  3.75785090e-01 
 9.12800000e-06  3.93208029e-01 
 9.22800000e-06  4.10733644e-01 
 9.32800000e-06  4.28352225e-01 
 9.42800000e-06  4.46054872e-01 
 9.52800000e-06  4.63833420e-01 
 9.62800000e-06  4.81680360e-01 
 9.72800000e-06  4.99588771e-01 
 9.82800000e-06  5.17552266e-01 
 9.92800000e-06  5.35556548e-01 
 1.00280000e-05  5.53587399e-01 
 1.01280000e-05  5.71648403e-01 
 1.02280000e-05  5.89745331e-01 
 1.03280000e-05  6.07875300e-01 
 1.04280000e-05  6.26034082e-01 
 1.05280000e-05  6.44217503e-01 
 1.06280000e-05  6.62421632e-01 
 1.07280000e-05  6.80642795e-01 
 1.08280000e-05  6.98877553e-01 
 1.09280000e-05  7.17122682e-01 
 1.10280000e-05  7.35375154e-01 
 1.11280000e-05  7.53632122e-01 
 1.12280000e-05  7.71890903e-01 
 1.13280000e-05  7.90148964e-01 
 1.14280000e-05  8.08403912e-01 
 1.15280000e-05  8.26653482e-01 
 1.16280000e-05  8.44895524e-01 
 1.17280000e-05  8.63128000e-01 
 1.18280000e-05  8.81348971e-01 
 1.19280000e-05  8.99556589e-01 
 1.20280000e-05  9.17749094e-01 
 1.21280000e-05  9.35924806e-01 
 1.22280000e-05  9.54082117e-01 
 1.23280000e-05  9.72219492e-01 
 1.24280000e-05  9.90335457e-01 
 1.25280000e-05  1.00842860e+00 
 1.26280000e-05  1.02649756e+00 
 1.27280000e-05  1.04454104e+00 
 1.28280000e-05  1.06255777e+00 
 1.29280000e-05  1.08054656e+00 
 1.30280000e-05  1.09850623e+00 
 1.31280000e-05  1.11643566e+00 
 1.32280000e-05  1.13433376e+00 
 1.33280000e-05  1.15219948e+00 
 1.34280000e-05  1.17003180e+00 
 1.35280000e-05  1.18782974e+00 
 1.36280000e-05  1.20559233e+00 
 1.37280000e-05  1.22331865e+00 
 1.38280000e-05  1.24100780e+00 
 1.39280000e-05  1.25865891e+00 
 1.40280000e-05  1.27627112e+00 
 1.41280000e-05  1.29384360e+00 
 1.42280000e-05  1.31137555e+00 
 1.43280000e-05  1.32886618e+00 
 1.44280000e-05  1.34631472e+00 
 1.45280000e-05  1.36372043e+00 
 1.46280000e-05  1.38108257e+00 
 1.47280000e-05  1.39840044e+00 
 1.48280000e-05  1.41567332e+00 
 1.49280000e-05  1.43290056e+00 
 1.50280000e-05  1.45008146e+00 
 1.51280000e-05  1.46721539e+00 
 1.52280000e-05  1.48430170e+00 
 1.53280000e-05  1.50133977e+00 
 1.54280000e-05  1.51832897e+00 
 1.55280000e-05  1.53526872e+00 
 1.56280000e-05  1.55215841e+00 
 1.57280000e-05  1.56899746e+00 
 1.58280000e-05  1.58578532e+00 
 1.59280000e-05  1.60252141e+00 
 1.60280000e-05  1.61920519e+00 
 1.61280000e-05  1.63583611e+00 
 1.62280000e-05  1.65241364e+00 
 1.63280000e-05  1.66893727e+00 
 1.64280000e-05  1.68540648e+00 
 1.65280000e-05  1.70182075e+00 
 1.66280000e-05  1.71817959e+00 
 1.67280000e-05  1.73448252e+00 
 1.68280000e-05  1.75072904e+00 
 1.69280000e-05  1.76691868e+00 
 1.70280000e-05  1.78305097e+00 
 1.71280000e-05  1.79912545e+00 
 1.72280000e-05  1.81514165e+00 
 1.73280000e-05  1.83109914e+00 
 1.74280000e-05  1.84699746e+00 
 1.75280000e-05  1.86283617e+00 
 1.76280000e-05  1.87861486e+00 
 1.77280000e-05  1.89433307e+00 
 1.78280000e-05  1.90999041e+00 
 1.79280000e-05  1.92558644e+00 
 1.80280000e-05  1.94112076e+00 
 1.81280000e-05  1.95659296e+00 
 1.82280000e-05  1.97200264e+00 
 1.83280000e-05  1.98734941e+00 
 1.84280000e-05  2.00263287e+00 
 1.85280000e-05  2.01785264e+00 
 1.86280000e-05  2.03300833e+00 
 1.87280000e-05  2.04809957e+00 
 1.88280000e-05  2.06312598e+00 
 1.89280000e-05  2.07808719e+00 
 1.90280000e-05  2.09298285e+00 
 1.91280000e-05  2.10781258e+00 
 1.92280000e-05  2.12257602e+00 
 1.93280000e-05  2.13727284e+00 
 1.94280000e-05  2.15190267e+00 
 1.95280000e-05  2.16646518e+00 
 1.96280000e-05  2.18096001e+00 
 1.97280000e-05  2.19538684e+00 
 1.98280000e-05  2.20974532e+00 
 1.99280000e-05  2.22403513e+00 
 2.00280000e-05  2.23825594e+00 
 2.01280000e-05  2.25240742e+00 
 2.02280000e-05  2.26648926e+00 
 2.03280000e-05  2.28050113e+00 
 2.04280000e-05  2.29444273e+00 
 2.05280000e-05  2.30831374e+00 
 2.06280000e-05  2.32211385e+00 
 2.07280000e-05  2.33584277e+00 
 2.08280000e-05  2.34950018e+00 
 2.09280000e-05  2.36308580e+00 
 2.10280000e-05  2.37659932e+00 
 2.11280000e-05  2.39004046e+00 
 2.12280000e-05  2.40340893e+00 
 2.13280000e-05  2.41670444e+00 
 2.14280000e-05  2.42992671e+00 
 2.15280000e-05  2.44307546e+00 
 2.16280000e-05  2.45615040e+00 
 2.17280000e-05  2.46915128e+00 
 2.18280000e-05  2.48207782e+00 
 2.19280000e-05  2.49492974e+00 
 2.20280000e-05  2.50770679e+00 
 2.21280000e-05  2.52040870e+00 
 2.22280000e-05  2.53303521e+00 
 2.23280000e-05  2.54558607e+00 
 2.24280000e-05  2.55806102e+00 
 2.25280000e-05  2.57045981e+00 
 2.26280000e-05  2.58278219e+00 
 2.27280000e-05  2.59502792e+00 
 2.28280000e-05  2.60719675e+00 
 2.29280000e-05  2.61928845e+00 
 2.30280000e-05  2.63130277e+00 
 2.31280000e-05  2.64323948e+00 
 2.32280000e-05  2.65509835e+00 
 2.33280000e-05  2.66687915e+00 
 2.34280000e-05  2.67858165e+00 
 2.35280000e-05  2.69020563e+00 
 2.36280000e-05  2.70175087e+00 
 2.37280000e-05  2.71321715e+00 
 2.38280000e-05  2.72460425e+00 
 2.39280000e-05  2.73591195e+00 
 2.40280000e-05  2.74714006e+00 
 2.41280000e-05  2.75828836e+00 
 2.42280000e-05  2.76935664e+00 
 2.43280000e-05  2.78034471e+00 
 2.44280000e-05  2.79125235e+00 
 2.45280000e-05  2.80207939e+00 
 2.46280000e-05  2.81282561e+00 
 2.47280000e-05  2.82349083e+00 
 2.48280000e-05  2.83407486e+00 
 2.49280000e-05  2.84457751e+00 
 2.50280000e-05  2.85499860e+00 
 2.51280000e-05  2.86533795e+00 
 2.52280000e-05  2.87559537e+00 
 2.53280000e-05  2.88577070e+00 
 2.54280000e-05  2.89586375e+00 
 2.55280000e-05  2.90587437e+00 
 2.56280000e-05  2.91580237e+00 
 2.57280000e-05  2.92564760e+00 
 2.58280000e-05  2.93540989e+00 
 2.59280000e-05  2.94508909e+00 
 2.60280000e-05  2.95468503e+00 
 2.61280000e-05  2.96419757e+00 
 2.62280000e-05  2.97362655e+00 
 2.63280000e-05  2.98297181e+00 
 2.64280000e-05  2.99223323e+00 
 2.65280000e-05  3.00141065e+00 
 2.66280000e-05  3.01050394e+00 
 2.67280000e-05  3.01951295e+00 
 2.68280000e-05  3.02843755e+00 
 2.69280000e-05  3.03727761e+00 
 2.70280000e-05  3.04603301e+00 
 2.71280000e-05  3.05470361e+00 
 2.72280000e-05  3.06328930e+00 
 2.73280000e-05  3.07178995e+00 
 2.74280000e-05  3.08020545e+00 
 2.75280000e-05  3.08853569e+00 
 2.76280000e-05  3.09678055e+00 
 2.77280000e-05  3.10493992e+00 
 2.78280000e-05  3.11301371e+00 
 2.79280000e-05  3.12100180e+00 
 2.80280000e-05  3.12890411e+00 
 2.81280000e-05  3.13672053e+00 
 2.82280000e-05  3.14445098e+00 
 2.83280000e-05  3.15209536e+00 
 2.84280000e-05  3.15965359e+00 
 2.85280000e-05  3.16712560e+00 
 2.86280000e-05  3.17451129e+00 
 2.87280000e-05  3.18181059e+00 
 2.88280000e-05  3.18902344e+00 
 2.89280000e-05  3.19614976e+00 
 2.90280000e-05  3.20318949e+00 
 2.91280000e-05  3.21014256e+00 
 2.92280000e-05  3.21700892e+00 
 2.93280000e-05  3.22378852e+00 
 2.94280000e-05  3.23048130e+00 
 2.95280000e-05  3.23708721e+00 
 2.96280000e-05  3.24360622e+00 
 2.97280000e-05  3.25003828e+00 
 2.98280000e-05  3.25638336e+00 
 2.99280000e-05  3.26264142e+00 
 3.00280000e-05  3.26881244e+00 
 3.01280000e-05  3.27489639e+00 
 3.02280000e-05  3.28089326e+00 
 3.03280000e-05  3.28680302e+00 
 3.04280000e-05  3.29262567e+00 
 3.05280000e-05  3.29836120e+00 
 3.06280000e-05  3.30400960e+00 
 3.07280000e-05  3.30957088e+00 
 3.08280000e-05  3.31504505e+00 
 3.09280000e-05  3.32043211e+00 
 3.10280000e-05  3.32573208e+00 
 3.11280000e-05  3.33094498e+00 
 3.12280000e-05  3.33607083e+00 
 3.13280000e-05  3.34110967e+00 
 3.14280000e-05  3.34606153e+00 
 3.15280000e-05  3.35092645e+00 
 3.16280000e-05  3.35570447e+00 
 3.17280000e-05  3.36039565e+00 
 3.18280000e-05  3.36500004e+00 
 3.19280000e-05  3.36951770e+00 
 3.20280000e-05  3.37394870e+00 
 3.21280000e-05  3.37829311e+00 
 3.22280000e-05  3.38255102e+00 
 3.23280000e-05  3.38672250e+00 
 3.24280000e-05  3.39080766e+00 
 3.25280000e-05  3.39480657e+00 
 3.26280000e-05  3.39871936e+00 
 3.27280000e-05  3.40254614e+00 
 3.28280000e-05  3.40628701e+00 
 3.29280000e-05  3.40994210e+00 
 3.30280000e-05  3.41351155e+00 
 3.31280000e-05  3.41699723e+00 
 3.32280000e-05  3.42040132e+00 
 3.33280000e-05  3.42372258e+00 
 3.34280000e-05  3.42695926e+00 
 3.35280000e-05  3.43011124e+00 
 3.36280000e-05  3.43317868e+00 
 3.37280000e-05  3.43616177e+00 
 3.38280000e-05  3.43906070e+00 
 3.39280000e-05  3.44187569e+00 
 3.40280000e-05  3.44460698e+00 
 3.41280000e-05  3.44725478e+00 
 3.42280000e-05  3.44981936e+00 
 3.43280000e-05  3.45230096e+00 
 3.44280000e-05  3.45469985e+00 
 3.45280000e-05  3.45701632e+00 
 3.46280000e-05  3.45925064e+00 
 3.47280000e-05  3.46140314e+00 
 3.48280000e-05  3.46347412e+00 
 3.49280000e-05  3.46546391e+00 
 3.50280000e-05  3.46737286e+00 
 3.51280000e-05  3.46920132e+00 
 3.52280000e-05  3.47094967e+00 
 3.53280000e-05  3.47261829e+00 
 3.54280000e-05  3.47420760e+00 
 3.55280000e-05  3.47571800e+00 
 3.56280000e-05  3.47714994e+00 
 3.57280000e-05  3.47850387e+00 
 3.58280000e-05  3.47978027e+00 
 3.59280000e-05  3.48097963e+00 
 3.60280000e-05  3.48210245e+00 
 3.61280000e-05  3.48314928e+00 
 3.62280000e-05  3.48412068e+00 
 3.63280000e-05  3.48501721e+00 
 3.64280000e-05  3.48583947e+00 
 3.65280000e-05  3.48658810e+00 
 3.66280000e-05  3.48726375e+00 
 3.67280000e-05  3.48786708e+00 
 3.68280000e-05  3.48839880e+00 
 3.69280000e-05  3.48885965e+00 
 3.70280000e-05  3.48925039e+00 
 3.71280000e-05  3.48957181e+00 
 3.72280000e-05  3.48982474e+00 
 3.73280000e-05  3.49001003e+00 
 3.74280000e-05  3.49012858e+00 
 3.75280000e-05  3.49018132e+00 
 3.76280000e-05  3.49016921e+00 
 3.77280000e-05  3.49009327e+00 
 3.78280000e-05  3.48995454e+00 
 3.79280000e-05  3.48975411e+00 
 3.80280000e-05  3.48949312e+00 
 3.81280000e-05  3.48917275e+00 
 3.82280000e-05  3.48879422e+00 
 3.83280000e-05  3.48835883e+00 
 3.84280000e-05  3.48786790e+00 
 3.85280000e-05  3.48732281e+00 
 3.86280000e-05  3.48672501e+00 
 3.87280000e-05  3.48607599e+00 
 3.88280000e-05  3.48537732e+00 
 3.89280000e-05  3.48463060e+00 
 3.90280000e-05  3.48383751e+00 
 3.91280000e-05  3.48299982e+00 
 3.92280000e-05  3.48211932e+00 
 3.93280000e-05  3.48119790e+00 
 3.94280000e-05  3.48023750e+00 
 3.95280000e-05  3.47924015e+00 
 3.96280000e-05  3.47820794e+00 
 3.97280000e-05  3.47714302e+00 
 3.98280000e-05  3.47604763e+00 
 3.99280000e-05  3.47492408e+00 
 4.00280000e-05  3.47377473e+00 
 4.01280000e-05  3.47260205e+00 
 4.02280000e-05  3.47140852e+00 
 4.03280000e-05  3.47019674e+00 
 4.04280000e-05  3.46896934e+00 
 4.05280000e-05  3.46772900e+00 
 4.06280000e-05  3.46647849e+00 
 4.07280000e-05  3.46522057e+00 
 4.08280000e-05  3.46395808e+00 
 4.09280000e-05  3.46269387e+00 
 4.10280000e-05  3.46143080e+00 
 4.11280000e-05  3.46017174e+00 
 4.12280000e-05  3.45891957e+00 
 4.13280000e-05  3.45767713e+00 
 4.14280000e-05  3.45644721e+00 
 4.15280000e-05  3.45523258e+00 
 4.16280000e-05  3.45403592e+00 
 4.17280000e-05  3.45285982e+00 
 4.18280000e-05  3.45170677e+00 
 4.19280000e-05  3.45057912e+00 
 4.20280000e-05  3.44947910e+00 
 4.21280000e-05  3.44840876e+00 
 4.22280000e-05  3.44736997e+00 
 4.23280000e-05  3.44636442e+00 
 4.24280000e-05  3.44539359e+00 
 4.25280000e-05  3.44445875e+00 
 4.26280000e-05  3.44356091e+00 
 4.27280000e-05  3.44270090e+00 
 4.28280000e-05  3.44187927e+00 
 4.29280000e-05  3.44109638e+00 
 4.30280000e-05  3.44035234e+00 
 4.31280000e-05  3.43964703e+00 
 4.32280000e-05  3.43898014e+00 
 4.33280000e-05  3.43835115e+00 
 4.34280000e-05  3.43775937e+00 
 4.35280000e-05  3.43720393e+00 
 4.36280000e-05  3.43668383e+00 
 4.37280000e-05  3.43619793e+00 
 4.38280000e-05  3.43574498e+00 
 4.39280000e-05  3.43532365e+00 
 4.40280000e-05  3.43493254e+00 
 4.41280000e-05  3.43457019e+00 
 4.42280000e-05  3.43423511e+00 
 4.43280000e-05  3.43392582e+00 
 4.44280000e-05  3.43364080e+00 
 4.45280000e-05  3.43337856e+00 
 4.46280000e-05  3.43313764e+00 
 4.47280000e-05  3.43291660e+00 
 4.48280000e-05  3.43271404e+00 
 4.49280000e-05  3.43252863e+00 
 4.50280000e-05  3.43235907e+00 
 4.51280000e-05  3.43220414e+00 
 4.52280000e-05  3.43206266e+00 
 4.53280000e-05  3.43193353e+00 
 4.54280000e-05  3.43181571e+00 
 4.55280000e-05  3.43170823e+00 
 4.56280000e-05  3.43161017e+00 
 4.57280000e-05  3.43152067e+00 
 4.58280000e-05  3.43143896e+00 
 4.59280000e-05  3.43136430e+00 
 4.60280000e-05  3.43129602e+00 
 4.61280000e-05  3.43123349e+00 
 4.62280000e-05  3.43117615e+00 
 4.63280000e-05  3.43112347e+00 
 4.64280000e-05  3.43107498e+00 
 4.65280000e-05  3.43103025e+00 
 4.66280000e-05  3.43098888e+00 
 4.67280000e-05  3.43095051e+00 
 4.68280000e-05  3.43091482e+00 
 4.69280000e-05  3.43088152e+00 
 4.70280000e-05  3.43085034e+00 
 4.71280000e-05  3.43082104e+00 
 4.72280000e-05  3.43079341e+00 
 4.73280000e-05  3.43076726e+00 
 4.74280000e-05  3.43074242e+00 
 4.75280000e-05  3.43071873e+00 
 4.76280000e-05  3.43069606e+00 
 4.77280000e-05  3.43067429e+00 
 4.78280000e-05  3.43065330e+00 
 4.79280000e-05  3.43063301e+00 
 4.80280000e-05  3.43061332e+00 
 4.81280000e-05  3.43059416e+00 
 4.82280000e-05  3.43057546e+00 
 4.83280000e-05  3.43055718e+00 
 4.84280000e-05  3.43053924e+00 
 4.85280000e-05  3.43052161e+00 
 4.86280000e-05  3.43050425e+00 
 4.87280000e-05  3.43048712e+00 
 4.88280000e-05  3.43047020e+00 
 4.89280000e-05  3.43045344e+00 
 4.90280000e-05  3.43043684e+00 
 4.91280000e-05  3.43042037e+00 
 4.92280000e-05  3.43040402e+00 
 4.93280000e-05  3.43038776e+00 
 4.94280000e-05  3.43037158e+00 
 4.95280000e-05  3.43035548e+00 
 4.96280000e-05  3.43033944e+00 
 4.97280000e-05  3.43032345e+00 
 4.98280000e-05  3.43030751e+00 
 4.99280000e-05  3.43029161e+00 
 5.00280000e-05  3.43027574e+00 
 5.01280000e-05  3.43025990e+00 
 5.02280000e-05  3.43024408e+00 
 5.03280000e-05  3.43022828e+00 
 5.04280000e-05  3.43021250e+00 
 5.05280000e-05  3.43019674e+00 
 5.06280000e-05  3.43018099e+00 
 5.07280000e-05  3.43016525e+00 
 5.08280000e-05  3.43014952e+00 
 5.09280000e-05  3.43013380e+00 
 5.10280000e-05  3.43011808e+00 
 5.11280000e-05  3.43010237e+00 
 5.12280000e-05  3.43008667e+00 
 5.13280000e-05  3.43007097e+00 
 5.14280000e-05  3.43005527e+00 
 5.15280000e-05  3.43003958e+00 
 5.16280000e-05  3.43002389e+00 
 5.17280000e-05  3.43000820e+00 
 5.18280000e-05  3.42999251e+00 
 5.19280000e-05  3.42997682e+00 
 5.20280000e-05  3.42996114e+00 
 5.21280000e-05  3.42994546e+00 
 5.22280000e-05  3.42992977e+00 
 5.23280000e-05  3.42991409e+00 
 5.24280000e-05  3.42989841e+00 
 5.25280000e-05  3.42988273e+00 
 5.26280000e-05  3.42986705e+00 
 5.27280000e-05  3.42985137e+00 
 5.28280000e-05  3.42983570e+00 
 5.29280000e-05  3.42982002e+00 
 5.30280000e-05  3.42980434e+00 
 5.31280000e-05  3.42978867e+00 
 5.32280000e-05  3.42977299e+00 
 5.33280000e-05  3.42975731e+00 
 5.34280000e-05  3.42974164e+00 
 5.35280000e-05  3.42972596e+00 
 5.36280000e-05  3.42971029e+00 
 5.37280000e-05  3.42969462e+00 
 5.38280000e-05  3.42967894e+00 
 5.39280000e-05  3.42966327e+00 
 5.40280000e-05  3.42964760e+00 
 5.41280000e-05  3.42963192e+00 
 5.42280000e-05  3.42961625e+00 
 5.43280000e-05  3.42960058e+00 
 5.44280000e-05  3.42958491e+00 
 5.45280000e-05  3.42956924e+00 
 5.46280000e-05  3.42955357e+00 
 5.47280000e-05  3.42953790e+00 
 5.48280000e-05  3.42952223e+00 
 5.49280000e-05  3.42950656e+00 
 5.50280000e-05  3.42949089e+00 
 5.51280000e-05  3.42947522e+00 
 5.52280000e-05  3.42945955e+00 
 5.53280000e-05  3.42944389e+00 
 5.54280000e-05  3.42942822e+00 
 5.55280000e-05  3.42941255e+00 
 5.56280000e-05  3.42939688e+00 
 5.57280000e-05  3.42938122e+00 
 5.58280000e-05  3.42936555e+00 
 5.59280000e-05  3.42934989e+00 
 5.60280000e-05  3.42933422e+00 
 5.61280000e-05  3.42931856e+00 
 5.62280000e-05  3.42930289e+00 
 5.63280000e-05  3.42928723e+00 
 5.64280000e-05  3.42927157e+00 
 5.65280000e-05  3.42925591e+00 
 5.66280000e-05  3.42924024e+00 
 5.67280000e-05  3.42922458e+00 
 5.68280000e-05  3.42920892e+00 
 5.69280000e-05  3.42919326e+00 
 5.70280000e-05  3.42917760e+00 
 5.71280000e-05  3.42916194e+00 
 5.72280000e-05  3.42914628e+00 
 5.73280000e-05  3.42913062e+00 
 5.74280000e-05  3.42911496e+00 
 5.75280000e-05  3.42909931e+00 
 5.76280000e-05  3.42908365e+00 
 5.77280000e-05  3.42906799e+00 
 5.78280000e-05  3.42905233e+00 
 5.79280000e-05  3.42903668e+00 
 5.80280000e-05  3.42902102e+00 
 5.81280000e-05  3.42900537e+00 
 5.82280000e-05  3.42898971e+00 
 5.83280000e-05  3.42897406e+00 
 5.84280000e-05  3.42895840e+00 
 5.85280000e-05  3.42894275e+00 
 5.86280000e-05  3.42892710e+00 
 5.87280000e-05  3.42891145e+00 
 5.88280000e-05  3.42889579e+00 
 5.89280000e-05  3.42888014e+00 
 5.90280000e-05  3.42886449e+00 
 5.91280000e-05  3.42884884e+00 
 5.92280000e-05  3.42883319e+00 
 5.93280000e-05  3.42881754e+00 
 5.94280000e-05  3.42880189e+00 
 5.95280000e-05  3.42878624e+00 
 5.96280000e-05  3.42877059e+00 
 5.97280000e-05  3.42875495e+00 
 5.98280000e-05  3.42873930e+00 
 5.99280000e-05  3.42872365e+00 
 6.00280000e-05  3.42870801e+00 
 6.01280000e-05  3.42869236e+00 
 6.02280000e-05  3.42867672e+00 
 6.03280000e-05  3.42866107e+00 
 6.04280000e-05  3.42864543e+00 
 6.05280000e-05  3.42862979e+00 
 6.06280000e-05  3.42861414e+00 
 6.07280000e-05  3.42859850e+00 
 6.08280000e-05  3.42858286e+00 
 6.09280000e-05  3.42856722e+00 
 6.10280000e-05  3.42855158e+00 
 6.11280000e-05  3.42853594e+00 
 6.12280000e-05  3.42852030e+00 
 6.13280000e-05  3.42850466e+00 
 6.14280000e-05  3.42848902e+00 
 6.15280000e-05  3.42847338e+00 
 6.16280000e-05  3.42845774e+00 
 6.17280000e-05  3.42844211e+00 
 6.18280000e-05  3.42842647e+00 
 6.19280000e-05  3.42841084e+00 
 6.20280000e-05  3.42839520e+00 
 6.21280000e-05  3.42837957e+00 
 6.22280000e-05  3.42836393e+00 
 6.23280000e-05  3.42834830e+00 
 6.24280000e-05  3.42833267e+00 
 6.25280000e-05  3.42831703e+00 
 6.26280000e-05  3.42830140e+00 
 6.27280000e-05  3.42828577e+00 
 6.28280000e-05  3.42827014e+00 
 6.29280000e-05  3.42825451e+00 
 6.30280000e-05  3.42823888e+00 
 6.31280000e-05  3.42822325e+00 
 6.32280000e-05  3.42820762e+00 
 6.33280000e-05  3.42819200e+00 
 6.34280000e-05  3.42817637e+00 
 6.35280000e-05  3.42816074e+00 
 6.36280000e-05  3.42814512e+00 
 6.37280000e-05  3.42812949e+00 
 6.38280000e-05  3.42811387e+00 
 6.39280000e-05  3.42809824e+00 
 6.40280000e-05  3.42808262e+00 
 6.41280000e-05  3.42806700e+00 
 6.42280000e-05  3.42805137e+00 
 6.43280000e-05  3.42803575e+00 
 6.44280000e-05  3.42802013e+00 
 6.45280000e-05  3.42800451e+00 
 6.46280000e-05  3.42798889e+00 
 6.47280000e-05  3.42797327e+00 
 6.48280000e-05  3.42795765e+00 
 6.49280000e-05  3.42794203e+00 
 6.50280000e-05  3.42792642e+00 
 6.51280000e-05  3.42791080e+00 
 6.52280000e-05  3.42789518e+00 
 6.53280000e-05  3.42787957e+00 
 6.54280000e-05  3.42786395e+00 
 6.55280000e-05  3.42784834e+00 
 6.56280000e-05  3.42783272e+00 
 6.57280000e-05  3.42781711e+00 
 6.58280000e-05  3.42780150e+00 
 6.59280000e-05  3.42778589e+00 
 6.60280000e-05  3.42777028e+00 
 6.61280000e-05  3.42775466e+00 
 6.62280000e-05  3.42773905e+00 
 6.63280000e-05  3.42772345e+00 
 6.64280000e-05  3.42770784e+00 
 6.65280000e-05  3.42769223e+00 
 6.66280000e-05  3.42767662e+00 
 6.67280000e-05  3.42766101e+00 
 6.68280000e-05  3.42764541e+00 
 6.69280000e-05  3.42762980e+00 
 6.70280000e-05  3.42761420e+00 
 6.71280000e-05  3.42759859e+00 
 6.72280000e-05  3.42758299e+00 
 6.73280000e-05  3.42756738e+00 
 6.74280000e-05  3.42755178e+00 
 6.75280000e-05  3.42753618e+00 
 6.76280000e-05  3.42752058e+00 
 6.77280000e-05  3.42750498e+00 
 6.78280000e-05  3.42748938e+00 
 6.79280000e-05  3.42747378e+00 
 6.80280000e-05  3.42745818e+00 
 6.81280000e-05  3.42744258e+00 
 6.82280000e-05  3.42742698e+00 
 6.83280000e-05  3.42741138e+00 
 6.84280000e-05  3.42739579e+00 
 6.85280000e-05  3.42738019e+00 
 6.86280000e-05  3.42736460e+00 
 6.87280000e-05  3.42734900e+00 
 6.88280000e-05  3.42733341e+00 
 6.89280000e-05  3.42731781e+00 
 6.90280000e-05  3.42730222e+00 
 6.91280000e-05  3.42728663e+00 
 6.92280000e-05  3.42727104e+00 
 6.93280000e-05  3.42725545e+00 
 6.94280000e-05  3.42723986e+00 
 6.95280000e-05  3.42722427e+00 
 6.96280000e-05  3.42720868e+00 
 6.97280000e-05  3.42719309e+00 
 6.98280000e-05  3.42717750e+00 
 6.99280000e-05  3.42716191e+00 
 7.00280000e-05  3.42714633e+00 
 7.01280000e-05  3.42713074e+00 
 7.02280000e-05  3.42711516e+00 
 7.03280000e-05  3.42709957e+00 
 7.04280000e-05  3.42708399e+00 
 7.05280000e-05  3.42706841e+00 
 7.06280000e-05  3.42705282e+00 
 7.07280000e-05  3.42703724e+00 
 7.08280000e-05  3.42702166e+00 
 7.09280000e-05  3.42700608e+00 
 7.10280000e-05  3.42699050e+00 
 7.11280000e-05  3.42697492e+00 
 7.12280000e-05  3.42695934e+00 
 7.13280000e-05  3.42694376e+00 
 7.14280000e-05  3.42692818e+00 
 7.15280000e-05  3.42691261e+00 
 7.16280000e-05  3.42689703e+00 
 7.17280000e-05  3.42688146e+00 
 7.18280000e-05  3.42686588e+00 
 7.19280000e-05  3.42685031e+00 
 7.20280000e-05  3.42683473e+00 
 7.21280000e-05  3.42681916e+00 
 7.22280000e-05  3.42680359e+00 
 7.23280000e-05  3.42678802e+00 
 7.24280000e-05  3.42677244e+00 
 7.25280000e-05  3.42675687e+00 
 7.26280000e-05  3.42674130e+00 
 7.27280000e-05  3.42672573e+00 
 7.28280000e-05  3.42671017e+00 
 7.29280000e-05  3.42669460e+00 
 7.30280000e-05  3.42667903e+00 
 7.31280000e-05  3.42666346e+00 
 7.32280000e-05  3.42664790e+00 
 7.33280000e-05  3.42663233e+00 
 7.34280000e-05  3.42661677e+00 
 7.35280000e-05  3.42660120e+00 
 7.36280000e-05  3.42658564e+00 
 7.37280000e-05  3.42657008e+00 
 7.38280000e-05  3.42655451e+00 
 7.39280000e-05  3.42653895e+00 
 7.40280000e-05  3.42652339e+00 
 7.41280000e-05  3.42650783e+00 
 7.42280000e-05  3.42649227e+00 
 7.43280000e-05  3.42647671e+00 
 7.44280000e-05  3.42646115e+00 
 7.45280000e-05  3.42644559e+00 
 7.46280000e-05  3.42643004e+00 
 7.47280000e-05  3.42641448e+00 
 7.48280000e-05  3.42639892e+00 
 7.49280000e-05  3.42638337e+00 
 7.50280000e-05  3.42636781e+00 
 7.51280000e-05  3.42635226e+00 
 7.52280000e-05  3.42633671e+00 
 7.53280000e-05  3.42632115e+00 
 7.54280000e-05  3.42630560e+00 
 7.55280000e-05  3.42629005e+00 
 7.56280000e-05  3.42627450e+00 
 7.57280000e-05  3.42625895e+00 
 7.58280000e-05  3.42624340e+00 
 7.59280000e-05  3.42622785e+00 
 7.60280000e-05  3.42621230e+00 
 7.61280000e-05  3.42619675e+00 
 7.62280000e-05  3.42618121e+00 
 7.63280000e-05  3.42616566e+00 
 7.64280000e-05  3.42615011e+00 
 7.65280000e-05  3.42613457e+00 
 7.66280000e-05  3.42611902e+00 
 7.67280000e-05  3.42610348e+00 
 7.68280000e-05  3.42608793e+00 
 7.69280000e-05  3.42607239e+00 
 7.70280000e-05  3.42605685e+00 
 7.71280000e-05  3.42604131e+00 
 7.72280000e-05  3.42602577e+00 
 7.73280000e-05  3.42601023e+00 
 7.74280000e-05  3.42599469e+00 
 7.75280000e-05  3.42597915e+00 
 7.76280000e-05  3.42596361e+00 
 7.77280000e-05  3.42594807e+00 
 7.78280000e-05  3.42593253e+00 
 7.79280000e-05  3.42591699e+00 
 7.80280000e-05  3.42590146e+00 
 7.81280000e-05  3.42588592e+00 
 7.82280000e-05  3.42587039e+00 
 7.83280000e-05  3.42585485e+00 
 7.84280000e-05  3.42583932e+00 
 7.85280000e-05  3.42582379e+00 
 7.86280000e-05  3.42580825e+00 
 7.87280000e-05  3.42579272e+00 
 7.88280000e-05  3.42577719e+00 
 7.89280000e-05  3.42576166e+00 
 7.90280000e-05  3.42574613e+00 
 7.91280000e-05  3.42573060e+00 
 7.92280000e-05  3.42571507e+00 
 7.93280000e-05  3.42569954e+00 
 7.94280000e-05  3.42568401e+00 
 7.95280000e-05  3.42566848e+00 
 7.96280000e-05  3.42565296e+00 
 7.97280000e-05  3.42563743e+00 
 7.98280000e-05  3.42562191e+00 
 7.99280000e-05  3.42560638e+00 
 8.00280000e-05  3.42559086e+00 
 8.01280000e-05  3.42557533e+00 
 8.02280000e-05  3.42555981e+00 
 8.03280000e-05  3.42554429e+00 
 8.04280000e-05  3.42552876e+00 
 8.05280000e-05  3.42551324e+00 
 8.06280000e-05  3.42549772e+00 
 8.07280000e-05  3.42548220e+00 
 8.08280000e-05  3.42546668e+00 
 8.09280000e-05  3.42545116e+00 
 8.10280000e-05  3.42543564e+00 
 8.11280000e-05  3.42542012e+00 
 8.12280000e-05  3.42540461e+00 
 8.13280000e-05  3.42538909e+00 
 8.14280000e-05  3.42537357e+00 
 8.15280000e-05  3.42535806e+00 
 8.16280000e-05  3.42534254e+00 
 8.17280000e-05  3.42532703e+00 
 8.18280000e-05  3.42531151e+00 
 8.19280000e-05  3.42529600e+00 
 8.20280000e-05  3.42528048e+00 
 8.21280000e-05  3.42526497e+00 
 8.22280000e-05  3.42524946e+00 
 8.23280000e-05  3.42523395e+00 
 8.24280000e-05  3.42521844e+00 
 8.25280000e-05  3.42520293e+00 
 8.26280000e-05  3.42518742e+00 
 8.27280000e-05  3.42517191e+00 
 8.28280000e-05  3.42515640e+00 
 8.29280000e-05  3.42514089e+00 
 8.30280000e-05  3.42512538e+00 
 8.31280000e-05  3.42510987e+00 
 8.32280000e-05  3.42509437e+00 
 8.33280000e-05  3.42507886e+00 
 8.34280000e-05  3.42506335e+00 
 8.35280000e-05  3.42504785e+00 
 8.36280000e-05  3.42503234e+00 
 8.37280000e-05  3.42501684e+00 
 8.38280000e-05  3.42500134e+00 
 8.39280000e-05  3.42498583e+00 
 8.40280000e-05  3.42497033e+00 
 8.41280000e-05  3.42495483e+00 
 8.42280000e-05  3.42493933e+00 
 8.43280000e-05  3.42492383e+00 
 8.44280000e-05  3.42490833e+00 
 8.45280000e-05  3.42489283e+00 
 8.46280000e-05  3.42487733e+00 
 8.47280000e-05  3.42486183e+00 
 8.48280000e-05  3.42484633e+00 
 8.49280000e-05  3.42483083e+00 
 8.50280000e-05  3.42481534e+00 
 8.51280000e-05  3.42479984e+00 
 8.52280000e-05  3.42478434e+00 
 8.53280000e-05  3.42476885e+00 
 8.54280000e-05  3.42475335e+00 
 8.55280000e-05  3.42473786e+00 
 8.56280000e-05  3.42472236e+00 
 8.57280000e-05  3.42470687e+00 
 8.58280000e-05  3.42469138e+00 
 8.59280000e-05  3.42467588e+00 
 8.60280000e-05  3.42466039e+00 
 8.61280000e-05  3.42464490e+00 
 8.62280000e-05  3.42462941e+00 
 8.63280000e-05  3.42461391e+00 
 8.64280000e-05  3.42459842e+00 
 8.65280000e-05  3.42458293e+00 
 8.66280000e-05  3.42456744e+00 
 8.67280000e-05  3.42455196e+00 
 8.68280000e-05  3.42453647e+00 
 8.69280000e-05  3.42452098e+00 
 8.70280000e-05  3.42450549e+00 
 8.71280000e-05  3.42449000e+00 
 8.72280000e-05  3.42447451e+00 
 8.73280000e-05  3.42445903e+00 
 8.74280000e-05  3.42444354e+00 
 8.75280000e-05  3.42442806e+00 
 8.76280000e-05  3.42441257e+00 
 8.77280000e-05  3.42439709e+00 
 8.78280000e-05  3.42438160e+00 
 8.79280000e-05  3.42436612e+00 
 8.80280000e-05  3.42435063e+00 
 8.81280000e-05  3.42433515e+00 
 8.82280000e-05  3.42431967e+00 
 8.83280000e-05  3.42430418e+00 
 8.84280000e-05  3.42428870e+00 
 8.85280000e-05  3.42427322e+00 
 8.86280000e-05  3.42425774e+00 
 8.87280000e-05  3.42424226e+00 
 8.88280000e-05  3.42422678e+00 
 8.89280000e-05  3.42421129e+00 
 8.90280000e-05  3.42419581e+00 
 8.91280000e-05  3.42418034e+00 
 8.92280000e-05  3.42416486e+00 
 8.93280000e-05  3.42414938e+00 
 8.94280000e-05  3.42413390e+00 
 8.95280000e-05  3.42411842e+00 
 8.96280000e-05  3.42410294e+00 
 8.97280000e-05  3.42408747e+00 
 8.98280000e-05  3.42407199e+00 
 8.99280000e-05  3.42405651e+00 
 9.00280000e-05  3.42404104e+00 
 9.01280000e-05  3.42402556e+00 
 9.02280000e-05  3.42401009e+00 
 9.03280000e-05  3.42399462e+00 
 9.04280000e-05  3.42397914e+00 
 9.05280000e-05  3.42396367e+00 
 9.06280000e-05  3.42394820e+00 
 9.07280000e-05  3.42393273e+00 
 9.08280000e-05  3.42391726e+00 
 9.09280000e-05  3.42390180e+00 
 9.10280000e-05  3.42388633e+00 
 9.11280000e-05  3.42387087e+00 
 9.12280000e-05  3.42385541e+00 
 9.13280000e-05  3.42383995e+00 
 9.14280000e-05  3.42382450e+00 
 9.15280000e-05  3.42380905e+00 
 9.16280000e-05  3.42379361e+00 
 9.17280000e-05  3.42377817e+00 
 9.18280000e-05  3.42376274e+00 
 9.19280000e-05  3.42374731e+00 
 9.20280000e-05  3.42373190e+00 
 9.21280000e-05  3.42371649e+00 
 9.22280000e-05  3.42370110e+00 
 9.23280000e-05  3.42368573e+00 
 9.24280000e-05  3.42367037e+00 
 9.25280000e-05  3.42365504e+00 
 9.26280000e-05  3.42363973e+00 
 9.27280000e-05  3.42362445e+00 
 9.28280000e-05  3.42360921e+00 
 9.29280000e-05  3.42359401e+00 
 9.30280000e-05  3.42357885e+00 
 9.31280000e-05  3.42356375e+00 
 9.32280000e-05  3.42354872e+00 
 9.33280000e-05  3.42353377e+00 
 9.34280000e-05  3.42351891e+00 
 9.35280000e-05  3.42350416e+00 
 9.36280000e-05  3.42348952e+00 
 9.37280000e-05  3.42347504e+00 
 9.38280000e-05  3.42346072e+00 
 9.39280000e-05  3.42344659e+00 
 9.40280000e-05  3.42343269e+00 
 9.41280000e-05  3.42341905e+00 
 9.42280000e-05  3.42340572e+00 
 9.43280000e-05  3.42339273e+00 
 9.44280000e-05  3.42338015e+00 
 9.45280000e-05  3.42336804e+00 
 9.46280000e-05  3.42335646e+00 
 9.47280000e-05  3.42334549e+00 
 9.48280000e-05  3.42333524e+00 
 9.49280000e-05  3.42332579e+00 
 9.50280000e-05  3.42331728e+00 
 9.51280000e-05  3.42330983e+00 
 9.52280000e-05  3.42330360e+00 
 9.53280000e-05  3.42329876e+00 
 9.54280000e-05  3.42329550e+00 
 9.55280000e-05  3.42329405e+00 
 9.56280000e-05  3.42329463e+00 
 9.57280000e-05  3.42329755e+00 
 9.58280000e-05  3.42330309e+00 
 9.59280000e-05  3.42331162e+00 
 9.60280000e-05  3.42332351e+00 
 9.61280000e-05  3.42333919e+00 
 9.62280000e-05  3.42335916e+00 
 9.63280000e-05  3.42338394e+00 
 9.64280000e-05  3.42341413e+00 
 9.65280000e-05  3.42345037e+00 
 9.66280000e-05  3.42349340e+00 
 9.67280000e-05  3.42354400e+00 
 9.68280000e-05  3.42360306e+00 
 9.69280000e-05  3.42367153e+00 
 9.70280000e-05  3.42375046e+00 
 9.71280000e-05  3.42384099e+00 
 9.72280000e-05  3.42394435e+00 
 9.73280000e-05  3.42406190e+00 
 9.74280000e-05  3.42419508e+00 
 9.75280000e-05  3.42434545e+00 
 9.76280000e-05  3.42451468e+00 
 9.77280000e-05  3.42470454e+00 
 9.78280000e-05  3.42491695e+00 
 9.79280000e-05  3.42515390e+00 
 9.80280000e-05  3.42541749e+00 
 9.81280000e-05  3.42570994e+00 
 9.82280000e-05  3.42603354e+00 
 9.83280000e-05  3.42639069e+00 
 9.84280000e-05  3.42678381e+00 
 9.85280000e-05  3.42721541e+00 
 9.86280000e-05  3.42768803e+00 
 9.87280000e-05  3.42820420e+00 
 9.88280000e-05  3.42876646e+00 
 9.89280000e-05  3.42937731e+00 
 9.90280000e-05  3.43003918e+00 
 9.91280000e-05  3.43075441e+00 
 9.92280000e-05  3.43152523e+00 
 9.93280000e-05  3.43235372e+00 
 9.94280000e-05  3.43324177e+00 
 9.95280000e-05  3.43419109e+00 
 9.96280000e-05  3.43520315e+00 
 9.97280000e-05  3.43627916e+00 
 9.98280000e-05  3.43742008e+00 
 9.99280000e-05  3.43862658e+00 
 1.00028000e-04  3.43989902e+00 
 1.00128000e-04  3.44123748e+00 
 1.00228000e-04  3.44264170e+00 
 1.00328000e-04  3.44411115e+00 
 1.00428000e-04  3.44564498e+00 
 1.00528000e-04  3.44724205e+00 
 1.00628000e-04  3.44890093e+00 
 1.00728000e-04  3.45061995e+00 
 1.00828000e-04  3.45239717e+00 
 1.00928000e-04  3.45423045e+00 
 1.01028000e-04  3.45611743e+00 
 1.01128000e-04  3.45805556e+00 
 1.01228000e-04  3.46004214e+00 
 1.01328000e-04  3.46207435e+00 
 1.01428000e-04  3.46414924e+00 
 1.01528000e-04  3.46626377e+00 
 1.01628000e-04  3.46841484e+00 
 1.01728000e-04  3.47059929e+00 
 1.01828000e-04  3.47281394e+00 
 1.01928000e-04  3.47505559e+00 
 1.02028000e-04  3.47732105e+00 
 1.02128000e-04  3.47960714e+00 
 1.02228000e-04  3.48191071e+00 
 1.02328000e-04  3.48422866e+00 
 1.02428000e-04  3.48655792e+00 
 1.02528000e-04  3.48889550e+00 
 1.02628000e-04  3.49123847e+00 
 1.02728000e-04  3.49358396e+00 
 1.02828000e-04  3.49592919e+00 
 1.02928000e-04  3.49827145e+00 
 1.03028000e-04  3.50060813e+00 
 1.03128000e-04  3.50293670e+00 
 1.03228000e-04  3.50525469e+00 
 1.03328000e-04  3.50755976e+00 
 1.03428000e-04  3.50984963e+00 
 1.03528000e-04  3.51212213e+00 
 1.03628000e-04  3.51437514e+00 
 1.03728000e-04  3.51660668e+00 
 1.03828000e-04  3.51881481e+00 
 1.03928000e-04  3.52099771e+00 
 1.04028000e-04  3.52315361e+00 
 1.04128000e-04  3.52528085e+00 
 1.04228000e-04  3.52737783e+00 
 1.04328000e-04  3.52944213e+00 
 1.04428000e-04  3.53147168e+00 
 1.04528000e-04  3.53346642e+00 
 1.04628000e-04  3.53542590e+00 
 1.04728000e-04  3.53734873e+00 
 1.04828000e-04  3.53923373e+00 
 1.04928000e-04  3.54107976e+00 
 1.05028000e-04  3.54288577e+00 
 1.05128000e-04  3.54465076e+00 
 1.05228000e-04  3.54637379e+00 
 1.05328000e-04  3.54805401e+00 
 1.05428000e-04  3.54969061e+00 
 1.05528000e-04  3.55128285e+00 
 1.05628000e-04  3.55283004e+00 
 1.05728000e-04  3.55433155e+00 
 1.05828000e-04  3.55578682e+00 
 1.05928000e-04  3.55719532e+00 
 1.06028000e-04  3.55855660e+00 
 1.06128000e-04  3.55987025e+00 
 1.06228000e-04  3.56113591e+00 
 1.06328000e-04  3.56235327e+00 
 1.06428000e-04  3.56352208e+00 
 1.06528000e-04  3.56464214e+00 
 1.06628000e-04  3.56571328e+00 
 1.06728000e-04  3.56673541e+00 
 1.06828000e-04  3.56770904e+00 
 1.06928000e-04  3.56863477e+00 
 1.07028000e-04  3.56951217e+00 
 1.07128000e-04  3.57034091e+00 
 1.07228000e-04  3.57112120e+00 
 1.07328000e-04  3.57185323e+00 
 1.07428000e-04  3.57253724e+00 
 1.07528000e-04  3.57317354e+00 
 1.07628000e-04  3.57376246e+00 
 1.07728000e-04  3.57430439e+00 
 1.07828000e-04  3.57479976e+00 
 1.07928000e-04  3.57524905e+00 
 1.08028000e-04  3.57565280e+00 
 1.08128000e-04  3.57601158e+00 
 1.08228000e-04  3.57632601e+00 
 1.08328000e-04  3.57659677e+00 
 1.08428000e-04  3.57682456e+00 
 1.08528000e-04  3.57701017e+00 
 1.08628000e-04  3.57715439e+00 
 1.08728000e-04  3.57725810e+00 
 1.08828000e-04  3.57732221e+00 
 1.08928000e-04  3.57734768e+00 
 1.09028000e-04  3.57733550e+00 
 1.09128000e-04  3.57728675e+00 
 1.09228000e-04  3.57720251e+00 
 1.09328000e-04  3.57708394e+00 
 1.09428000e-04  3.57693223e+00 
 1.09528000e-04  3.57674862e+00 
 1.09628000e-04  3.57653439e+00 
 1.09728000e-04  3.57629088e+00 
 1.09828000e-04  3.57601944e+00 
 1.09928000e-04  3.57572149e+00 
 1.10028000e-04  3.57539847e+00 
 1.10128000e-04  3.57505186e+00 
 1.10228000e-04  3.57468317e+00 
 1.10328000e-04  3.57429395e+00 
 1.10428000e-04  3.57388577e+00 
 1.10528000e-04  3.57346021e+00 
 1.10628000e-04  3.57301888e+00 
 1.10728000e-04  3.57256341e+00 
 1.10828000e-04  3.57209544e+00 
 1.10928000e-04  3.57161659e+00 
 1.11028000e-04  3.57112850e+00 
 1.11128000e-04  3.57063281e+00 
 1.11228000e-04  3.57013113e+00 
 1.11328000e-04  3.56962506e+00 
 1.11428000e-04  3.56911616e+00 
 1.11528000e-04  3.56860598e+00 
 1.11628000e-04  3.56809601e+00 
 1.11728000e-04  3.56758771e+00 
 1.11828000e-04  3.56708247e+00 
 1.11928000e-04  3.56658165e+00 
 1.12028000e-04  3.56608653e+00 
 1.12128000e-04  3.56559830e+00 
 1.12228000e-04  3.56511811e+00 
 1.12328000e-04  3.56464700e+00 
 1.12428000e-04  3.56418595e+00 
 1.12528000e-04  3.56373584e+00 
 1.12628000e-04  3.56329746e+00 
 1.12728000e-04  3.56287151e+00 
 1.12828000e-04  3.56245859e+00 
 1.12928000e-04  3.56205923e+00 
 1.13028000e-04  3.56167384e+00 
 1.13128000e-04  3.56130275e+00 
 1.13228000e-04  3.56094621e+00 
 1.13328000e-04  3.56060437e+00 
 1.13428000e-04  3.56027730e+00 
 1.13528000e-04  3.55996500e+00 
 1.13628000e-04  3.55966739e+00 
 1.13728000e-04  3.55938433e+00 
 1.13828000e-04  3.55911562e+00 
 1.13928000e-04  3.55886098e+00 
 1.14028000e-04  3.55862011e+00 
 1.14128000e-04  3.55839264e+00 
 1.14228000e-04  3.55817818e+00 
 1.14328000e-04  3.55797630e+00 
 1.14428000e-04  3.55778654e+00 
 1.14528000e-04  3.55760843e+00 
 1.14628000e-04  3.55744147e+00 
 1.14728000e-04  3.55728515e+00 
 1.14828000e-04  3.55713897e+00 
 1.14928000e-04  3.55700241e+00 
 1.15028000e-04  3.55687495e+00 
 1.15128000e-04  3.55675610e+00 
 1.15228000e-04  3.55664534e+00 
 1.15328000e-04  3.55654219e+00 
 1.15428000e-04  3.55644616e+00 
 1.15528000e-04  3.55635681e+00 
 1.15628000e-04  3.55627367e+00 
 1.15728000e-04  3.55619632e+00 
 1.15828000e-04  3.55612434e+00 
 1.15928000e-04  3.55605735e+00 
 1.16028000e-04  3.55599496e+00 
 1.16128000e-04  3.55593683e+00 
 1.16228000e-04  3.55588262e+00 
 1.16328000e-04  3.55583201e+00 
 1.16428000e-04  3.55578471e+00 
 1.16528000e-04  3.55574044e+00 
 1.16628000e-04  3.55569894e+00 
 1.16728000e-04  3.55565997e+00 
 1.16828000e-04  3.55562331e+00 
 1.16928000e-04  3.55558875e+00 
 1.17028000e-04  3.55555609e+00 
 1.17128000e-04  3.55552515e+00 
 1.17228000e-04  3.55549578e+00 
 1.17328000e-04  3.55546782e+00 
 1.17428000e-04  3.55544114e+00 
 1.17528000e-04  3.55541561e+00 
 1.17628000e-04  3.55539111e+00 
 1.17728000e-04  3.55536753e+00 
 1.17828000e-04  3.55534479e+00 
 1.17928000e-04  3.55532280e+00 
 1.18028000e-04  3.55530147e+00 
 1.18128000e-04  3.55528074e+00 
 1.18228000e-04  3.55526053e+00 
 1.18328000e-04  3.55524080e+00 
 1.18428000e-04  3.55522149e+00 
 1.18528000e-04  3.55520255e+00 
 1.18628000e-04  3.55518394e+00 
 1.18728000e-04  3.55516563e+00 
 1.18828000e-04  3.55514757e+00 
 1.18928000e-04  3.55512974e+00 
 1.19028000e-04  3.55511211e+00 
 1.19128000e-04  3.55509466e+00 
 1.19228000e-04  3.55507736e+00 
 1.19328000e-04  3.55506020e+00 
 1.19428000e-04  3.55504316e+00 
 1.19528000e-04  3.55502623e+00 
 1.19628000e-04  3.55500939e+00 
 1.19728000e-04  3.55499263e+00 
 1.19828000e-04  3.55497593e+00 
 1.19928000e-04  3.55495930e+00 
 1.20028000e-04  3.55494272e+00 
 1.20128000e-04  3.55492619e+00 
 1.20228000e-04  3.55490970e+00 
 1.20328000e-04  3.55489324e+00 
 1.20428000e-04  3.55487682e+00 
 1.20528000e-04  3.55486042e+00 
 1.20628000e-04  3.55484404e+00 
 1.20728000e-04  3.55482768e+00 
 1.20828000e-04  3.55481134e+00 
 1.20928000e-04  3.55479501e+00 
 1.21028000e-04  3.55477869e+00 
 1.21128000e-04  3.55476239e+00 
 1.21228000e-04  3.55474609e+00 
 1.21328000e-04  3.55472980e+00 
 1.21428000e-04  3.55471352e+00 
 1.21528000e-04  3.55469725e+00 
 1.21628000e-04  3.55468098e+00 
 1.21728000e-04  3.55466471e+00 
 1.21828000e-04  3.55464845e+00 
 1.21928000e-04  3.55463219e+00 
 1.22028000e-04  3.55461593e+00 
 1.22128000e-04  3.55459968e+00 
 1.22228000e-04  3.55458343e+00 
 1.22328000e-04  3.55456717e+00 
 1.22428000e-04  3.55455093e+00 
 1.22528000e-04  3.55453468e+00 
 1.22628000e-04  3.55451843e+00 
 1.22728000e-04  3.55450218e+00 
 1.22828000e-04  3.55448594e+00 
 1.22928000e-04  3.55446970e+00 
 1.23028000e-04  3.55445345e+00 
 1.23128000e-04  3.55443721e+00 
 1.23228000e-04  3.55442097e+00 
 1.23328000e-04  3.55440472e+00 
 1.23428000e-04  3.55438848e+00 
 1.23528000e-04  3.55437224e+00 
 1.23628000e-04  3.55435600e+00 
 1.23728000e-04  3.55433976e+00 
 1.23828000e-04  3.55432352e+00 
 1.23928000e-04  3.55430728e+00 
 1.24028000e-04  3.55429104e+00 
 1.24128000e-04  3.55427480e+00 
 1.24228000e-04  3.55425857e+00 
 1.24328000e-04  3.55424233e+00 
 1.24428000e-04  3.55422609e+00 
 1.24528000e-04  3.55420985e+00 
 1.24628000e-04  3.55419362e+00 
 1.24728000e-04  3.55417738e+00 
 1.24828000e-04  3.55416114e+00 
 1.24928000e-04  3.55414491e+00 
 1.25028000e-04  3.55412867e+00 
 1.25128000e-04  3.55411243e+00 
 1.25228000e-04  3.55409620e+00 
 1.25328000e-04  3.55407996e+00 
 1.25428000e-04  3.55406373e+00 
 1.25528000e-04  3.55404750e+00 
 1.25628000e-04  3.55403126e+00 
 1.25728000e-04  3.55401503e+00 
 1.25828000e-04  3.55399879e+00 
 1.25928000e-04  3.55398256e+00 
 1.26028000e-04  3.55396633e+00 
 1.26128000e-04  3.55395010e+00 
 1.26228000e-04  3.55393387e+00 
 1.26328000e-04  3.55391763e+00 
 1.26428000e-04  3.55390140e+00 
 1.26528000e-04  3.55388517e+00 
 1.26628000e-04  3.55386894e+00 
 1.26728000e-04  3.55385271e+00 
 1.26828000e-04  3.55383648e+00 
 1.26928000e-04  3.55382025e+00 
 1.27028000e-04  3.55380402e+00 
 1.27128000e-04  3.55378780e+00 
 1.27228000e-04  3.55377157e+00 
 1.27328000e-04  3.55375534e+00 
 1.27428000e-04  3.55373911e+00 
 1.27528000e-04  3.55372289e+00 
 1.27628000e-04  3.55370666e+00 
 1.27728000e-04  3.55369043e+00 
 1.27828000e-04  3.55367421e+00 
 1.27928000e-04  3.55365798e+00 
 1.28028000e-04  3.55364176e+00 
 1.28128000e-04  3.55362553e+00 
 1.28228000e-04  3.55360931e+00 
 1.28328000e-04  3.55359309e+00 
 1.28428000e-04  3.55357686e+00 
 1.28528000e-04  3.55356064e+00 
 1.28628000e-04  3.55354442e+00 
 1.28728000e-04  3.55352820e+00 
 1.28828000e-04  3.55351198e+00 
 1.28928000e-04  3.55349576e+00 
 1.29028000e-04  3.55347954e+00 
 1.29128000e-04  3.55346332e+00 
 1.29228000e-04  3.55344710e+00 
 1.29328000e-04  3.55343088e+00 
 1.29428000e-04  3.55341466e+00 
 1.29528000e-04  3.55339844e+00 
 1.29628000e-04  3.55338222e+00 
 1.29728000e-04  3.55336600e+00 
 1.29828000e-04  3.55334979e+00 
 1.29928000e-04  3.55333357e+00 
 1.30028000e-04  3.55331735e+00 
 1.30128000e-04  3.55330114e+00 
 1.30228000e-04  3.55328492e+00 
 1.30328000e-04  3.55326871e+00 
 1.30428000e-04  3.55325249e+00 
 1.30528000e-04  3.55323628e+00 
 1.30628000e-04  3.55322007e+00 
 1.30728000e-04  3.55320385e+00 
 1.30828000e-04  3.55318764e+00 
 1.30928000e-04  3.55317143e+00 
 1.31028000e-04  3.55315522e+00 
 1.31128000e-04  3.55313901e+00 
 1.31228000e-04  3.55312280e+00 
 1.31328000e-04  3.55310659e+00 
 1.31428000e-04  3.55309038e+00 
 1.31528000e-04  3.55307417e+00 
 1.31628000e-04  3.55305796e+00 
 1.31728000e-04  3.55304175e+00 
 1.31828000e-04  3.55302554e+00 
 1.31928000e-04  3.55300934e+00 
 1.32028000e-04  3.55299313e+00 
 1.32128000e-04  3.55297693e+00 
 1.32228000e-04  3.55296072e+00 
 1.32328000e-04  3.55294452e+00 
 1.32428000e-04  3.55292831e+00 
 1.32528000e-04  3.55291211e+00 
 1.32628000e-04  3.55289590e+00 
 1.32728000e-04  3.55287970e+00 
 1.32828000e-04  3.55286350e+00 
 1.32928000e-04  3.55284730e+00 
 1.33028000e-04  3.55283110e+00 
 1.33128000e-04  3.55281490e+00 
 1.33228000e-04  3.55279870e+00 
 1.33328000e-04  3.55278250e+00 
 1.33428000e-04  3.55276630e+00 
 1.33528000e-04  3.55275010e+00 
 1.33628000e-04  3.55273390e+00 
 1.33728000e-04  3.55271771e+00 
 1.33828000e-04  3.55270151e+00 
 1.33928000e-04  3.55268531e+00 
 1.34028000e-04  3.55266912e+00 
 1.34128000e-04  3.55265292e+00 
 1.34228000e-04  3.55263673e+00 
 1.34328000e-04  3.55262053e+00 
 1.34428000e-04  3.55260434e+00 
 1.34528000e-04  3.55258815e+00 
 1.34628000e-04  3.55257196e+00 
 1.34728000e-04  3.55255576e+00 
 1.34828000e-04  3.55253957e+00 
 1.34928000e-04  3.55252338e+00 
 1.35028000e-04  3.55250719e+00 
 1.35128000e-04  3.55249100e+00 
 1.35228000e-04  3.55247482e+00 
 1.35328000e-04  3.55245863e+00 
 1.35428000e-04  3.55244244e+00 
 1.35528000e-04  3.55242625e+00 
 1.35628000e-04  3.55241007e+00 
 1.35728000e-04  3.55239388e+00 
 1.35828000e-04  3.55237770e+00 
 1.35928000e-04  3.55236151e+00 
 1.36028000e-04  3.55234533e+00 
 1.36128000e-04  3.55232914e+00 
 1.36228000e-04  3.55231296e+00 
 1.36328000e-04  3.55229678e+00 
 1.36428000e-04  3.55228060e+00 
 1.36528000e-04  3.55226441e+00 
 1.36628000e-04  3.55224823e+00 
 1.36728000e-04  3.55223205e+00 
 1.36828000e-04  3.55221587e+00 
 1.36928000e-04  3.55219970e+00 
 1.37028000e-04  3.55218352e+00 
 1.37128000e-04  3.55216734e+00 
 1.37228000e-04  3.55215116e+00 
 1.37328000e-04  3.55213499e+00 
 1.37428000e-04  3.55211881e+00 
 1.37528000e-04  3.55210264e+00 
 1.37628000e-04  3.55208646e+00 
 1.37728000e-04  3.55207029e+00 
 1.37828000e-04  3.55205411e+00 
 1.37928000e-04  3.55203794e+00 
 1.38028000e-04  3.55202177e+00 
 1.38128000e-04  3.55200560e+00 
 1.38228000e-04  3.55198943e+00 
 1.38328000e-04  3.55197326e+00 
 1.38428000e-04  3.55195709e+00 
 1.38528000e-04  3.55194092e+00 
 1.38628000e-04  3.55192475e+00 
 1.38728000e-04  3.55190858e+00 
 1.38828000e-04  3.55189241e+00 
 1.38928000e-04  3.55187625e+00 
 1.39028000e-04  3.55186008e+00 
 1.39128000e-04  3.55184391e+00 
 1.39228000e-04  3.55182775e+00 
 1.39328000e-04  3.55181158e+00 
 1.39428000e-04  3.55179542e+00 
 1.39528000e-04  3.55177926e+00 
 1.39628000e-04  3.55176309e+00 
 1.39728000e-04  3.55174693e+00 
 1.39828000e-04  3.55173077e+00 
 1.39928000e-04  3.55171461e+00 
 1.40028000e-04  3.55169845e+00 
 1.40128000e-04  3.55168229e+00 
 1.40228000e-04  3.55166613e+00 
 1.40328000e-04  3.55164997e+00 
 1.40428000e-04  3.55163382e+00 
 1.40528000e-04  3.55161766e+00 
 1.40628000e-04  3.55160150e+00 
 1.40728000e-04  3.55158535e+00 
 1.40828000e-04  3.55156919e+00 
 1.40928000e-04  3.55155304e+00 
 1.41028000e-04  3.55153688e+00 
 1.41128000e-04  3.55152073e+00 
 1.41228000e-04  3.55150458e+00 
 1.41328000e-04  3.55148843e+00 
 1.41428000e-04  3.55147227e+00 
 1.41528000e-04  3.55145612e+00 
 1.41628000e-04  3.55143997e+00 
 1.41728000e-04  3.55142382e+00 
 1.41828000e-04  3.55140768e+00 
 1.41928000e-04  3.55139153e+00 
 1.42028000e-04  3.55137538e+00 
 1.42128000e-04  3.55135923e+00 
 1.42228000e-04  3.55134309e+00 
 1.42328000e-04  3.55132694e+00 
 1.42428000e-04  3.55131079e+00 
 1.42528000e-04  3.55129465e+00 
 1.42628000e-04  3.55127851e+00 
 1.42728000e-04  3.55126236e+00 
 1.42828000e-04  3.55124622e+00 
 1.42928000e-04  3.55123008e+00 
 1.43028000e-04  3.55121394e+00 
 1.43128000e-04  3.55119780e+00 
 1.43228000e-04  3.55118165e+00 
 1.43328000e-04  3.55116552e+00 
 1.43428000e-04  3.55114938e+00 
 1.43528000e-04  3.55113324e+00 
 1.43628000e-04  3.55111710e+00 
 1.43728000e-04  3.55110096e+00 
 1.43828000e-04  3.55108483e+00 
 1.43928000e-04  3.55106869e+00 
 1.44028000e-04  3.55105255e+00 
 1.44128000e-04  3.55103642e+00 
 1.44228000e-04  3.55102029e+00 
 1.44328000e-04  3.55100415e+00 
 1.44428000e-04  3.55098802e+00 
 1.44528000e-04  3.55097189e+00 
 1.44628000e-04  3.55095576e+00 
 1.44728000e-04  3.55093963e+00 
 1.44828000e-04  3.55092349e+00 
 1.44928000e-04  3.55090737e+00 
 1.45028000e-04  3.55089124e+00 
 1.45128000e-04  3.55087511e+00 
 1.45228000e-04  3.55085898e+00 
 1.45328000e-04  3.55084285e+00 
 1.45428000e-04  3.55082673e+00 
 1.45528000e-04  3.55081060e+00 
 1.45628000e-04  3.55079447e+00 
 1.45728000e-04  3.55077835e+00 
 1.45828000e-04  3.55076223e+00 
 1.45928000e-04  3.55074610e+00 
 1.46028000e-04  3.55072998e+00 
 1.46128000e-04  3.55071386e+00 
 1.46228000e-04  3.55069773e+00 
 1.46328000e-04  3.55068161e+00 
 1.46428000e-04  3.55066549e+00 
 1.46528000e-04  3.55064937e+00 
 1.46628000e-04  3.55063325e+00 
 1.46728000e-04  3.55061713e+00 
 1.46828000e-04  3.55060102e+00 
 1.46928000e-04  3.55058490e+00 
 1.47028000e-04  3.55056878e+00 
 1.47128000e-04  3.55055267e+00 
 1.47228000e-04  3.55053655e+00 
 1.47328000e-04  3.55052044e+00 
 1.47428000e-04  3.55050432e+00 
 1.47528000e-04  3.55048821e+00 
 1.47628000e-04  3.55047209e+00 
 1.47728000e-04  3.55045598e+00 
 1.47828000e-04  3.55043987e+00 
 1.47928000e-04  3.55042376e+00 
 1.48028000e-04  3.55040765e+00 
 1.48128000e-04  3.55039154e+00 
 1.48228000e-04  3.55037543e+00 
 1.48328000e-04  3.55035932e+00 
 1.48428000e-04  3.55034321e+00 
 1.48528000e-04  3.55032710e+00 
 1.48628000e-04  3.55031099e+00 
 1.48728000e-04  3.55029489e+00 
 1.48828000e-04  3.55027878e+00 
 1.48928000e-04  3.55026268e+00 
 1.49028000e-04  3.55024657e+00 
 1.49128000e-04  3.55023047e+00 
 1.49228000e-04  3.55021436e+00 
 1.49328000e-04  3.55019826e+00 
 1.49428000e-04  3.55018216e+00 
 1.49528000e-04  3.55016606e+00 
 1.49628000e-04  3.55014995e+00 
 1.49728000e-04  3.55013385e+00 
 1.49828000e-04  3.55011775e+00 
 1.49928000e-04  3.55010165e+00 
 1.50028000e-04  3.55008555e+00 
 1.50128000e-04  3.55006946e+00 
 1.50228000e-04  3.55005336e+00 
 1.50328000e-04  3.55003726e+00 
 1.50428000e-04  3.55002116e+00 
 1.50528000e-04  3.55000507e+00 
 1.50628000e-04  3.54998897e+00 
 1.50728000e-04  3.54997288e+00 
 1.50828000e-04  3.54995678e+00 
 1.50928000e-04  3.54994069e+00 
 1.51028000e-04  3.54992460e+00 
 1.51128000e-04  3.54990850e+00 
 1.51228000e-04  3.54989241e+00 
 1.51328000e-04  3.54987632e+00 
 1.51428000e-04  3.54986023e+00 
 1.51528000e-04  3.54984414e+00 
 1.51628000e-04  3.54982805e+00 
 1.51728000e-04  3.54981196e+00 
 1.51828000e-04  3.54979587e+00 
 1.51928000e-04  3.54977978e+00 
 1.52028000e-04  3.54976369e+00 
 1.52128000e-04  3.54974761e+00 
 1.52228000e-04  3.54973152e+00 
 1.52328000e-04  3.54971543e+00 
 1.52428000e-04  3.54969935e+00 
 1.52528000e-04  3.54968326e+00 
 1.52628000e-04  3.54966718e+00 
 1.52728000e-04  3.54965110e+00 
 1.52828000e-04  3.54963501e+00 
 1.52928000e-04  3.54961893e+00 
 1.53028000e-04  3.54960285e+00 
 1.53128000e-04  3.54958677e+00 
 1.53228000e-04  3.54957068e+00 
 1.53328000e-04  3.54955460e+00 
 1.53428000e-04  3.54953852e+00 
 1.53528000e-04  3.54952244e+00 
 1.53628000e-04  3.54950636e+00 
 1.53728000e-04  3.54949029e+00 
 1.53828000e-04  3.54947421e+00 
 1.53928000e-04  3.54945813e+00 
 1.54028000e-04  3.54944205e+00 
 1.54128000e-04  3.54942598e+00 
 1.54228000e-04  3.54940990e+00 
 1.54328000e-04  3.54939383e+00 
 1.54428000e-04  3.54937775e+00 
 1.54528000e-04  3.54936168e+00 
 1.54628000e-04  3.54934560e+00 
 1.54728000e-04  3.54932953e+00 
 1.54828000e-04  3.54931346e+00 
 1.54928000e-04  3.54929738e+00 
 1.55028000e-04  3.54928131e+00 
 1.55128000e-04  3.54926524e+00 
 1.55228000e-04  3.54924917e+00 
 1.55328000e-04  3.54923310e+00 
 1.55428000e-04  3.54921703e+00 
 1.55528000e-04  3.54920096e+00 
 1.55628000e-04  3.54918489e+00 
 1.55728000e-04  3.54916882e+00 
 1.55828000e-04  3.54915275e+00 
 1.55928000e-04  3.54913669e+00 
 1.56028000e-04  3.54912062e+00 
 1.56128000e-04  3.54910455e+00 
 1.56228000e-04  3.54908849e+00 
 1.56328000e-04  3.54907242e+00 
 1.56428000e-04  3.54905636e+00 
 1.56528000e-04  3.54904029e+00 
 1.56628000e-04  3.54902423e+00 
 1.56728000e-04  3.54900817e+00 
 1.56828000e-04  3.54899210e+00 
 1.56928000e-04  3.54897604e+00 
 1.57028000e-04  3.54895998e+00 
 1.57128000e-04  3.54894392e+00 
 1.57228000e-04  3.54892786e+00 
 1.57328000e-04  3.54891179e+00 
 1.57428000e-04  3.54889573e+00 
 1.57528000e-04  3.54887968e+00 
 1.57628000e-04  3.54886362e+00 
 1.57728000e-04  3.54884756e+00 
 1.57828000e-04  3.54883150e+00 
 1.57928000e-04  3.54881544e+00 
 1.58028000e-04  3.54879938e+00 
 1.58128000e-04  3.54878333e+00 
 1.58228000e-04  3.54876727e+00 
 1.58328000e-04  3.54875121e+00 
 1.58428000e-04  3.54873516e+00 
 1.58528000e-04  3.54871910e+00 
 1.58628000e-04  3.54870305e+00 
 1.58728000e-04  3.54868699e+00 
 1.58828000e-04  3.54867094e+00 
 1.58928000e-04  3.54865488e+00 
 1.59028000e-04  3.54863883e+00 
 1.59128000e-04  3.54862278e+00 
 1.59228000e-04  3.54860672e+00 
 1.59328000e-04  3.54859067e+00 
 1.59428000e-04  3.54857462e+00 
 1.59528000e-04  3.54855857e+00 
 1.59628000e-04  3.54854252e+00 
 1.59728000e-04  3.54852646e+00 
 1.59828000e-04  3.54851041e+00 
 1.59928000e-04  3.54849436e+00 
 1.60028000e-04  3.54847831e+00 
 1.60128000e-04  3.54846226e+00 
 1.60228000e-04  3.54844621e+00 
 1.60328000e-04  3.54843017e+00 
 1.60428000e-04  3.54841412e+00 
 1.60528000e-04  3.54839807e+00 
 1.60628000e-04  3.54838202e+00 
 1.60728000e-04  3.54836597e+00 
 1.60828000e-04  3.54834993e+00 
 1.60928000e-04  3.54833388e+00 
 1.61028000e-04  3.54831783e+00 
 1.61128000e-04  3.54830179e+00 
 1.61228000e-04  3.54828574e+00 
 1.61328000e-04  3.54826970e+00 
 1.61428000e-04  3.54825365e+00 
 1.61528000e-04  3.54823761e+00 
 1.61628000e-04  3.54822156e+00 
 1.61728000e-04  3.54820552e+00 
 1.61828000e-04  3.54818947e+00 
 1.61928000e-04  3.54817343e+00 
 1.62028000e-04  3.54815739e+00 
 1.62128000e-04  3.54814134e+00 
 1.62228000e-04  3.54812530e+00 
 1.62328000e-04  3.54810926e+00 
 1.62428000e-04  3.54809322e+00 
 1.62528000e-04  3.54807718e+00 
 1.62628000e-04  3.54806114e+00 
 1.62728000e-04  3.54804510e+00 
 1.62828000e-04  3.54802906e+00 
 1.62928000e-04  3.54801302e+00 
 1.63028000e-04  3.54799699e+00 
 1.63128000e-04  3.54798095e+00 
 1.63228000e-04  3.54796492e+00 
 1.63328000e-04  3.54794889e+00 
 1.63428000e-04  3.54793285e+00 
 1.63528000e-04  3.54791683e+00 
 1.63628000e-04  3.54790080e+00 
 1.63728000e-04  3.54788478e+00 
 1.63828000e-04  3.54786876e+00 
 1.63928000e-04  3.54785274e+00 
 1.64028000e-04  3.54783673e+00 
 1.64128000e-04  3.54782073e+00 
 1.64228000e-04  3.54780473e+00 
 1.64328000e-04  3.54778874e+00 
 1.64428000e-04  3.54777276e+00 
 1.64528000e-04  3.54775679e+00 
 1.64628000e-04  3.54774083e+00 
 1.64728000e-04  3.54772488e+00 
 1.64828000e-04  3.54770896e+00 
 1.64928000e-04  3.54769305e+00 
 1.65028000e-04  3.54767716e+00 
 1.65128000e-04  3.54766130e+00 
 1.65228000e-04  3.54764547e+00 
 1.65328000e-04  3.54762968e+00 
 1.65428000e-04  3.54761393e+00 
 1.65528000e-04  3.54759823e+00 
 1.65628000e-04  3.54758258e+00 
 1.65728000e-04  3.54756699e+00 
 1.65828000e-04  3.54755148e+00 
 1.65928000e-04  3.54753606e+00 
 1.66028000e-04  3.54752073e+00 
 1.66128000e-04  3.54750552e+00 
 1.66228000e-04  3.54749044e+00 
 1.66328000e-04  3.54747551e+00 
 1.66428000e-04  3.54746075e+00 
 1.66528000e-04  3.54744618e+00 
 1.66628000e-04  3.54743184e+00 
 1.66728000e-04  3.54741776e+00 
 1.66828000e-04  3.54740396e+00 
 1.66928000e-04  3.54739050e+00 
 1.67028000e-04  3.54737742e+00 
 1.67128000e-04  3.54736477e+00 
 1.67228000e-04  3.54735261e+00 
 1.67328000e-04  3.54734100e+00 
 1.67428000e-04  3.54733002e+00 
 1.67528000e-04  3.54731974e+00 
 1.67628000e-04  3.54731026e+00 
 1.67728000e-04  3.54730169e+00 
 1.67828000e-04  3.54729412e+00 
 1.67928000e-04  3.54728770e+00 
 1.68028000e-04  3.54728255e+00 
 1.68128000e-04  3.54727883e+00 
 1.68228000e-04  3.54727672e+00 
 1.68328000e-04  3.54727640e+00 
 1.68428000e-04  3.54727808e+00 
 1.68528000e-04  3.54728198e+00 
 1.68628000e-04  3.54728836e+00 
 1.68728000e-04  3.54729750e+00 
 1.68828000e-04  3.54730969e+00 
 1.68928000e-04  3.54732526e+00 
 1.69028000e-04  3.54734457e+00 
 1.69128000e-04  3.54736801e+00 
 1.69228000e-04  3.54739600e+00 
 1.69328000e-04  3.54742899e+00 
 1.69428000e-04  3.54746748e+00 
 1.69528000e-04  3.54751200e+00 
 1.69628000e-04  3.54756311e+00 
 1.69728000e-04  3.54762143e+00 
 1.69828000e-04  3.54768761e+00 
 1.69928000e-04  3.54776235e+00 
 1.70028000e-04  3.54784637e+00 
 1.70128000e-04  3.54794046e+00 
 1.70228000e-04  3.54804545e+00 
 1.70328000e-04  3.54816221e+00 
 1.70428000e-04  3.54829163e+00 
 1.70528000e-04  3.54843467e+00 
 1.70628000e-04  3.54859232e+00 
 1.70728000e-04  3.54876559e+00 
 1.70828000e-04  3.54895555e+00 
 1.70928000e-04  3.54916325e+00 
 1.71028000e-04  3.54938981e+00 
 1.71128000e-04  3.54963635e+00 
 1.71228000e-04  3.54990398e+00 
 1.71328000e-04  3.55019383e+00 
 1.71428000e-04  3.55050703e+00 
 1.71528000e-04  3.55084469e+00 
 1.71628000e-04  3.55120788e+00 
 1.71728000e-04  3.55159765e+00 
 1.71828000e-04  3.55201502e+00 
 1.71928000e-04  3.55246094e+00 
 1.72028000e-04  3.55293630e+00 
 1.72128000e-04  3.55344192e+00 
 1.72228000e-04  3.55397853e+00 
 1.72328000e-04  3.55454678e+00 
 1.72428000e-04  3.55514720e+00 
 1.72528000e-04  3.55578022e+00 
 1.72628000e-04  3.55644616e+00 
 1.72728000e-04  3.55714522e+00 
 1.72828000e-04  3.55787744e+00 
 1.72928000e-04  3.55864277e+00 
 1.73028000e-04  3.55944101e+00 
 1.73128000e-04  3.56027180e+00 
 1.73228000e-04  3.56113469e+00 
 1.73328000e-04  3.56202906e+00 
 1.73428000e-04  3.56295418e+00 
 1.73528000e-04  3.56390917e+00 
 1.73628000e-04  3.56489305e+00 
 1.73728000e-04  3.56590471e+00 
 1.73828000e-04  3.56694294e+00 
 1.73928000e-04  3.56800642e+00 
 1.74028000e-04  3.56909374e+00 
 1.74128000e-04  3.57020340e+00 
 1.74228000e-04  3.57133383e+00 
 1.74328000e-04  3.57248340e+00 
 1.74428000e-04  3.57365039e+00 
 1.74528000e-04  3.57483307e+00 
 1.74628000e-04  3.57602965e+00 
 1.74728000e-04  3.57723831e+00 
 1.74828000e-04  3.57845721e+00 
 1.74928000e-04  3.57968450e+00 
 1.75028000e-04  3.58091832e+00 
 1.75128000e-04  3.58215680e+00 
 1.75228000e-04  3.58339811e+00 
 1.75328000e-04  3.58464039e+00 
 1.75428000e-04  3.58588184e+00 
 1.75528000e-04  3.58712067e+00 
 1.75628000e-04  3.58835511e+00 
 1.75728000e-04  3.58958344e+00 
 1.75828000e-04  3.59080398e+00 
 1.75928000e-04  3.59201508e+00 
 1.76028000e-04  3.59321514e+00 
 1.76128000e-04  3.59440262e+00 
 1.76228000e-04  3.59557602e+00 
 1.76328000e-04  3.59673388e+00 
 1.76428000e-04  3.59787483e+00 
 1.76528000e-04  3.59899752e+00 
 1.76628000e-04  3.60010068e+00 
 1.76728000e-04  3.60118309e+00 
 1.76828000e-04  3.60224359e+00 
 1.76928000e-04  3.60328107e+00 
 1.77028000e-04  3.60429408e+00 
 1.77128000e-04  3.60528146e+00 
 1.77228000e-04  3.60624294e+00 
 1.77328000e-04  3.60717793e+00 
 1.77428000e-04  3.60808548e+00 
 1.77528000e-04  3.60896483e+00 
 1.77628000e-04  3.60981525e+00 
 1.77728000e-04  3.61063610e+00 
 1.77828000e-04  3.61142675e+00 
 1.77928000e-04  3.61218667e+00 
 1.78028000e-04  3.61291538e+00 
 1.78128000e-04  3.61361245e+00 
 1.78228000e-04  3.61427753e+00 
 1.78328000e-04  3.61491029e+00 
 1.78428000e-04  3.61551050e+00 
 1.78528000e-04  3.61607795e+00 
 1.78628000e-04  3.61661289e+00 
 1.78728000e-04  3.61711557e+00 
 1.78828000e-04  3.61758569e+00 
 1.78928000e-04  3.61802312e+00 
 1.79028000e-04  3.61842806e+00 
 1.79128000e-04  3.61880063e+00 
 1.79228000e-04  3.61914109e+00 
 1.79328000e-04  3.61944969e+00 
 1.79428000e-04  3.61972677e+00 
 1.79528000e-04  3.61997271e+00 
 1.79628000e-04  3.62018793e+00 
 1.79728000e-04  3.62037293e+00 
 1.79828000e-04  3.62052822e+00 
 1.79928000e-04  3.62065439e+00 
 1.80028000e-04  3.62075206e+00 
 1.80128000e-04  3.62082190e+00 
 1.80228000e-04  3.62086464e+00 
 1.80328000e-04  3.62088103e+00 
 1.80428000e-04  3.62087187e+00 
 1.80528000e-04  3.62083802e+00 
 1.80628000e-04  3.62078036e+00 
 1.80728000e-04  3.62069981e+00 
 1.80828000e-04  3.62059732e+00 
 1.80928000e-04  3.62047389e+00 
 1.81028000e-04  3.62033054e+00 
 1.81128000e-04  3.62016832e+00 
 1.81228000e-04  3.61998831e+00 
 1.81328000e-04  3.61979161e+00 
 1.81428000e-04  3.61957933e+00 
 1.81528000e-04  3.61935260e+00 
 1.81628000e-04  3.61911259e+00 
 1.81728000e-04  3.61886044e+00 
 1.81828000e-04  3.61859731e+00 
 1.81928000e-04  3.61832437e+00 
 1.82028000e-04  3.61804278e+00 
 1.82128000e-04  3.61775368e+00 
 1.82228000e-04  3.61745822e+00 
 1.82328000e-04  3.61715752e+00 
 1.82428000e-04  3.61685269e+00 
 1.82528000e-04  3.61654481e+00 
 1.82628000e-04  3.61623492e+00 
 1.82728000e-04  3.61592405e+00 
 1.82828000e-04  3.61561317e+00 
 1.82928000e-04  3.61530322e+00 
 1.83028000e-04  3.61499510e+00 
 1.83128000e-04  3.61468965e+00 
 1.83228000e-04  3.61438767e+00 
 1.83328000e-04  3.61408992e+00 
 1.83428000e-04  3.61379706e+00 
 1.83528000e-04  3.61350975e+00 
 1.83628000e-04  3.61322855e+00 
 1.83728000e-04  3.61295398e+00 
 1.83828000e-04  3.61268649e+00 
 1.83928000e-04  3.61242648e+00 
 1.84028000e-04  3.61217430e+00 
 1.84128000e-04  3.61193023e+00 
 1.84228000e-04  3.61169448e+00 
 1.84328000e-04  3.61146724e+00 
 1.84428000e-04  3.61124863e+00 
 1.84528000e-04  3.61103871e+00 
 1.84628000e-04  3.61083751e+00 
 1.84728000e-04  3.61064501e+00 
 1.84828000e-04  3.61046115e+00 
 1.84928000e-04  3.61028584e+00 
 1.85028000e-04  3.61011894e+00 
 1.85128000e-04  3.60996029e+00 
 1.85228000e-04  3.60980970e+00 
 1.85328000e-04  3.60966696e+00 
 1.85428000e-04  3.60953184e+00 
 1.85528000e-04  3.60940408e+00 
 1.85628000e-04  3.60928343e+00 
 1.85728000e-04  3.60916960e+00 
 1.85828000e-04  3.60906232e+00 
 1.85928000e-04  3.60896129e+00 
 1.86028000e-04  3.60886621e+00 
 1.86128000e-04  3.60877681e+00 
 1.86228000e-04  3.60869278e+00 
 1.86328000e-04  3.60861383e+00 
 1.86428000e-04  3.60853967e+00 
 1.86528000e-04  3.60847003e+00 
 1.86628000e-04  3.60840464e+00 
 1.86728000e-04  3.60834321e+00 
 1.86828000e-04  3.60828550e+00 
 1.86928000e-04  3.60823126e+00 
 1.87028000e-04  3.60818025e+00 
 1.87128000e-04  3.60813225e+00 
 1.87228000e-04  3.60808702e+00 
 1.87328000e-04  3.60804438e+00 
 1.87428000e-04  3.60800411e+00 
 1.87528000e-04  3.60796605e+00 
 1.87628000e-04  3.60793001e+00 
 1.87728000e-04  3.60789582e+00 
 1.87828000e-04  3.60786334e+00 
 1.87928000e-04  3.60783242e+00 
 1.88028000e-04  3.60780293e+00 
 1.88128000e-04  3.60777474e+00 
 1.88228000e-04  3.60774774e+00 
 1.88328000e-04  3.60772182e+00 
 1.88428000e-04  3.60769688e+00 
 1.88528000e-04  3.60767282e+00 
 1.88628000e-04  3.60764958e+00 
 1.88728000e-04  3.60762706e+00 
 1.88828000e-04  3.60760519e+00 
 1.88928000e-04  3.60758392e+00 
 1.89028000e-04  3.60756318e+00 
 1.89128000e-04  3.60754291e+00 
 1.89228000e-04  3.60752308e+00 
 1.89328000e-04  3.60750363e+00 
 1.89428000e-04  3.60748452e+00 
 1.89528000e-04  3.60746572e+00 
 1.89628000e-04  3.60744720e+00 
 1.89728000e-04  3.60742891e+00 
 1.89828000e-04  3.60741085e+00 
 1.89928000e-04  3.60739297e+00 
 1.90028000e-04  3.60737527e+00 
 1.90128000e-04  3.60735771e+00 
 1.90228000e-04  3.60734030e+00 
 1.90328000e-04  3.60732299e+00 
 1.90428000e-04  3.60730580e+00 
 1.90528000e-04  3.60728869e+00 
 1.90628000e-04  3.60727167e+00 
 1.90728000e-04  3.60725471e+00 
 1.90828000e-04  3.60723782e+00 
 1.90928000e-04  3.60722098e+00 
 1.91028000e-04  3.60720419e+00 
 1.91128000e-04  3.60718744e+00 
 1.91228000e-04  3.60717073e+00 
 1.91328000e-04  3.60715405e+00 
 1.91428000e-04  3.60713739e+00 
 1.91528000e-04  3.60712076e+00 
 1.91628000e-04  3.60710416e+00 
 1.91728000e-04  3.60708757e+00 
 1.91828000e-04  3.60707099e+00 
 1.91928000e-04  3.60705443e+00 
 1.92028000e-04  3.60703788e+00 
 1.92128000e-04  3.60702134e+00 
 1.92228000e-04  3.60700481e+00 
 1.92328000e-04  3.60698829e+00 
 1.92428000e-04  3.60697177e+00 
 1.92528000e-04  3.60695526e+00 
 1.92628000e-04  3.60693875e+00 
 1.92728000e-04  3.60692225e+00 
 1.92828000e-04  3.60690575e+00 
 1.92928000e-04  3.60688925e+00 
 1.93028000e-04  3.60687276e+00 
 1.93128000e-04  3.60685627e+00 
 1.93228000e-04  3.60683978e+00 
 1.93328000e-04  3.60682329e+00 
 1.93428000e-04  3.60680681e+00 
 1.93528000e-04  3.60679032e+00 
 1.93628000e-04  3.60677384e+00 
 1.93728000e-04  3.60675736e+00 
 1.93828000e-04  3.60674088e+00 
 1.93928000e-04  3.60672440e+00 
 1.94028000e-04  3.60670792e+00 
 1.94128000e-04  3.60669144e+00 
 1.94228000e-04  3.60667496e+00 
 1.94328000e-04  3.60665848e+00 
 1.94428000e-04  3.60664200e+00 
 1.94528000e-04  3.60662552e+00 
 1.94628000e-04  3.60660905e+00 
 1.94728000e-04  3.60659257e+00 
 1.94828000e-04  3.60657609e+00 
 1.94928000e-04  3.60655962e+00 
 1.95028000e-04  3.60654314e+00 
 1.95128000e-04  3.60652667e+00 
 1.95228000e-04  3.60651019e+00 
 1.95328000e-04  3.60649372e+00 
 1.95428000e-04  3.60647724e+00 
 1.95528000e-04  3.60646077e+00 
 1.95628000e-04  3.60644429e+00 
 1.95728000e-04  3.60642782e+00 
 1.95828000e-04  3.60641135e+00 
 1.95928000e-04  3.60639487e+00 
 1.96028000e-04  3.60637840e+00 
 1.96128000e-04  3.60636193e+00 
 1.96228000e-04  3.60634546e+00 
 1.96328000e-04  3.60632898e+00 
 1.96428000e-04  3.60631251e+00 
 1.96528000e-04  3.60629604e+00 
 1.96628000e-04  3.60627957e+00 
 1.96728000e-04  3.60626310e+00 
 1.96828000e-04  3.60624663e+00 
 1.96928000e-04  3.60623016e+00 
 1.97028000e-04  3.60621369e+00 
 1.97128000e-04  3.60619722e+00 
 1.97228000e-04  3.60618075e+00 
 1.97328000e-04  3.60616428e+00 
 1.97428000e-04  3.60614781e+00 
 1.97528000e-04  3.60613135e+00 
 1.97628000e-04  3.60611488e+00 
 1.97728000e-04  3.60609841e+00 
 1.97828000e-04  3.60608194e+00 
 1.97928000e-04  3.60606548e+00 
 1.98028000e-04  3.60604901e+00 
 1.98128000e-04  3.60603254e+00 
 1.98228000e-04  3.60601608e+00 
 1.98328000e-04  3.60599961e+00 
 1.98428000e-04  3.60598315e+00 
 1.98528000e-04  3.60596669e+00 
 1.98628000e-04  3.60595022e+00 
 1.98728000e-04  3.60593376e+00 
 1.98828000e-04  3.60591729e+00 
 1.98928000e-04  3.60590083e+00 
 1.99028000e-04  3.60588437e+00 
 1.99128000e-04  3.60586791e+00 
 1.99228000e-04  3.60585145e+00 
 1.99328000e-04  3.60583498e+00 
 1.99428000e-04  3.60581852e+00 
 1.99528000e-04  3.60580206e+00 
 1.99628000e-04  3.60578560e+00 
 1.99728000e-04  3.60576914e+00 
 1.99828000e-04  3.60575268e+00 
 1.99928000e-04  3.60573623e+00 
 2.00028000e-04  3.60571977e+00 
 2.00128000e-04  3.60570331e+00 
 2.00228000e-04  3.60568685e+00 
 2.00328000e-04  3.60567040e+00 
 2.00428000e-04  3.60565394e+00 
 2.00528000e-04  3.60563748e+00 
 2.00628000e-04  3.60562103e+00 
 2.00728000e-04  3.60560457e+00 
 2.00828000e-04  3.60558812e+00 
 2.00928000e-04  3.60557166e+00 
 2.01028000e-04  3.60555521e+00 
 2.01128000e-04  3.60553875e+00 
 2.01228000e-04  3.60552230e+00 
 2.01328000e-04  3.60550585e+00 
 2.01428000e-04  3.60548939e+00 
 2.01528000e-04  3.60547294e+00 
 2.01628000e-04  3.60545649e+00 
 2.01728000e-04  3.60544004e+00 
 2.01828000e-04  3.60542359e+00 
 2.01928000e-04  3.60540714e+00 
 2.02028000e-04  3.60539069e+00 
 2.02128000e-04  3.60537424e+00 
 2.02228000e-04  3.60535779e+00 
 2.02328000e-04  3.60534134e+00 
 2.02428000e-04  3.60532489e+00 
 2.02528000e-04  3.60530845e+00 
 2.02628000e-04  3.60529200e+00 
 2.02728000e-04  3.60527555e+00 
 2.02828000e-04  3.60525911e+00 
 2.02928000e-04  3.60524266e+00 
 2.03028000e-04  3.60522622e+00 
 2.03128000e-04  3.60520977e+00 
 2.03228000e-04  3.60519333e+00 
 2.03328000e-04  3.60517689e+00 
 2.03428000e-04  3.60516044e+00 
 2.03528000e-04  3.60514400e+00 
 2.03628000e-04  3.60512756e+00 
 2.03728000e-04  3.60511112e+00 
 2.03828000e-04  3.60509468e+00 
 2.03928000e-04  3.60507824e+00 
 2.04028000e-04  3.60506180e+00 
 2.04128000e-04  3.60504536e+00 
 2.04228000e-04  3.60502892e+00 
 2.04328000e-04  3.60501248e+00 
 2.04428000e-04  3.60499605e+00 
 2.04528000e-04  3.60497961e+00 
 2.04628000e-04  3.60496317e+00 
 2.04728000e-04  3.60494674e+00 
 2.04828000e-04  3.60493030e+00 
 2.04928000e-04  3.60491387e+00 
 2.05028000e-04  3.60489743e+00 
 2.05128000e-04  3.60488100e+00 
 2.05228000e-04  3.60486456e+00 
 2.05328000e-04  3.60484813e+00 
 2.05428000e-04  3.60483170e+00 
 2.05528000e-04  3.60481527e+00 
 2.05628000e-04  3.60479884e+00 
 2.05728000e-04  3.60478241e+00 
 2.05828000e-04  3.60476598e+00 
 2.05928000e-04  3.60474955e+00 
 2.06028000e-04  3.60473312e+00 
 2.06128000e-04  3.60471669e+00 
 2.06228000e-04  3.60470026e+00 
 2.06328000e-04  3.60468384e+00 
 2.06428000e-04  3.60466741e+00 
 2.06528000e-04  3.60465098e+00 
 2.06628000e-04  3.60463456e+00 
 2.06728000e-04  3.60461813e+00 
 2.06828000e-04  3.60460171e+00 
 2.06928000e-04  3.60458529e+00 
 2.07028000e-04  3.60456886e+00 
 2.07128000e-04  3.60455244e+00 
 2.07228000e-04  3.60453602e+00 
 2.07328000e-04  3.60451960e+00 
 2.07428000e-04  3.60450318e+00 
 2.07528000e-04  3.60448676e+00 
 2.07628000e-04  3.60447034e+00 
 2.07728000e-04  3.60445392e+00 
 2.07828000e-04  3.60443750e+00 
 2.07928000e-04  3.60442108e+00 
 2.08028000e-04  3.60440466e+00 
 2.08128000e-04  3.60438825e+00 
 2.08228000e-04  3.60437183e+00 
 2.08328000e-04  3.60435541e+00 
 2.08428000e-04  3.60433900e+00 
 2.08528000e-04  3.60432258e+00 
 2.08628000e-04  3.60430617e+00 
 2.08728000e-04  3.60428976e+00 
 2.08828000e-04  3.60427334e+00 
 2.08928000e-04  3.60425693e+00 
 2.09028000e-04  3.60424052e+00 
 2.09128000e-04  3.60422411e+00 
 2.09228000e-04  3.60420770e+00 
 2.09328000e-04  3.60419129e+00 
 2.09428000e-04  3.60417488e+00 
 2.09528000e-04  3.60415847e+00 
 2.09628000e-04  3.60414206e+00 
 2.09728000e-04  3.60412566e+00 
 2.09828000e-04  3.60410925e+00 
 2.09928000e-04  3.60409284e+00 
 2.10028000e-04  3.60407644e+00 
 2.10128000e-04  3.60406003e+00 
 2.10228000e-04  3.60404363e+00 
 2.10328000e-04  3.60402723e+00 
 2.10428000e-04  3.60401082e+00 
 2.10528000e-04  3.60399442e+00 
 2.10628000e-04  3.60397802e+00 
 2.10728000e-04  3.60396162e+00 
 2.10828000e-04  3.60394522e+00 
 2.10928000e-04  3.60392882e+00 
 2.11028000e-04  3.60391242e+00 
 2.11128000e-04  3.60389602e+00 
 2.11228000e-04  3.60387962e+00 
 2.11328000e-04  3.60386322e+00 
 2.11428000e-04  3.60384683e+00 
 2.11528000e-04  3.60383043e+00 
 2.11628000e-04  3.60381403e+00 
 2.11728000e-04  3.60379764e+00 
 2.11828000e-04  3.60378124e+00 
 2.11928000e-04  3.60376485e+00 
 2.12028000e-04  3.60374846e+00 
 2.12128000e-04  3.60373206e+00 
 2.12228000e-04  3.60371567e+00 
 2.12328000e-04  3.60369928e+00 
 2.12428000e-04  3.60368289e+00 
 2.12528000e-04  3.60366650e+00 
 2.12628000e-04  3.60365011e+00 
 2.12728000e-04  3.60363372e+00 
 2.12828000e-04  3.60361733e+00 
 2.12928000e-04  3.60360094e+00 
 2.13028000e-04  3.60358456e+00 
 2.13128000e-04  3.60356817e+00 
 2.13228000e-04  3.60355178e+00 
 2.13328000e-04  3.60353540e+00 
 2.13428000e-04  3.60351901e+00 
 2.13528000e-04  3.60350263e+00 
 2.13628000e-04  3.60348624e+00 
 2.13728000e-04  3.60346986e+00 
 2.13828000e-04  3.60345348e+00 
 2.13928000e-04  3.60343710e+00 
 2.14028000e-04  3.60342072e+00 
 2.14128000e-04  3.60340434e+00 
 2.14228000e-04  3.60338796e+00 
 2.14328000e-04  3.60337158e+00 
 2.14428000e-04  3.60335520e+00 
 2.14528000e-04  3.60333882e+00 
 2.14628000e-04  3.60332244e+00 
 2.14728000e-04  3.60330607e+00 
 2.14828000e-04  3.60328969e+00 
 2.14928000e-04  3.60327331e+00 
 2.15028000e-04  3.60325694e+00 
 2.15128000e-04  3.60324056e+00 
 2.15228000e-04  3.60322419e+00 
 2.15328000e-04  3.60320782e+00 
 2.15428000e-04  3.60319144e+00 
 2.15528000e-04  3.60317507e+00 
 2.15628000e-04  3.60315870e+00 
 2.15728000e-04  3.60314233e+00 
 2.15828000e-04  3.60312596e+00 
 2.15928000e-04  3.60310959e+00 
 2.16028000e-04  3.60309322e+00 
 2.16128000e-04  3.60307685e+00 
 2.16228000e-04  3.60306049e+00 
 2.16328000e-04  3.60304412e+00 
 2.16428000e-04  3.60302775e+00 
 2.16528000e-04  3.60301139e+00 
 2.16628000e-04  3.60299502e+00 
 2.16728000e-04  3.60297866e+00 
 2.16828000e-04  3.60296229e+00 
 2.16928000e-04  3.60294593e+00 
 2.17028000e-04  3.60292957e+00 
 2.17128000e-04  3.60291321e+00 
 2.17228000e-04  3.60289684e+00 
 2.17328000e-04  3.60288048e+00 
 2.17428000e-04  3.60286412e+00 
 2.17528000e-04  3.60284776e+00 
 2.17628000e-04  3.60283140e+00 
 2.17728000e-04  3.60281505e+00 
 2.17828000e-04  3.60279869e+00 
 2.17928000e-04  3.60278233e+00 
 2.18028000e-04  3.60276597e+00 
 2.18128000e-04  3.60274962e+00 
 2.18228000e-04  3.60273326e+00 
 2.18328000e-04  3.60271691e+00 
 2.18428000e-04  3.60270055e+00 
 2.18528000e-04  3.60268420e+00 
 2.18628000e-04  3.60266785e+00 
 2.18728000e-04  3.60265149e+00 
 2.18828000e-04  3.60263514e+00 
 2.18928000e-04  3.60261879e+00 
 2.19028000e-04  3.60260244e+00 
 2.19128000e-04  3.60258609e+00 
 2.19228000e-04  3.60256974e+00 
 2.19328000e-04  3.60255339e+00 
 2.19428000e-04  3.60253704e+00 
 2.19528000e-04  3.60252070e+00 
 2.19628000e-04  3.60250435e+00 
 2.19728000e-04  3.60248800e+00 
 2.19828000e-04  3.60247166e+00 
 2.19928000e-04  3.60245531e+00 
 2.20028000e-04  3.60243897e+00 
 2.20128000e-04  3.60242262e+00 
 2.20228000e-04  3.60240628e+00 
 2.20328000e-04  3.60238994e+00 
 2.20428000e-04  3.60237359e+00 
 2.20528000e-04  3.60235725e+00 
 2.20628000e-04  3.60234091e+00 
 2.20728000e-04  3.60232457e+00 
 2.20828000e-04  3.60230823e+00 
 2.20928000e-04  3.60229189e+00 
 2.21028000e-04  3.60227555e+00 
 2.21128000e-04  3.60225921e+00 
 2.21228000e-04  3.60224287e+00 
 2.21328000e-04  3.60222654e+00 
 2.21428000e-04  3.60221020e+00 
 2.21528000e-04  3.60219387e+00 
 2.21628000e-04  3.60217753e+00 
 2.21728000e-04  3.60216119e+00 
 2.21828000e-04  3.60214486e+00 
 2.21928000e-04  3.60212853e+00 
 2.22028000e-04  3.60211219e+00 
 2.22128000e-04  3.60209586e+00 
 2.22228000e-04  3.60207953e+00 
 2.22328000e-04  3.60206320e+00 
 2.22428000e-04  3.60204687e+00 
 2.22528000e-04  3.60203054e+00 
 2.22628000e-04  3.60201421e+00 
 2.22728000e-04  3.60199788e+00 
 2.22828000e-04  3.60198155e+00 
 2.22928000e-04  3.60196522e+00 
 2.23028000e-04  3.60194889e+00 
 2.23128000e-04  3.60193257e+00 
 2.23228000e-04  3.60191624e+00 
 2.23328000e-04  3.60189991e+00 
 2.23428000e-04  3.60188359e+00 
 2.23528000e-04  3.60186726e+00 
 2.23628000e-04  3.60185094e+00 
 2.23728000e-04  3.60183461e+00 
 2.23828000e-04  3.60181829e+00 
 2.23928000e-04  3.60180197e+00 
 2.24028000e-04  3.60178565e+00 
 2.24128000e-04  3.60176933e+00 
 2.24228000e-04  3.60175300e+00 
 2.24328000e-04  3.60173668e+00 
 2.24428000e-04  3.60172036e+00 
 2.24528000e-04  3.60170404e+00 
 2.24628000e-04  3.60168773e+00 
 2.24728000e-04  3.60167141e+00 
 2.24828000e-04  3.60165509e+00 
 2.24928000e-04  3.60163877e+00 
 2.25028000e-04  3.60162245e+00 
 2.25128000e-04  3.60160614e+00 
 2.25228000e-04  3.60158982e+00 
 2.25328000e-04  3.60157351e+00 
 2.25428000e-04  3.60155719e+00 
 2.25528000e-04  3.60154088e+00 
 2.25628000e-04  3.60152456e+00 
 2.25728000e-04  3.60150825e+00 
 2.25828000e-04  3.60149194e+00 
 2.25928000e-04  3.60147563e+00 
 2.26028000e-04  3.60145931e+00 
 2.26128000e-04  3.60144300e+00 
 2.26228000e-04  3.60142669e+00 
 2.26328000e-04  3.60141038e+00 
 2.26428000e-04  3.60139407e+00 
 2.26528000e-04  3.60137776e+00 
 2.26628000e-04  3.60136145e+00 
 2.26728000e-04  3.60134515e+00 
 2.26828000e-04  3.60132884e+00 
 2.26928000e-04  3.60131253e+00 
 2.27028000e-04  3.60129622e+00 
 2.27128000e-04  3.60127992e+00 
 2.27228000e-04  3.60126361e+00 
 2.27328000e-04  3.60124731e+00 
 2.27428000e-04  3.60123100e+00 
 2.27528000e-04  3.60121470e+00 
 2.27628000e-04  3.60119839e+00 
 2.27728000e-04  3.60118209e+00 
 2.27828000e-04  3.60116578e+00 
 2.27928000e-04  3.60114948e+00 
 2.28028000e-04  3.60113318e+00 
 2.28128000e-04  3.60111688e+00 
 2.28228000e-04  3.60110058e+00 
 2.28328000e-04  3.60108428e+00 
 2.28428000e-04  3.60106798e+00 
 2.28528000e-04  3.60105168e+00 
 2.28628000e-04  3.60103538e+00 
 2.28728000e-04  3.60101908e+00 
 2.28828000e-04  3.60100278e+00 
 2.28928000e-04  3.60098648e+00 
 2.29028000e-04  3.60097019e+00 
 2.29128000e-04  3.60095389e+00 
 2.29228000e-04  3.60093759e+00 
 2.29328000e-04  3.60092130e+00 
 2.29428000e-04  3.60090500e+00 
 2.29528000e-04  3.60088870e+00 
 2.29628000e-04  3.60087241e+00 
 2.29728000e-04  3.60085612e+00 
 2.29828000e-04  3.60083982e+00 
 2.29928000e-04  3.60082353e+00 
 2.30028000e-04  3.60080723e+00 
 2.30128000e-04  3.60079094e+00 
 2.30228000e-04  3.60077465e+00 
 2.30328000e-04  3.60075836e+00 
 2.30428000e-04  3.60074206e+00 
 2.30528000e-04  3.60072577e+00 
 2.30628000e-04  3.60070948e+00 
 2.30728000e-04  3.60069319e+00 
 2.30828000e-04  3.60067690e+00 
 2.30928000e-04  3.60066061e+00 
 2.31028000e-04  3.60064432e+00 
 2.31128000e-04  3.60062803e+00 
 2.31228000e-04  3.60061174e+00 
 2.31328000e-04  3.60059545e+00 
 2.31428000e-04  3.60057917e+00 
 2.31528000e-04  3.60056288e+00 
 2.31628000e-04  3.60054659e+00 
 2.31728000e-04  3.60053030e+00 
 2.31828000e-04  3.60051402e+00 
 2.31928000e-04  3.60049773e+00 
 2.32028000e-04  3.60048144e+00 
 2.32128000e-04  3.60046516e+00 
 2.32228000e-04  3.60044887e+00 
 2.32328000e-04  3.60043259e+00 
 2.32428000e-04  3.60041630e+00 
 2.32528000e-04  3.60040002e+00 
 2.32628000e-04  3.60038373e+00 
 2.32728000e-04  3.60036745e+00 
 2.32828000e-04  3.60035116e+00 
 2.32928000e-04  3.60033488e+00 
 2.33028000e-04  3.60031860e+00 
 2.33128000e-04  3.60030232e+00 
 2.33228000e-04  3.60028603e+00 
 2.33328000e-04  3.60026975e+00 
 2.33428000e-04  3.60025347e+00 
 2.33528000e-04  3.60023719e+00 
 2.33628000e-04  3.60022091e+00 
 2.33728000e-04  3.60020462e+00 
 2.33828000e-04  3.60018834e+00 
 2.33928000e-04  3.60017206e+00 
 2.34028000e-04  3.60015578e+00 
 2.34128000e-04  3.60013950e+00 
 2.34228000e-04  3.60012323e+00 
 2.34328000e-04  3.60010695e+00 
 2.34428000e-04  3.60009067e+00 
 2.34528000e-04  3.60007439e+00 
 2.34628000e-04  3.60005812e+00 
 2.34728000e-04  3.60004184e+00 
 2.34828000e-04  3.60002557e+00 
 2.34928000e-04  3.60000929e+00 
 2.35028000e-04  3.59999302e+00 
 2.35128000e-04  3.59997675e+00 
 2.35228000e-04  3.59996048e+00 
 2.35328000e-04  3.59994422e+00 
 2.35428000e-04  3.59992795e+00 
 2.35528000e-04  3.59991169e+00 
 2.35628000e-04  3.59989543e+00 
 2.35728000e-04  3.59987918e+00 
 2.35828000e-04  3.59986293e+00 
 2.35928000e-04  3.59984668e+00 
 2.36028000e-04  3.59983044e+00 
 2.36128000e-04  3.59981421e+00 
 2.36228000e-04  3.59979798e+00 
 2.36328000e-04  3.59978177e+00 
 2.36428000e-04  3.59976556e+00 
 2.36528000e-04  3.59974937e+00 
 2.36628000e-04  3.59973319e+00 
 2.36728000e-04  3.59971704e+00 
 2.36828000e-04  3.59970089e+00 
 2.36928000e-04  3.59968478e+00 
 2.37028000e-04  3.59966869e+00 
 2.37128000e-04  3.59965263e+00 
 2.37228000e-04  3.59963660e+00 
 2.37328000e-04  3.59962062e+00 
 2.37428000e-04  3.59960468e+00 
 2.37528000e-04  3.59958880e+00 
 2.37628000e-04  3.59957298e+00 
 2.37728000e-04  3.59955724e+00 
 2.37828000e-04  3.59954157e+00 
 2.37928000e-04  3.59952600e+00 
 2.38028000e-04  3.59951054e+00 
 2.38128000e-04  3.59949520e+00 
 2.38228000e-04  3.59948000e+00 
 2.38328000e-04  3.59946496e+00 
 2.38428000e-04  3.59945011e+00 
 2.38528000e-04  3.59943546e+00 
 2.38628000e-04  3.59942104e+00 
 2.38728000e-04  3.59940690e+00 
 2.38828000e-04  3.59939305e+00 
 2.38928000e-04  3.59937955e+00 
 2.39028000e-04  3.59936643e+00 
 2.39128000e-04  3.59935375e+00 
 2.39228000e-04  3.59934156e+00 
 2.39328000e-04  3.59932991e+00 
 2.39428000e-04  3.59931889e+00 
 2.39528000e-04  3.59930856e+00 
 2.39628000e-04  3.59929901e+00 
 2.39728000e-04  3.59929033e+00 
 2.39828000e-04  3.59928262e+00 
 2.39928000e-04  3.59927599e+00 
 2.40028000e-04  3.59927057e+00 
 2.40128000e-04  3.59926649e+00 
 2.40228000e-04  3.59926390e+00 
 2.40328000e-04  3.59926296e+00 
 2.40428000e-04  3.59926385e+00 
 2.40528000e-04  3.59926676e+00 
 2.40628000e-04  3.59927190e+00 
 2.40728000e-04  3.59927950e+00 
 2.40828000e-04  3.59928981e+00 
 2.40928000e-04  3.59930308e+00 
 2.41028000e-04  3.59931962e+00 
 2.41128000e-04  3.59933973e+00 
 2.41228000e-04  3.59936374e+00 
 2.41328000e-04  3.59939201e+00 
 2.41428000e-04  3.59942492e+00 
 2.41528000e-04  3.59946287e+00 
 2.41628000e-04  3.59950631e+00 
 2.41728000e-04  3.59955568e+00 
 2.41828000e-04  3.59961147e+00 
 2.41928000e-04  3.59967419e+00 
 2.42028000e-04  3.59974438e+00 
 2.42128000e-04  3.59982260e+00 
 2.42228000e-04  3.59990944e+00 
 2.42328000e-04  3.60000552e+00 
 2.42428000e-04  3.60011146e+00 
 2.42528000e-04  3.60022792e+00 
 2.42628000e-04  3.60035558e+00 
 2.42728000e-04  3.60049514e+00 
 2.42828000e-04  3.60064728e+00 
 2.42928000e-04  3.60081274e+00 
 2.43028000e-04  3.60099223e+00 
 2.43128000e-04  3.60118647e+00 
 2.43228000e-04  3.60139619e+00 
 2.43328000e-04  3.60162211e+00 
 2.43428000e-04  3.60186494e+00 
 2.43528000e-04  3.60212534e+00 
 2.43628000e-04  3.60240401e+00 
 2.43728000e-04  3.60270156e+00 
 2.43828000e-04  3.60301860e+00 
 2.43928000e-04  3.60335570e+00 
 2.44028000e-04  3.60371336e+00 
 2.44128000e-04  3.60409205e+00 
 2.44228000e-04  3.60449218e+00 
 2.44328000e-04  3.60491407e+00 
 2.44428000e-04  3.60535801e+00 
 2.44528000e-04  3.60582418e+00 
 2.44628000e-04  3.60631272e+00 
 2.44728000e-04  3.60682365e+00 
 2.44828000e-04  3.60735693e+00 
 2.44928000e-04  3.60791243e+00 
 2.45028000e-04  3.60848994e+00 
 2.45128000e-04  3.60908913e+00 
 2.45228000e-04  3.60970961e+00 
 2.45328000e-04  3.61035090e+00 
 2.45428000e-04  3.61101242e+00 
 2.45528000e-04  3.61169352e+00 
 2.45628000e-04  3.61239345e+00 
 2.45728000e-04  3.61311139e+00 
 2.45828000e-04  3.61384646e+00 
 2.45928000e-04  3.61459769e+00 
 2.46028000e-04  3.61536404e+00 
 2.46128000e-04  3.61614443e+00 
 2.46228000e-04  3.61693772e+00 
 2.46328000e-04  3.61774272e+00 
 2.46428000e-04  3.61855818e+00 
 2.46528000e-04  3.61938283e+00 
 2.46628000e-04  3.62021538e+00 
 2.46728000e-04  3.62105449e+00 
 2.46828000e-04  3.62189881e+00 
 2.46928000e-04  3.62274699e+00 
 2.47028000e-04  3.62359765e+00 
 2.47128000e-04  3.62444942e+00 
 2.47228000e-04  3.62530094e+00 
 2.47328000e-04  3.62615084e+00 
 2.47428000e-04  3.62699778e+00 
 2.47528000e-04  3.62784043e+00 
 2.47628000e-04  3.62867747e+00 
 2.47728000e-04  3.62950763e+00 
 2.47828000e-04  3.63032964e+00 
 2.47928000e-04  3.63114228e+00 
 2.48028000e-04  3.63194436e+00 
 2.48128000e-04  3.63273473e+00 
 2.48228000e-04  3.63351226e+00 
 2.48328000e-04  3.63427591e+00 
 2.48428000e-04  3.63502462e+00 
 2.48528000e-04  3.63575742e+00 
 2.48628000e-04  3.63647339e+00 
 2.48728000e-04  3.63717162e+00 
 2.48828000e-04  3.63785098e+00 
 2.48928000e-04  3.63851059e+00 
 2.49028000e-04  3.63915023e+00 
 2.49128000e-04  3.63976932e+00 
 2.49228000e-04  3.64036715e+00 
 2.49328000e-04  3.64094311e+00 
 2.49428000e-04  3.64149665e+00 
 2.49528000e-04  3.64202725e+00 
 2.49628000e-04  3.64253447e+00 
 2.49728000e-04  3.64301791e+00 
 2.49828000e-04  3.64347724e+00 
 2.49928000e-04  3.64391215e+00 
 2.50028000e-04  3.64432243e+00 
 2.50128000e-04  3.64470811e+00 
 2.50228000e-04  3.64506927e+00 
 2.50328000e-04  3.64540570e+00 
 2.50428000e-04  3.64571732e+00 
 2.50528000e-04  3.64600424e+00 
 2.50628000e-04  3.64626654e+00 
 2.50728000e-04  3.64650441e+00 
 2.50828000e-04  3.64671806e+00 
 2.50928000e-04  3.64690775e+00 
 2.51028000e-04  3.64707378e+00 
 2.51128000e-04  3.64721653e+00 
 2.51228000e-04  3.64733639e+00 
 2.51328000e-04  3.64743381e+00 
 2.51428000e-04  3.64750929e+00 
 2.51528000e-04  3.64756336e+00 
 2.51628000e-04  3.64759659e+00 
 2.51728000e-04  3.64760961e+00 
 2.51828000e-04  3.64760306e+00 
 2.51928000e-04  3.64757763e+00 
 2.52028000e-04  3.64753403e+00 
 2.52128000e-04  3.64747303e+00 
 2.52228000e-04  3.64739540e+00 
 2.52328000e-04  3.64730194e+00 
 2.52428000e-04  3.64719349e+00 
 2.52528000e-04  3.64707090e+00 
 2.52628000e-04  3.64693503e+00 
 2.52728000e-04  3.64678677e+00 
 2.52828000e-04  3.64662701e+00 
 2.52928000e-04  3.64645667e+00 
 2.53028000e-04  3.64627664e+00 
 2.53128000e-04  3.64608785e+00 
 2.53228000e-04  3.64589120e+00 
 2.53328000e-04  3.64568760e+00 
 2.53428000e-04  3.64547794e+00 
 2.53528000e-04  3.64526311e+00 
 2.53628000e-04  3.64504399e+00 
 2.53728000e-04  3.64482141e+00 
 2.53828000e-04  3.64459622e+00 
 2.53928000e-04  3.64436922e+00 
 2.54028000e-04  3.64414117e+00 
 2.54128000e-04  3.64391284e+00 
 2.54228000e-04  3.64368492e+00 
 2.54328000e-04  3.64345810e+00 
 2.54428000e-04  3.64323301e+00 
 2.54528000e-04  3.64301025e+00 
 2.54628000e-04  3.64279037e+00 
 2.54728000e-04  3.64257390e+00 
 2.54828000e-04  3.64236130e+00 
 2.54928000e-04  3.64215300e+00 
 2.55028000e-04  3.64194938e+00 
 2.55128000e-04  3.64175077e+00 
 2.55228000e-04  3.64155748e+00 
 2.55328000e-04  3.64136975e+00 
 2.55428000e-04  3.64118780e+00 
 2.55528000e-04  3.64101178e+00 
 2.55628000e-04  3.64084184e+00 
 2.55728000e-04  3.64067806e+00 
 2.55828000e-04  3.64052050e+00 
 2.55928000e-04  3.64036918e+00 
 2.56028000e-04  3.64022409e+00 
 2.56128000e-04  3.64008519e+00 
 2.56228000e-04  3.63995243e+00 
 2.56328000e-04  3.63982570e+00 
 2.56428000e-04  3.63970491e+00 
 2.56528000e-04  3.63958991e+00 
 2.56628000e-04  3.63948057e+00 
 2.56728000e-04  3.63937671e+00 
 2.56828000e-04  3.63927818e+00 
 2.56928000e-04  3.63918477e+00 
 2.57028000e-04  3.63909630e+00 
 2.57128000e-04  3.63901258e+00 
 2.57228000e-04  3.63893338e+00 
 2.57328000e-04  3.63885852e+00 
 2.57428000e-04  3.63878778e+00 
 2.57528000e-04  3.63872096e+00 
 2.57628000e-04  3.63865784e+00 
 2.57728000e-04  3.63859823e+00 
 2.57828000e-04  3.63854192e+00 
 2.57928000e-04  3.63848872e+00 
 2.58028000e-04  3.63843844e+00 
 2.58128000e-04  3.63839090e+00 
 2.58228000e-04  3.63834591e+00 
 2.58328000e-04  3.63830331e+00 
 2.58428000e-04  3.63826293e+00 
 2.58528000e-04  3.63822461e+00 
 2.58628000e-04  3.63818821e+00 
 2.58728000e-04  3.63815358e+00 
 2.58828000e-04  3.63812058e+00 
 2.58928000e-04  3.63808910e+00 
 2.59028000e-04  3.63805900e+00 
 2.59128000e-04  3.63803018e+00 
 2.59228000e-04  3.63800254e+00 
 2.59328000e-04  3.63797597e+00 
 2.59428000e-04  3.63795038e+00 
 2.59528000e-04  3.63792569e+00 
 2.59628000e-04  3.63790181e+00 
 2.59728000e-04  3.63787868e+00 
 2.59828000e-04  3.63785622e+00 
 2.59928000e-04  3.63783437e+00 
 2.60028000e-04  3.63781308e+00 
 2.60128000e-04  3.63779229e+00 
 2.60228000e-04  3.63777195e+00 
 2.60328000e-04  3.63775202e+00 
 2.60428000e-04  3.63773246e+00 
 2.60528000e-04  3.63771322e+00 
 2.60628000e-04  3.63769428e+00 
 2.60728000e-04  3.63767561e+00 
 2.60828000e-04  3.63765717e+00 
 2.60928000e-04  3.63763895e+00 
 2.61028000e-04  3.63762092e+00 
 2.61128000e-04  3.63760305e+00 
 2.61228000e-04  3.63758533e+00 
 2.61328000e-04  3.63756775e+00 
 2.61428000e-04  3.63755028e+00 
 2.61528000e-04  3.63753292e+00 
 2.61628000e-04  3.63751565e+00 
 2.61728000e-04  3.63749847e+00 
 2.61828000e-04  3.63748135e+00 
 2.61928000e-04  3.63746430e+00 
 2.62028000e-04  3.63744731e+00 
 2.62128000e-04  3.63743036e+00 
 2.62228000e-04  3.63741346e+00 
 2.62328000e-04  3.63739659e+00 
 2.62428000e-04  3.63737976e+00 
 2.62528000e-04  3.63736296e+00 
 2.62628000e-04  3.63734618e+00 
 2.62728000e-04  3.63732942e+00 
 2.62828000e-04  3.63731268e+00 
 2.62928000e-04  3.63729596e+00 
 2.63028000e-04  3.63727926e+00 
 2.63128000e-04  3.63726256e+00 
 2.63228000e-04  3.63724588e+00 
 2.63328000e-04  3.63722921e+00 
 2.63428000e-04  3.63721254e+00 
 2.63528000e-04  3.63719589e+00 
 2.63628000e-04  3.63717923e+00 
 2.63728000e-04  3.63716259e+00 
 2.63828000e-04  3.63714595e+00 
 2.63928000e-04  3.63712931e+00 
 2.64028000e-04  3.63711267e+00 
 2.64128000e-04  3.63709604e+00 
 2.64228000e-04  3.63707941e+00 
 2.64328000e-04  3.63706279e+00 
 2.64428000e-04  3.63704616e+00 
 2.64528000e-04  3.63702954e+00 
 2.64628000e-04  3.63701292e+00 
 2.64728000e-04  3.63699630e+00 
 2.64828000e-04  3.63697968e+00 
 2.64928000e-04  3.63696306e+00 
 2.65028000e-04  3.63694644e+00 
 2.65128000e-04  3.63692982e+00 
 2.65228000e-04  3.63691321e+00 
 2.65328000e-04  3.63689659e+00 
 2.65428000e-04  3.63687997e+00 
 2.65528000e-04  3.63686336e+00 
 2.65628000e-04  3.63684675e+00 
 2.65728000e-04  3.63683013e+00 
 2.65828000e-04  3.63681352e+00 
 2.65928000e-04  3.63679690e+00 
 2.66028000e-04  3.63678029e+00 
 2.66128000e-04  3.63676368e+00 
 2.66228000e-04  3.63674707e+00 
 2.66328000e-04  3.63673045e+00 
 2.66428000e-04  3.63671384e+00 
 2.66528000e-04  3.63669723e+00 
 2.66628000e-04  3.63668062e+00 
 2.66728000e-04  3.63666401e+00 
 2.66828000e-04  3.63664740e+00 
 2.66928000e-04  3.63663079e+00 
 2.67028000e-04  3.63661418e+00 
 2.67128000e-04  3.63659757e+00 
 2.67228000e-04  3.63658096e+00 
 2.67328000e-04  3.63656435e+00 
 2.67428000e-04  3.63654774e+00 
 2.67528000e-04  3.63653113e+00 
 2.67628000e-04  3.63651452e+00 
 2.67728000e-04  3.63649791e+00 
 2.67828000e-04  3.63648130e+00 
 2.67928000e-04  3.63646470e+00 
 2.68028000e-04  3.63644809e+00 
 2.68128000e-04  3.63643148e+00 
 2.68228000e-04  3.63641487e+00 
 2.68328000e-04  3.63639827e+00 
 2.68428000e-04  3.63638166e+00 
 2.68528000e-04  3.63636506e+00 
 2.68628000e-04  3.63634845e+00 
 2.68728000e-04  3.63633185e+00 
 2.68828000e-04  3.63631524e+00 
 2.68928000e-04  3.63629864e+00 
 2.69028000e-04  3.63628203e+00 
 2.69128000e-04  3.63626543e+00 
 2.69228000e-04  3.63624883e+00 
 2.69328000e-04  3.63623222e+00 
 2.69428000e-04  3.63621562e+00 
 2.69528000e-04  3.63619902e+00 
 2.69628000e-04  3.63618242e+00 
 2.69728000e-04  3.63616581e+00 
 2.69828000e-04  3.63614921e+00 
 2.69928000e-04  3.63613261e+00 
 2.70028000e-04  3.63611601e+00 
 2.70128000e-04  3.63609941e+00 
 2.70228000e-04  3.63608281e+00 
 2.70328000e-04  3.63606621e+00 
 2.70428000e-04  3.63604961e+00 
 2.70528000e-04  3.63603301e+00 
 2.70628000e-04  3.63601642e+00 
 2.70728000e-04  3.63599982e+00 
 2.70828000e-04  3.63598322e+00 
 2.70928000e-04  3.63596662e+00 
 2.71028000e-04  3.63595003e+00 
 2.71128000e-04  3.63593343e+00 
 2.71228000e-04  3.63591684e+00 
 2.71328000e-04  3.63590024e+00 
 2.71428000e-04  3.63588365e+00 
 2.71528000e-04  3.63586705e+00 
 2.71628000e-04  3.63585046e+00 
 2.71728000e-04  3.63583386e+00 
 2.71828000e-04  3.63581727e+00 
 2.71928000e-04  3.63580068e+00 
 2.72028000e-04  3.63578408e+00 
 2.72128000e-04  3.63576749e+00 
 2.72228000e-04  3.63575090e+00 
 2.72328000e-04  3.63573431e+00 
 2.72428000e-04  3.63571772e+00 
 2.72528000e-04  3.63570113e+00 
 2.72628000e-04  3.63568454e+00 
 2.72728000e-04  3.63566795e+00 
 2.72828000e-04  3.63565136e+00 
 2.72928000e-04  3.63563477e+00 
 2.73028000e-04  3.63561818e+00 
 2.73128000e-04  3.63560159e+00 
 2.73228000e-04  3.63558501e+00 
 2.73328000e-04  3.63556842e+00 
 2.73428000e-04  3.63555183e+00 
 2.73528000e-04  3.63553525e+00 
 2.73628000e-04  3.63551866e+00 
 2.73728000e-04  3.63550208e+00 
 2.73828000e-04  3.63548549e+00 
 2.73928000e-04  3.63546891e+00 
 2.74028000e-04  3.63545232e+00 
 2.74128000e-04  3.63543574e+00 
 2.74228000e-04  3.63541916e+00 
 2.74328000e-04  3.63540258e+00 
 2.74428000e-04  3.63538600e+00 
 2.74528000e-04  3.63536941e+00 
 2.74628000e-04  3.63535283e+00 
 2.74728000e-04  3.63533625e+00 
 2.74828000e-04  3.63531967e+00 
 2.74928000e-04  3.63530310e+00 
 2.75028000e-04  3.63528652e+00 
 2.75128000e-04  3.63526994e+00 
 2.75228000e-04  3.63525336e+00 
 2.75328000e-04  3.63523678e+00 
 2.75428000e-04  3.63522021e+00 
 2.75528000e-04  3.63520363e+00 
 2.75628000e-04  3.63518706e+00 
 2.75728000e-04  3.63517048e+00 
 2.75828000e-04  3.63515391e+00 
 2.75928000e-04  3.63513733e+00 
 2.76028000e-04  3.63512076e+00 
 2.76128000e-04  3.63510419e+00 
 2.76228000e-04  3.63508762e+00 
 2.76328000e-04  3.63507104e+00 
 2.76428000e-04  3.63505447e+00 
 2.76528000e-04  3.63503790e+00 
 2.76628000e-04  3.63502133e+00 
 2.76728000e-04  3.63500476e+00 
 2.76828000e-04  3.63498819e+00 
 2.76928000e-04  3.63497163e+00 
 2.77028000e-04  3.63495506e+00 
 2.77128000e-04  3.63493849e+00 
 2.77228000e-04  3.63492192e+00 
 2.77328000e-04  3.63490536e+00 
 2.77428000e-04  3.63488879e+00 
 2.77528000e-04  3.63487223e+00 
 2.77628000e-04  3.63485566e+00 
 2.77728000e-04  3.63483910e+00 
 2.77828000e-04  3.63482254e+00 
 2.77928000e-04  3.63480597e+00 
 2.78028000e-04  3.63478941e+00 
 2.78128000e-04  3.63477285e+00 
 2.78228000e-04  3.63475629e+00 
 2.78328000e-04  3.63473973e+00 
 2.78428000e-04  3.63472317e+00 
 2.78528000e-04  3.63470661e+00 
 2.78628000e-04  3.63469005e+00 
 2.78728000e-04  3.63467349e+00 
 2.78828000e-04  3.63465693e+00 
 2.78928000e-04  3.63464038e+00 
 2.79028000e-04  3.63462382e+00 
 2.79128000e-04  3.63460726e+00 
 2.79228000e-04  3.63459071e+00 
 2.79328000e-04  3.63457415e+00 
 2.79428000e-04  3.63455760e+00 
 2.79528000e-04  3.63454104e+00 
 2.79628000e-04  3.63452449e+00 
 2.79728000e-04  3.63450794e+00 
 2.79828000e-04  3.63449139e+00 
 2.79928000e-04  3.63447484e+00 
 2.80028000e-04  3.63445828e+00 
 2.80128000e-04  3.63444173e+00 
 2.80228000e-04  3.63442518e+00 
 2.80328000e-04  3.63440864e+00 
 2.80428000e-04  3.63439209e+00 
 2.80528000e-04  3.63437554e+00 
 2.80628000e-04  3.63435899e+00 
 2.80728000e-04  3.63434245e+00 
 2.80828000e-04  3.63432590e+00 
 2.80928000e-04  3.63430935e+00 
 2.81028000e-04  3.63429281e+00 
 2.81128000e-04  3.63427626e+00 
 2.81228000e-04  3.63425972e+00 
 2.81328000e-04  3.63424318e+00 
 2.81428000e-04  3.63422663e+00 
 2.81528000e-04  3.63421009e+00 
 2.81628000e-04  3.63419355e+00 
 2.81728000e-04  3.63417701e+00 
 2.81828000e-04  3.63416047e+00 
 2.81928000e-04  3.63414393e+00 
 2.82028000e-04  3.63412739e+00 
 2.82128000e-04  3.63411085e+00 
 2.82228000e-04  3.63409432e+00 
 2.82328000e-04  3.63407778e+00 
 2.82428000e-04  3.63406124e+00 
 2.82528000e-04  3.63404471e+00 
 2.82628000e-04  3.63402817e+00 
 2.82728000e-04  3.63401164e+00 
 2.82828000e-04  3.63399510e+00 
 2.82928000e-04  3.63397857e+00 
 2.83028000e-04  3.63396204e+00 
 2.83128000e-04  3.63394550e+00 
 2.83228000e-04  3.63392897e+00 
 2.83328000e-04  3.63391244e+00 
 2.83428000e-04  3.63389591e+00 
 2.83528000e-04  3.63387938e+00 
 2.83628000e-04  3.63386285e+00 
 2.83728000e-04  3.63384632e+00 
 2.83828000e-04  3.63382979e+00 
 2.83928000e-04  3.63381327e+00 
 2.84028000e-04  3.63379674e+00 
 2.84128000e-04  3.63378021e+00 
 2.84228000e-04  3.63376369e+00 
 2.84328000e-04  3.63374716e+00 
 2.84428000e-04  3.63373064e+00 
 2.84528000e-04  3.63371411e+00 
 2.84628000e-04  3.63369759e+00 
 2.84728000e-04  3.63368107e+00 
 2.84828000e-04  3.63366455e+00 
 2.84928000e-04  3.63364803e+00 
 2.85028000e-04  3.63363151e+00 
 2.85128000e-04  3.63361499e+00 
 2.85228000e-04  3.63359847e+00 
 2.85328000e-04  3.63358195e+00 
 2.85428000e-04  3.63356543e+00 
 2.85528000e-04  3.63354891e+00 
 2.85628000e-04  3.63353239e+00 
 2.85728000e-04  3.63351588e+00 
 2.85828000e-04  3.63349936e+00 
 2.85928000e-04  3.63348285e+00 
 2.86028000e-04  3.63346633e+00 
 2.86128000e-04  3.63344982e+00 
 2.86228000e-04  3.63343330e+00 
 2.86328000e-04  3.63341679e+00 
 2.86428000e-04  3.63340028e+00 
 2.86528000e-04  3.63338377e+00 
 2.86628000e-04  3.63336726e+00 
 2.86728000e-04  3.63335075e+00 
 2.86828000e-04  3.63333424e+00 
 2.86928000e-04  3.63331773e+00 
 2.87028000e-04  3.63330122e+00 
 2.87128000e-04  3.63328471e+00 
 2.87228000e-04  3.63326820e+00 
 2.87328000e-04  3.63325170e+00 
 2.87428000e-04  3.63323519e+00 
 2.87528000e-04  3.63321869e+00 
 2.87628000e-04  3.63320218e+00 
 2.87728000e-04  3.63318568e+00 
 2.87828000e-04  3.63316917e+00 
 2.87928000e-04  3.63315267e+00 
 2.88028000e-04  3.63313617e+00 
 2.88128000e-04  3.63311967e+00 
 2.88228000e-04  3.63310316e+00 
 2.88328000e-04  3.63308666e+00 
 2.88428000e-04  3.63307016e+00 
 2.88528000e-04  3.63305366e+00 
 2.88628000e-04  3.63303717e+00 
 2.88728000e-04  3.63302067e+00 
 2.88828000e-04  3.63300417e+00 
 2.88928000e-04  3.63298767e+00 
 2.89028000e-04  3.63297118e+00 
 2.89128000e-04  3.63295468e+00 
 2.89228000e-04  3.63293819e+00 
 2.89328000e-04  3.63292169e+00 
 2.89428000e-04  3.63290520e+00 
 2.89528000e-04  3.63288870e+00 
 2.89628000e-04  3.63287221e+00 
 2.89728000e-04  3.63285572e+00 
 2.89828000e-04  3.63283923e+00 
 2.89928000e-04  3.63282274e+00 
 2.90028000e-04  3.63280625e+00 
 2.90128000e-04  3.63278976e+00 
 2.90228000e-04  3.63277327e+00 
 2.90328000e-04  3.63275678e+00 
 2.90428000e-04  3.63274029e+00 
 2.90528000e-04  3.63272380e+00 
 2.90628000e-04  3.63270732e+00 
 2.90728000e-04  3.63269083e+00 
 2.90828000e-04  3.63267434e+00 
 2.90928000e-04  3.63265786e+00 
 2.91028000e-04  3.63264137e+00 
 2.91128000e-04  3.63262489e+00 
 2.91228000e-04  3.63260841e+00 
 2.91328000e-04  3.63259193e+00 
 2.91428000e-04  3.63257544e+00 
 2.91528000e-04  3.63255896e+00 
 2.91628000e-04  3.63254248e+00 
 2.91728000e-04  3.63252600e+00 
 2.91828000e-04  3.63250952e+00 
 2.91928000e-04  3.63249304e+00 
 2.92028000e-04  3.63247656e+00 
 2.92128000e-04  3.63246008e+00 
 2.92228000e-04  3.63244361e+00 
 2.92328000e-04  3.63242713e+00 
 2.92428000e-04  3.63241065e+00 
 2.92528000e-04  3.63239418e+00 
 2.92628000e-04  3.63237770e+00 
 2.92728000e-04  3.63236123e+00 
 2.92828000e-04  3.63234475e+00 
 2.92928000e-04  3.63232828e+00 
 2.93028000e-04  3.63231181e+00 
 2.93128000e-04  3.63229534e+00 
 2.93228000e-04  3.63227886e+00 
 2.93328000e-04  3.63226239e+00 
 2.93428000e-04  3.63224592e+00 
 2.93528000e-04  3.63222945e+00 
 2.93628000e-04  3.63221298e+00 
 2.93728000e-04  3.63219651e+00 
 2.93828000e-04  3.63218005e+00 
 2.93928000e-04  3.63216358e+00 
 2.94028000e-04  3.63214711e+00 
 2.94128000e-04  3.63213064e+00 
 2.94228000e-04  3.63211418e+00 
 2.94328000e-04  3.63209771e+00 
 2.94428000e-04  3.63208125e+00 
 2.94528000e-04  3.63206478e+00 
 2.94628000e-04  3.63204832e+00 
 2.94728000e-04  3.63203186e+00 
 2.94828000e-04  3.63201539e+00 
 2.94928000e-04  3.63199893e+00 
 2.95028000e-04  3.63198247e+00 
 2.95128000e-04  3.63196601e+00 
 2.95228000e-04  3.63194955e+00 
 2.95328000e-04  3.63193309e+00 
 2.95428000e-04  3.63191663e+00 
 2.95528000e-04  3.63190017e+00 
 2.95628000e-04  3.63188371e+00 
 2.95728000e-04  3.63186725e+00 
 2.95828000e-04  3.63185079e+00 
 2.95928000e-04  3.63183434e+00 
 2.96028000e-04  3.63181788e+00 
 2.96128000e-04  3.63180142e+00 
 2.96228000e-04  3.63178497e+00 
 2.96328000e-04  3.63176851e+00 
 2.96428000e-04  3.63175206e+00 
 2.96528000e-04  3.63173561e+00 
 2.96628000e-04  3.63171915e+00 
 2.96728000e-04  3.63170270e+00 
 2.96828000e-04  3.63168625e+00 
 2.96928000e-04  3.63166980e+00 
 2.97028000e-04  3.63165334e+00 
 2.97128000e-04  3.63163689e+00 
 2.97228000e-04  3.63162044e+00 
 2.97328000e-04  3.63160399e+00 
 2.97428000e-04  3.63158754e+00 
 2.97528000e-04  3.63157109e+00 
 2.97628000e-04  3.63155465e+00 
 2.97728000e-04  3.63153820e+00 
 2.97828000e-04  3.63152175e+00 
 2.97928000e-04  3.63150530e+00 
 2.98028000e-04  3.63148886e+00 
 2.98128000e-04  3.63147241e+00 
 2.98228000e-04  3.63145597e+00 
 2.98328000e-04  3.63143952e+00 
 2.98428000e-04  3.63142308e+00 
 2.98528000e-04  3.63140663e+00 
 2.98628000e-04  3.63139019e+00 
 2.98728000e-04  3.63137375e+00 
 2.98828000e-04  3.63135730e+00 
 2.98928000e-04  3.63134086e+00 
 2.99028000e-04  3.63132442e+00 
 2.99128000e-04  3.63130798e+00 
 2.99228000e-04  3.63129154e+00 
 2.99328000e-04  3.63127510e+00 
 2.99428000e-04  3.63125866e+00 
 2.99528000e-04  3.63124222e+00 
 2.99628000e-04  3.63122578e+00 
 2.99728000e-04  3.63120934e+00 
 2.99828000e-04  3.63119290e+00 
 2.99928000e-04  3.63117647e+00 
 3.00028000e-04  3.63116003e+00 
 3.00128000e-04  3.63114359e+00 
 3.00228000e-04  3.63112716e+00 
 3.00328000e-04  3.63111072e+00 
 3.00428000e-04  3.63109429e+00 
 3.00528000e-04  3.63107785e+00 
 3.00628000e-04  3.63106142e+00 
 3.00728000e-04  3.63104498e+00 
 3.00828000e-04  3.63102855e+00 
 3.00928000e-04  3.63101212e+00 
 3.01028000e-04  3.63099568e+00 
 3.01128000e-04  3.63097925e+00 
 3.01228000e-04  3.63096282e+00 
 3.01328000e-04  3.63094639e+00 
 3.01428000e-04  3.63092996e+00 
 3.01528000e-04  3.63091353e+00 
 3.01628000e-04  3.63089710e+00 
 3.01728000e-04  3.63088067e+00 
 3.01828000e-04  3.63086424e+00 
 3.01928000e-04  3.63084781e+00 
 3.02028000e-04  3.63083138e+00 
 3.02128000e-04  3.63081495e+00 
 3.02228000e-04  3.63079852e+00 
 3.02328000e-04  3.63078209e+00 
 3.02428000e-04  3.63076567e+00 
 3.02528000e-04  3.63074924e+00 
 3.02628000e-04  3.63073281e+00 
 3.02728000e-04  3.63071639e+00 
 3.02828000e-04  3.63069996e+00 
 3.02928000e-04  3.63068354e+00 
 3.03028000e-04  3.63066711e+00 
 3.03128000e-04  3.63065069e+00 
 3.03228000e-04  3.63063426e+00 
 3.03328000e-04  3.63061784e+00 
 3.03428000e-04  3.63060141e+00 
 3.03528000e-04  3.63058499e+00 
 3.03628000e-04  3.63056856e+00 
 3.03728000e-04  3.63055214e+00 
 3.03828000e-04  3.63053572e+00 
 3.03928000e-04  3.63051930e+00 
 3.04028000e-04  3.63050287e+00 
 3.04128000e-04  3.63048645e+00 
 3.04228000e-04  3.63047003e+00 
 3.04328000e-04  3.63045361e+00 
 3.04428000e-04  3.63043719e+00 
 3.04528000e-04  3.63042077e+00 
 3.04628000e-04  3.63040435e+00 
 3.04728000e-04  3.63038793e+00 
 3.04828000e-04  3.63037151e+00 
 3.04928000e-04  3.63035509e+00 
 3.05028000e-04  3.63033867e+00 
 3.05128000e-04  3.63032225e+00 
 3.05228000e-04  3.63030583e+00 
 3.05328000e-04  3.63028941e+00 
 3.05428000e-04  3.63027299e+00 
 3.05528000e-04  3.63025657e+00 
 3.05628000e-04  3.63024016e+00 
 3.05728000e-04  3.63022374e+00 
 3.05828000e-04  3.63020732e+00 
 3.05928000e-04  3.63019091e+00 
 3.06028000e-04  3.63017449e+00 
 3.06128000e-04  3.63015808e+00 
 3.06228000e-04  3.63014166e+00 
 3.06328000e-04  3.63012525e+00 
 3.06428000e-04  3.63010884e+00 
 3.06528000e-04  3.63009243e+00 
 3.06628000e-04  3.63007602e+00 
 3.06728000e-04  3.63005961e+00 
 3.06828000e-04  3.63004320e+00 
 3.06928000e-04  3.63002679e+00 
 3.07028000e-04  3.63001039e+00 
 3.07128000e-04  3.62999399e+00 
 3.07228000e-04  3.62997759e+00 
 3.07328000e-04  3.62996120e+00 
 3.07428000e-04  3.62994480e+00 
 3.07528000e-04  3.62992842e+00 
 3.07628000e-04  3.62991204e+00 
 3.07728000e-04  3.62989566e+00 
 3.07828000e-04  3.62987929e+00 
 3.07928000e-04  3.62986293e+00 
 3.08028000e-04  3.62984658e+00 
 3.08128000e-04  3.62983024e+00 
 3.08228000e-04  3.62981391e+00 
 3.08328000e-04  3.62979760e+00 
 3.08428000e-04  3.62978130e+00 
 3.08528000e-04  3.62976503e+00 
 3.08628000e-04  3.62974878e+00 
 3.08728000e-04  3.62973255e+00 
 3.08828000e-04  3.62971635e+00 
 3.08928000e-04  3.62970019e+00 
 3.09028000e-04  3.62968407e+00 
 3.09128000e-04  3.62966800e+00 
 3.09228000e-04  3.62965197e+00 
 3.09328000e-04  3.62963601e+00 
 3.09428000e-04  3.62962012e+00 
 3.09528000e-04  3.62960431e+00 
 3.09628000e-04  3.62958859e+00 
 3.09728000e-04  3.62957297e+00 
 3.09828000e-04  3.62955747e+00 
 3.09928000e-04  3.62954210e+00 
 3.10028000e-04  3.62952689e+00 
 3.10128000e-04  3.62951185e+00 
 3.10228000e-04  3.62949700e+00 
 3.10328000e-04  3.62948237e+00 
 3.10428000e-04  3.62946800e+00 
 3.10528000e-04  3.62945390e+00 
 3.10628000e-04  3.62944012e+00 
 3.10728000e-04  3.62942670e+00 
 3.10828000e-04  3.62941368e+00 
 3.10928000e-04  3.62940111e+00 
 3.11028000e-04  3.62938904e+00 
 3.11128000e-04  3.62937754e+00 
 3.11228000e-04  3.62936667e+00 
 3.11328000e-04  3.62935650e+00 
 3.11428000e-04  3.62934712e+00 
 3.11528000e-04  3.62933861e+00 
 3.11628000e-04  3.62933107e+00 
 3.11728000e-04  3.62932460e+00 
 3.11828000e-04  3.62931933e+00 
 3.11928000e-04  3.62931537e+00 
 3.12028000e-04  3.62931288e+00 
 3.12128000e-04  3.62931198e+00 
 3.12228000e-04  3.62931286e+00 
 3.12328000e-04  3.62931569e+00 
 3.12428000e-04  3.62932064e+00 
 3.12528000e-04  3.62932795e+00 
 3.12628000e-04  3.62933781e+00 
 3.12728000e-04  3.62935047e+00 
 3.12828000e-04  3.62936619e+00 
 3.12928000e-04  3.62938523e+00 
 3.13028000e-04  3.62940790e+00 
 3.13128000e-04  3.62943448e+00 
 3.13228000e-04  3.62946532e+00 
 3.13328000e-04  3.62950076e+00 
 3.13428000e-04  3.62954116e+00 
 3.13528000e-04  3.62958691e+00 
 3.13628000e-04  3.62963842e+00 
 3.13728000e-04  3.62969611e+00 
 3.13828000e-04  3.62976041e+00 
 3.13928000e-04  3.62983180e+00 
 3.14028000e-04  3.62991074e+00 
 3.14128000e-04  3.62999773e+00 
 3.14228000e-04  3.63009327e+00 
 3.14328000e-04  3.63019788e+00 
 3.14428000e-04  3.63031209e+00 
 3.14528000e-04  3.63043643e+00 
 3.14628000e-04  3.63057145e+00 
 3.14728000e-04  3.63071769e+00 
 3.14828000e-04  3.63087569e+00 
 3.14928000e-04  3.63104599e+00 
 3.15028000e-04  3.63122913e+00 
 3.15128000e-04  3.63142563e+00 
 3.15228000e-04  3.63163600e+00 
 3.15328000e-04  3.63186072e+00 
 3.15428000e-04  3.63210025e+00 
 3.15528000e-04  3.63235505e+00 
 3.15628000e-04  3.63262551e+00 
 3.15728000e-04  3.63291199e+00 
 3.15828000e-04  3.63321483e+00 
 3.15928000e-04  3.63353431e+00 
 3.16028000e-04  3.63387067e+00 
 3.16128000e-04  3.63422408e+00 
 3.16228000e-04  3.63459467e+00 
 3.16328000e-04  3.63498251e+00 
 3.16428000e-04  3.63538760e+00 
 3.16528000e-04  3.63580988e+00 
 3.16628000e-04  3.63624924e+00 
 3.16728000e-04  3.63670547e+00 
 3.16828000e-04  3.63717832e+00 
 3.16928000e-04  3.63766746e+00 
 3.17028000e-04  3.63817249e+00 
 3.17128000e-04  3.63869296e+00 
 3.17228000e-04  3.63922833e+00 
 3.17328000e-04  3.63977801e+00 
 3.17428000e-04  3.64034135e+00 
 3.17528000e-04  3.64091763e+00 
 3.17628000e-04  3.64150608e+00 
 3.17728000e-04  3.64210589e+00 
 3.17828000e-04  3.64271618e+00 
 3.17928000e-04  3.64333604e+00 
 3.18028000e-04  3.64396451e+00 
 3.18128000e-04  3.64460060e+00 
 3.18228000e-04  3.64524329e+00 
 3.18328000e-04  3.64589153e+00 
 3.18428000e-04  3.64654424e+00 
 3.18528000e-04  3.64720035e+00 
 3.18628000e-04  3.64785874e+00 
 3.18728000e-04  3.64851830e+00 
 3.18828000e-04  3.64917793e+00 
 3.18928000e-04  3.64983651e+00 
 3.19028000e-04  3.65049293e+00 
 3.19128000e-04  3.65114609e+00 
 3.19228000e-04  3.65179490e+00 
 3.19328000e-04  3.65243830e+00 
 3.19428000e-04  3.65307523e+00 
 3.19528000e-04  3.65370467e+00 
 3.19628000e-04  3.65432561e+00 
 3.19728000e-04  3.65493709e+00 
 3.19828000e-04  3.65553815e+00 
 3.19928000e-04  3.65612789e+00 
 3.20028000e-04  3.65670544e+00 
 3.20128000e-04  3.65726996e+00 
 3.20228000e-04  3.65782066e+00 
 3.20328000e-04  3.65835679e+00 
 3.20428000e-04  3.65887738e+00 
 3.20528000e-04  3.65938172e+00 
 3.20628000e-04  3.65986959e+00 
 3.20728000e-04  3.66034051e+00 
 3.20828000e-04  3.66079385e+00 
 3.20928000e-04  3.66122913e+00 
 3.21028000e-04  3.66164586e+00 
 3.21128000e-04  3.66204365e+00 
 3.21228000e-04  3.66242211e+00 
 3.21328000e-04  3.66278094e+00 
 3.21428000e-04  3.66311986e+00 
 3.21528000e-04  3.66343867e+00 
 3.21628000e-04  3.66373736e+00 
 3.21728000e-04  3.66401598e+00 
 3.21828000e-04  3.66427434e+00 
 3.21928000e-04  3.66451241e+00 
 3.22028000e-04  3.66473027e+00 
 3.22128000e-04  3.66492799e+00 
 3.22228000e-04  3.66510575e+00 
 3.22328000e-04  3.66526372e+00 
 3.22428000e-04  3.66540215e+00 
 3.22528000e-04  3.66552132e+00 
 3.22628000e-04  3.66562155e+00 
 3.22728000e-04  3.66570320e+00 
 3.22828000e-04  3.66576669e+00 
 3.22928000e-04  3.66581245e+00 
 3.23028000e-04  3.66584097e+00 
 3.23128000e-04  3.66585276e+00 
 3.23228000e-04  3.66584837e+00 
 3.23328000e-04  3.66582837e+00 
 3.23428000e-04  3.66579337e+00 
 3.23528000e-04  3.66574402e+00 
 3.23628000e-04  3.66568097e+00 
 3.23728000e-04  3.66560490e+00 
 3.23828000e-04  3.66551652e+00 
 3.23928000e-04  3.66541653e+00 
 3.24028000e-04  3.66530569e+00 
 3.24128000e-04  3.66518473e+00 
 3.24228000e-04  3.66505440e+00 
 3.24328000e-04  3.66491547e+00 
 3.24428000e-04  3.66476869e+00 
 3.24528000e-04  3.66461483e+00 
 3.24628000e-04  3.66445464e+00 
 3.24728000e-04  3.66428888e+00 
 3.24828000e-04  3.66411829e+00 
 3.24928000e-04  3.66394360e+00 
 3.25028000e-04  3.66376552e+00 
 3.25128000e-04  3.66358476e+00 
 3.25228000e-04  3.66340198e+00 
 3.25328000e-04  3.66321784e+00 
 3.25428000e-04  3.66303297e+00 
 3.25528000e-04  3.66284797e+00 
 3.25628000e-04  3.66266341e+00 
 3.25728000e-04  3.66247982e+00 
 3.25828000e-04  3.66229773e+00 
 3.25928000e-04  3.66211759e+00 
 3.26028000e-04  3.66193986e+00 
 3.26128000e-04  3.66176492e+00 
 3.26228000e-04  3.66159315e+00 
 3.26328000e-04  3.66142489e+00 
 3.26428000e-04  3.66126042e+00 
 3.26528000e-04  3.66110000e+00 
 3.26628000e-04  3.66094386e+00 
 3.26728000e-04  3.66079219e+00 
 3.26828000e-04  3.66064515e+00 
 3.26928000e-04  3.66050285e+00 
 3.27028000e-04  3.66036539e+00 
 3.27128000e-04  3.66023284e+00 
 3.27228000e-04  3.66010522e+00 
 3.27328000e-04  3.65998256e+00 
 3.27428000e-04  3.65986483e+00 
 3.27528000e-04  3.65975201e+00 
 3.27628000e-04  3.65964402e+00 
 3.27728000e-04  3.65954081e+00 
 3.27828000e-04  3.65944227e+00 
 3.27928000e-04  3.65934829e+00 
 3.28028000e-04  3.65925877e+00 
 3.28128000e-04  3.65917356e+00 
 3.28228000e-04  3.65909254e+00 
 3.28328000e-04  3.65901554e+00 
 3.28428000e-04  3.65894242e+00 
 3.28528000e-04  3.65887303e+00 
 3.28628000e-04  3.65880719e+00 
 3.28728000e-04  3.65874474e+00 
 3.28828000e-04  3.65868554e+00 
 3.28928000e-04  3.65862939e+00 
 3.29028000e-04  3.65857616e+00 
 3.29128000e-04  3.65852568e+00 
 3.29228000e-04  3.65847778e+00 
 3.29328000e-04  3.65843233e+00 
 3.29428000e-04  3.65838916e+00 
 3.29528000e-04  3.65834814e+00 
 3.29628000e-04  3.65830912e+00 
 3.29728000e-04  3.65827197e+00 
 3.29828000e-04  3.65823656e+00 
 3.29928000e-04  3.65820278e+00 
 3.30028000e-04  3.65817049e+00 
 3.30128000e-04  3.65813960e+00 
 3.30228000e-04  3.65810999e+00 
 3.30328000e-04  3.65808157e+00 
 3.30428000e-04  3.65805424e+00 
 3.30528000e-04  3.65802791e+00 
 3.30628000e-04  3.65800251e+00 
 3.30728000e-04  3.65797795e+00 
 3.30828000e-04  3.65795416e+00 
 3.30928000e-04  3.65793107e+00 
 3.31028000e-04  3.65790863e+00 
 3.31128000e-04  3.65788678e+00 
 3.31228000e-04  3.65786546e+00 
 3.31328000e-04  3.65784461e+00 
 3.31428000e-04  3.65782421e+00 
 3.31528000e-04  3.65780420e+00 
 3.31628000e-04  3.65778455e+00 
 3.31728000e-04  3.65776522e+00 
 3.31828000e-04  3.65774618e+00 
 3.31928000e-04  3.65772740e+00 
 3.32028000e-04  3.65770885e+00 
 3.32128000e-04  3.65769051e+00 
 3.32228000e-04  3.65767236e+00 
 3.32328000e-04  3.65765438e+00 
 3.32428000e-04  3.65763655e+00 
 3.32528000e-04  3.65761885e+00 
 3.32628000e-04  3.65760127e+00 
 3.32728000e-04  3.65758380e+00 
 3.32828000e-04  3.65756641e+00 
 3.32928000e-04  3.65754912e+00 
 3.33028000e-04  3.65753189e+00 
 3.33128000e-04  3.65751473e+00 
 3.33228000e-04  3.65749763e+00 
 3.33328000e-04  3.65748057e+00 
 3.33428000e-04  3.65746357e+00 
 3.33528000e-04  3.65744660e+00 
 3.33628000e-04  3.65742966e+00 
 3.33728000e-04  3.65741276e+00 
 3.33828000e-04  3.65739588e+00 
 3.33928000e-04  3.65737902e+00 
 3.34028000e-04  3.65736219e+00 
 3.34128000e-04  3.65734537e+00 
 3.34228000e-04  3.65732856e+00 
 3.34328000e-04  3.65731177e+00 
 3.34428000e-04  3.65729500e+00 
 3.34528000e-04  3.65727823e+00 
 3.34628000e-04  3.65726147e+00 
 3.34728000e-04  3.65724472e+00 
 3.34828000e-04  3.65722797e+00 
 3.34928000e-04  3.65721123e+00 
 3.35028000e-04  3.65719450e+00 
 3.35128000e-04  3.65717777e+00 
 3.35228000e-04  3.65716104e+00 
 3.35328000e-04  3.65714432e+00 
 3.35428000e-04  3.65712760e+00 
 3.35528000e-04  3.65711088e+00 
 3.35628000e-04  3.65709416e+00 
 3.35728000e-04  3.65707745e+00 
 3.35828000e-04  3.65706073e+00 
 3.35928000e-04  3.65704402e+00 
 3.36028000e-04  3.65702731e+00 
 3.36128000e-04  3.65701060e+00 
 3.36228000e-04  3.65699389e+00 
 3.36328000e-04  3.65697718e+00 
 3.36428000e-04  3.65696047e+00 
 3.36528000e-04  3.65694377e+00 
 3.36628000e-04  3.65692706e+00 
 3.36728000e-04  3.65691036e+00 
 3.36828000e-04  3.65689365e+00 
 3.36928000e-04  3.65687695e+00 
 3.37028000e-04  3.65686024e+00 
 3.37128000e-04  3.65684354e+00 
 3.37228000e-04  3.65682683e+00 
 3.37328000e-04  3.65681013e+00 
 3.37428000e-04  3.65679343e+00 
 3.37528000e-04  3.65677672e+00 
 3.37628000e-04  3.65676002e+00 
 3.37728000e-04  3.65674332e+00 
 3.37828000e-04  3.65672661e+00 
 3.37928000e-04  3.65670991e+00 
 3.38028000e-04  3.65669321e+00 
 3.38128000e-04  3.65667651e+00 
 3.38228000e-04  3.65665981e+00 
 3.38328000e-04  3.65664311e+00 
 3.38428000e-04  3.65662641e+00 
 3.38528000e-04  3.65660971e+00 
 3.38628000e-04  3.65659301e+00 
 3.38728000e-04  3.65657631e+00 
 3.38828000e-04  3.65655961e+00 
 3.38928000e-04  3.65654291e+00 
 3.39028000e-04  3.65652621e+00 
 3.39128000e-04  3.65650951e+00 
 3.39228000e-04  3.65649281e+00 
 3.39328000e-04  3.65647611e+00 
 3.39428000e-04  3.65645942e+00 
 3.39528000e-04  3.65644272e+00 
 3.39628000e-04  3.65642602e+00 
 3.39728000e-04  3.65640932e+00 
 3.39828000e-04  3.65639263e+00 
 3.39928000e-04  3.65637593e+00 
 3.40028000e-04  3.65635923e+00 
 3.40128000e-04  3.65634254e+00 
 3.40228000e-04  3.65632584e+00 
 3.40328000e-04  3.65630915e+00 
 3.40428000e-04  3.65629245e+00 
 3.40528000e-04  3.65627576e+00 
 3.40628000e-04  3.65625907e+00 
 3.40728000e-04  3.65624237e+00 
 3.40828000e-04  3.65622568e+00 
 3.40928000e-04  3.65620899e+00 
 3.41028000e-04  3.65619229e+00 
 3.41128000e-04  3.65617560e+00 
 3.41228000e-04  3.65615891e+00 
 3.41328000e-04  3.65614222e+00 
 3.41428000e-04  3.65612553e+00 
 3.41528000e-04  3.65610884e+00 
 3.41628000e-04  3.65609215e+00 
 3.41728000e-04  3.65607546e+00 
 3.41828000e-04  3.65605877e+00 
 3.41928000e-04  3.65604208e+00 
 3.42028000e-04  3.65602539e+00 
 3.42128000e-04  3.65600870e+00 
 3.42228000e-04  3.65599201e+00 
 3.42328000e-04  3.65597532e+00 
 3.42428000e-04  3.65595864e+00 
 3.42528000e-04  3.65594195e+00 
 3.42628000e-04  3.65592526e+00 
 3.42728000e-04  3.65590858e+00 
 3.42828000e-04  3.65589189e+00 
 3.42928000e-04  3.65587521e+00 
 3.43028000e-04  3.65585852e+00 
 3.43128000e-04  3.65584184e+00 
 3.43228000e-04  3.65582515e+00 
 3.43328000e-04  3.65580847e+00 
 3.43428000e-04  3.65579179e+00 
 3.43528000e-04  3.65577510e+00 
 3.43628000e-04  3.65575842e+00 
 3.43728000e-04  3.65574174e+00 
 3.43828000e-04  3.65572506e+00 
 3.43928000e-04  3.65570838e+00 
 3.44028000e-04  3.65569170e+00 
 3.44128000e-04  3.65567502e+00 
 3.44228000e-04  3.65565834e+00 
 3.44328000e-04  3.65564166e+00 
 3.44428000e-04  3.65562498e+00 
 3.44528000e-04  3.65560830e+00 
 3.44628000e-04  3.65559162e+00 
 3.44728000e-04  3.65557494e+00 
 3.44828000e-04  3.65555827e+00 
 3.44928000e-04  3.65554159e+00 
 3.45028000e-04  3.65552491e+00 
 3.45128000e-04  3.65550824e+00 
 3.45228000e-04  3.65549156e+00 
 3.45328000e-04  3.65547489e+00 
 3.45428000e-04  3.65545821e+00 
 3.45528000e-04  3.65544154e+00 
 3.45628000e-04  3.65542487e+00 
 3.45728000e-04  3.65540819e+00 
 3.45828000e-04  3.65539152e+00 
 3.45928000e-04  3.65537485e+00 
 3.46028000e-04  3.65535818e+00 
 3.46128000e-04  3.65534151e+00 
 3.46228000e-04  3.65532484e+00 
 3.46328000e-04  3.65530817e+00 
 3.46428000e-04  3.65529150e+00 
 3.46528000e-04  3.65527483e+00 
 3.46628000e-04  3.65525816e+00 
 3.46728000e-04  3.65524149e+00 
 3.46828000e-04  3.65522483e+00 
 3.46928000e-04  3.65520816e+00 
 3.47028000e-04  3.65519149e+00 
 3.47128000e-04  3.65517483e+00 
 3.47228000e-04  3.65515816e+00 
 3.47328000e-04  3.65514150e+00 
 3.47428000e-04  3.65512483e+00 
 3.47528000e-04  3.65510817e+00 
 3.47628000e-04  3.65509151e+00 
 3.47728000e-04  3.65507485e+00 
 3.47828000e-04  3.65505818e+00 
 3.47928000e-04  3.65504152e+00 
 3.48028000e-04  3.65502486e+00 
 3.48128000e-04  3.65500820e+00 
 3.48228000e-04  3.65499154e+00 
 3.48328000e-04  3.65497488e+00 
 3.48428000e-04  3.65495822e+00 
 3.48528000e-04  3.65494157e+00 
 3.48628000e-04  3.65492491e+00 
 3.48728000e-04  3.65490825e+00 
 3.48828000e-04  3.65489159e+00 
 3.48928000e-04  3.65487494e+00 
 3.49028000e-04  3.65485828e+00 
 3.49128000e-04  3.65484163e+00 
 3.49228000e-04  3.65482497e+00 
 3.49328000e-04  3.65480832e+00 
 3.49428000e-04  3.65479167e+00 
 3.49528000e-04  3.65477502e+00 
 3.49628000e-04  3.65475836e+00 
 3.49728000e-04  3.65474171e+00 
 3.49828000e-04  3.65472506e+00 
 3.49928000e-04  3.65470841e+00 
 3.50028000e-04  3.65469176e+00 
 3.50128000e-04  3.65467511e+00 
 3.50228000e-04  3.65465846e+00 
 3.50328000e-04  3.65464181e+00 
 3.50428000e-04  3.65462517e+00 
 3.50528000e-04  3.65460852e+00 
 3.50628000e-04  3.65459187e+00 
 3.50728000e-04  3.65457523e+00 
 3.50828000e-04  3.65455858e+00 
 3.50928000e-04  3.65454194e+00 
 3.51028000e-04  3.65452529e+00 
 3.51128000e-04  3.65450865e+00 
 3.51228000e-04  3.65449201e+00 
 3.51328000e-04  3.65447537e+00 
 3.51428000e-04  3.65445872e+00 
 3.51528000e-04  3.65444208e+00 
 3.51628000e-04  3.65442544e+00 
 3.51728000e-04  3.65440880e+00 
 3.51828000e-04  3.65439216e+00 
 3.51928000e-04  3.65437552e+00 
 3.52028000e-04  3.65435889e+00 
 3.52128000e-04  3.65434225e+00 
 3.52228000e-04  3.65432561e+00 
 3.52328000e-04  3.65430898e+00 
 3.52428000e-04  3.65429234e+00 
 3.52528000e-04  3.65427570e+00 
 3.52628000e-04  3.65425907e+00 
 3.52728000e-04  3.65424244e+00 
 3.52828000e-04  3.65422580e+00 
 3.52928000e-04  3.65420917e+00 
 3.53028000e-04  3.65419254e+00 
 3.53128000e-04  3.65417590e+00 
 3.53228000e-04  3.65415927e+00 
 3.53328000e-04  3.65414264e+00 
 3.53428000e-04  3.65412601e+00 
 3.53528000e-04  3.65410938e+00 
 3.53628000e-04  3.65409276e+00 
 3.53728000e-04  3.65407613e+00 
 3.53828000e-04  3.65405950e+00 
 3.53928000e-04  3.65404287e+00 
 3.54028000e-04  3.65402625e+00 
 3.54128000e-04  3.65400962e+00 
 3.54228000e-04  3.65399300e+00 
 3.54328000e-04  3.65397637e+00 
 3.54428000e-04  3.65395975e+00 
 3.54528000e-04  3.65394312e+00 
 3.54628000e-04  3.65392650e+00 
 3.54728000e-04  3.65390988e+00 
 3.54828000e-04  3.65389326e+00 
 3.54928000e-04  3.65387664e+00 
 3.55028000e-04  3.65386002e+00 
 3.55128000e-04  3.65384340e+00 
 3.55228000e-04  3.65382678e+00 
 3.55328000e-04  3.65381016e+00 
 3.55428000e-04  3.65379354e+00 
 3.55528000e-04  3.65377692e+00 
 3.55628000e-04  3.65376031e+00 
 3.55728000e-04  3.65374369e+00 
 3.55828000e-04  3.65372708e+00 
 3.55928000e-04  3.65371046e+00 
 3.56028000e-04  3.65369385e+00 
 3.56128000e-04  3.65367723e+00 
 3.56228000e-04  3.65366062e+00 
 3.56328000e-04  3.65364401e+00 
 3.56428000e-04  3.65362740e+00 
 3.56528000e-04  3.65361079e+00 
 3.56628000e-04  3.65359418e+00 
 3.56728000e-04  3.65357757e+00 
 3.56828000e-04  3.65356096e+00 
 3.56928000e-04  3.65354435e+00 
 3.57028000e-04  3.65352774e+00 
 3.57128000e-04  3.65351113e+00 
 3.57228000e-04  3.65349452e+00 
 3.57328000e-04  3.65347792e+00 
 3.57428000e-04  3.65346131e+00 
 3.57528000e-04  3.65344471e+00 
 3.57628000e-04  3.65342810e+00 
 3.57728000e-04  3.65341150e+00 
 3.57828000e-04  3.65339490e+00 
 3.57928000e-04  3.65337829e+00 
 3.58028000e-04  3.65336169e+00 
 3.58128000e-04  3.65334509e+00 
 3.58228000e-04  3.65332849e+00 
 3.58328000e-04  3.65331189e+00 
 3.58428000e-04  3.65329529e+00 
 3.58528000e-04  3.65327869e+00 
 3.58628000e-04  3.65326209e+00 
 3.58728000e-04  3.65324549e+00 
 3.58828000e-04  3.65322890e+00 
 3.58928000e-04  3.65321230e+00 
 3.59028000e-04  3.65319571e+00 
 3.59128000e-04  3.65317911e+00 
 3.59228000e-04  3.65316252e+00 
 3.59328000e-04  3.65314592e+00 
 3.59428000e-04  3.65312933e+00 
 3.59528000e-04  3.65311273e+00 
 3.59628000e-04  3.65309614e+00 
 3.59728000e-04  3.65307955e+00 
 3.59828000e-04  3.65306296e+00 
 3.59928000e-04  3.65304637e+00 
 3.60028000e-04  3.65302978e+00 
 3.60128000e-04  3.65301319e+00 
 3.60228000e-04  3.65299660e+00 
 3.60328000e-04  3.65298001e+00 
 3.60428000e-04  3.65296343e+00 
 3.60528000e-04  3.65294684e+00 
 3.60628000e-04  3.65293025e+00 
 3.60728000e-04  3.65291367e+00 
 3.60828000e-04  3.65289708e+00 
 3.60928000e-04  3.65288050e+00 
 3.61028000e-04  3.65286391e+00 
 3.61128000e-04  3.65284733e+00 
 3.61228000e-04  3.65283075e+00 
 3.61328000e-04  3.65281417e+00 
 3.61428000e-04  3.65279758e+00 
 3.61528000e-04  3.65278100e+00 
 3.61628000e-04  3.65276442e+00 
 3.61728000e-04  3.65274784e+00 
 3.61828000e-04  3.65273126e+00 
 3.61928000e-04  3.65271469e+00 
 3.62028000e-04  3.65269811e+00 
 3.62128000e-04  3.65268153e+00 
 3.62228000e-04  3.65266495e+00 
 3.62328000e-04  3.65264838e+00 
 3.62428000e-04  3.65263180e+00 
 3.62528000e-04  3.65261523e+00 
 3.62628000e-04  3.65259865e+00 
 3.62728000e-04  3.65258208e+00 
 3.62828000e-04  3.65256551e+00 
 3.62928000e-04  3.65254893e+00 
 3.63028000e-04  3.65253236e+00 
 3.63128000e-04  3.65251579e+00 
 3.63228000e-04  3.65249922e+00 
 3.63328000e-04  3.65248265e+00 
 3.63428000e-04  3.65246608e+00 
 3.63528000e-04  3.65244951e+00 
 3.63628000e-04  3.65243294e+00 
 3.63728000e-04  3.65241637e+00 
 3.63828000e-04  3.65239980e+00 
 3.63928000e-04  3.65238324e+00 
 3.64028000e-04  3.65236667e+00 
 3.64128000e-04  3.65235011e+00 
 3.64228000e-04  3.65233354e+00 
 3.64328000e-04  3.65231698e+00 
 3.64428000e-04  3.65230041e+00 
 3.64528000e-04  3.65228385e+00 
 3.64628000e-04  3.65226729e+00 
 3.64728000e-04  3.65225072e+00 
 3.64828000e-04  3.65223416e+00 
 3.64928000e-04  3.65221760e+00 
 3.65028000e-04  3.65220104e+00 
 3.65128000e-04  3.65218448e+00 
 3.65228000e-04  3.65216792e+00 
 3.65328000e-04  3.65215136e+00 
 3.65428000e-04  3.65213480e+00 
 3.65528000e-04  3.65211824e+00 
 3.65628000e-04  3.65210169e+00 
 3.65728000e-04  3.65208513e+00 
 3.65828000e-04  3.65206857e+00 
 3.65928000e-04  3.65205202e+00 
 3.66028000e-04  3.65203546e+00 
 3.66128000e-04  3.65201891e+00 
 3.66228000e-04  3.65200235e+00 
 3.66328000e-04  3.65198580e+00 
 3.66428000e-04  3.65196925e+00 
 3.66528000e-04  3.65195270e+00 
 3.66628000e-04  3.65193614e+00 
 3.66728000e-04  3.65191959e+00 
 3.66828000e-04  3.65190304e+00 
 3.66928000e-04  3.65188649e+00 
 3.67028000e-04  3.65186994e+00 
 3.67128000e-04  3.65185339e+00 
 3.67228000e-04  3.65183684e+00 
 3.67328000e-04  3.65182030e+00 
 3.67428000e-04  3.65180375e+00 
 3.67528000e-04  3.65178720e+00 
 3.67628000e-04  3.65177065e+00 
 3.67728000e-04  3.65175411e+00 
 3.67828000e-04  3.65173756e+00 
 3.67928000e-04  3.65172102e+00 
 3.68028000e-04  3.65170447e+00 
 3.68128000e-04  3.65168793e+00 
 3.68228000e-04  3.65167138e+00 
 3.68328000e-04  3.65165484e+00 
 3.68428000e-04  3.65163830e+00 
 3.68528000e-04  3.65162176e+00 
 3.68628000e-04  3.65160521e+00 
 3.68728000e-04  3.65158867e+00 
 3.68828000e-04  3.65157213e+00 
 3.68928000e-04  3.65155559e+00 
 3.69028000e-04  3.65153905e+00 
 3.69128000e-04  3.65152251e+00 
 3.69228000e-04  3.65150598e+00 
 3.69328000e-04  3.65148944e+00 
 3.69428000e-04  3.65147290e+00 
 3.69528000e-04  3.65145636e+00 
 3.69628000e-04  3.65143983e+00 
 3.69728000e-04  3.65142329e+00 
 3.69828000e-04  3.65140675e+00 
 3.69928000e-04  3.65139022e+00 
 3.70028000e-04  3.65137368e+00 
 3.70128000e-04  3.65135715e+00 
 3.70228000e-04  3.65134061e+00 
 3.70328000e-04  3.65132408e+00 
 3.70428000e-04  3.65130755e+00 
 3.70528000e-04  3.65129102e+00 
 3.70628000e-04  3.65127448e+00 
 3.70728000e-04  3.65125795e+00 
 3.70828000e-04  3.65124142e+00 
 3.70928000e-04  3.65122489e+00 
 3.71028000e-04  3.65120836e+00 
 3.71128000e-04  3.65119183e+00 
 3.71228000e-04  3.65117530e+00 
 3.71328000e-04  3.65115877e+00 
 3.71428000e-04  3.65114224e+00 
 3.71528000e-04  3.65112572e+00 
 3.71628000e-04  3.65110919e+00 
 3.71728000e-04  3.65109266e+00 
 3.71828000e-04  3.65107614e+00 
 3.71928000e-04  3.65105961e+00 
 3.72028000e-04  3.65104308e+00 
 3.72128000e-04  3.65102656e+00 
 3.72228000e-04  3.65101003e+00 
 3.72328000e-04  3.65099351e+00 
 3.72428000e-04  3.65097699e+00 
 3.72528000e-04  3.65096046e+00 
 3.72628000e-04  3.65094394e+00 
 3.72728000e-04  3.65092742e+00 
 3.72828000e-04  3.65091089e+00 
 3.72928000e-04  3.65089437e+00 
 3.73028000e-04  3.65087785e+00 
 3.73128000e-04  3.65086133e+00 
 3.73228000e-04  3.65084481e+00 
 3.73328000e-04  3.65082829e+00 
 3.73428000e-04  3.65081177e+00 
 3.73528000e-04  3.65079525e+00 
 3.73628000e-04  3.65077873e+00 
 3.73728000e-04  3.65076221e+00 
 3.73828000e-04  3.65074569e+00 
 3.73928000e-04  3.65072917e+00 
 3.74028000e-04  3.65071265e+00 
 3.74128000e-04  3.65069613e+00 
 3.74228000e-04  3.65067962e+00 
 3.74328000e-04  3.65066310e+00 
 3.74428000e-04  3.65064658e+00 
 3.74528000e-04  3.65063007e+00 
 3.74628000e-04  3.65061355e+00 
 3.74728000e-04  3.65059704e+00 
 3.74828000e-04  3.65058052e+00 
 3.74928000e-04  3.65056400e+00 
 3.75028000e-04  3.65054749e+00 
 3.75128000e-04  3.65053097e+00 
 3.75228000e-04  3.65051446e+00 
 3.75328000e-04  3.65049795e+00 
 3.75428000e-04  3.65048143e+00 
 3.75528000e-04  3.65046492e+00 
 3.75628000e-04  3.65044841e+00 
 3.75728000e-04  3.65043189e+00 
 3.75828000e-04  3.65041538e+00 
 3.75928000e-04  3.65039887e+00 
 3.76028000e-04  3.65038236e+00 
 3.76128000e-04  3.65036584e+00 
 3.76228000e-04  3.65034933e+00 
 3.76328000e-04  3.65033282e+00 
 3.76428000e-04  3.65031631e+00 
 3.76528000e-04  3.65029980e+00 
 3.76628000e-04  3.65028329e+00 
 3.76728000e-04  3.65026678e+00 
 3.76828000e-04  3.65025027e+00 
 3.76928000e-04  3.65023376e+00 
 3.77028000e-04  3.65021725e+00 
 3.77128000e-04  3.65020074e+00 
 3.77228000e-04  3.65018423e+00 
 3.77328000e-04  3.65016773e+00 
 3.77428000e-04  3.65015122e+00 
 3.77528000e-04  3.65013471e+00 
 3.77628000e-04  3.65011821e+00 
 3.77728000e-04  3.65010170e+00 
 3.77828000e-04  3.65008519e+00 
 3.77928000e-04  3.65006869e+00 
 3.78028000e-04  3.65005219e+00 
 3.78128000e-04  3.65003568e+00 
 3.78228000e-04  3.65001918e+00 
 3.78328000e-04  3.65000268e+00 
 3.78428000e-04  3.64998618e+00 
 3.78528000e-04  3.64996969e+00 
 3.78628000e-04  3.64995319e+00 
 3.78728000e-04  3.64993670e+00 
 3.78828000e-04  3.64992021e+00 
 3.78928000e-04  3.64990373e+00 
 3.79028000e-04  3.64988724e+00 
 3.79128000e-04  3.64987077e+00 
 3.79228000e-04  3.64985429e+00 
 3.79328000e-04  3.64983783e+00 
 3.79428000e-04  3.64982137e+00 
 3.79528000e-04  3.64980491e+00 
 3.79628000e-04  3.64978847e+00 
 3.79728000e-04  3.64977204e+00 
 3.79828000e-04  3.64975562e+00 
 3.79928000e-04  3.64973922e+00 
 3.80028000e-04  3.64972283e+00 
 3.80128000e-04  3.64970646e+00 
 3.80228000e-04  3.64969012e+00 
 3.80328000e-04  3.64967380e+00 
 3.80428000e-04  3.64965751e+00 
 3.80528000e-04  3.64964125e+00 
 3.80628000e-04  3.64962503e+00 
 3.80728000e-04  3.64960886e+00 
 3.80828000e-04  3.64959274e+00 
 3.80928000e-04  3.64957668e+00 
 3.81028000e-04  3.64956068e+00 
 3.81128000e-04  3.64954476e+00 
 3.81228000e-04  3.64952893e+00 
 3.81328000e-04  3.64951319e+00 
 3.81428000e-04  3.64949757e+00 
 3.81528000e-04  3.64948208e+00 
 3.81628000e-04  3.64946673e+00 
 3.81728000e-04  3.64945154e+00 
 3.81828000e-04  3.64943654e+00 
 3.81928000e-04  3.64942175e+00 
 3.82028000e-04  3.64940719e+00 
 3.82128000e-04  3.64939289e+00 
 3.82228000e-04  3.64937890e+00 
 3.82328000e-04  3.64936523e+00 
 3.82428000e-04  3.64935194e+00 
 3.82528000e-04  3.64933907e+00 
 3.82628000e-04  3.64932667e+00 
 3.82728000e-04  3.64931480e+00 
 3.82828000e-04  3.64930350e+00 
 3.82928000e-04  3.64929285e+00 
 3.83028000e-04  3.64928293e+00 
 3.83128000e-04  3.64927381e+00 
 3.83228000e-04  3.64926557e+00 
 3.83328000e-04  3.64925832e+00 
 3.83428000e-04  3.64925215e+00 
 3.83528000e-04  3.64924718e+00 
 3.83628000e-04  3.64924354e+00 
 3.83728000e-04  3.64924135e+00 
 3.83828000e-04  3.64924075e+00 
 3.83928000e-04  3.64924191e+00 
 3.84028000e-04  3.64924499e+00 
 3.84128000e-04  3.64925017e+00 
 3.84228000e-04  3.64925764e+00 
 3.84328000e-04  3.64926760e+00 
 3.84428000e-04  3.64928029e+00 
 3.84528000e-04  3.64929592e+00 
 3.84628000e-04  3.64931476e+00 
 3.84728000e-04  3.64933707e+00 
 3.84828000e-04  3.64936312e+00 
 3.84928000e-04  3.64939322e+00 
 3.85028000e-04  3.64942767e+00 
 3.85128000e-04  3.64946681e+00 
 3.85228000e-04  3.64951097e+00 
 3.85328000e-04  3.64956051e+00 
 3.85428000e-04  3.64961580e+00 
 3.85528000e-04  3.64967723e+00 
 3.85628000e-04  3.64974519e+00 
 3.85728000e-04  3.64982009e+00 
 3.85828000e-04  3.64990236e+00 
 3.85928000e-04  3.64999242e+00 
 3.86028000e-04  3.65009071e+00 
 3.86128000e-04  3.65019767e+00 
 3.86228000e-04  3.65031374e+00 
 3.86328000e-04  3.65043936e+00 
 3.86428000e-04  3.65057499e+00 
 3.86528000e-04  3.65072106e+00 
 3.86628000e-04  3.65087800e+00 
 3.86728000e-04  3.65104623e+00 
 3.86828000e-04  3.65122616e+00 
 3.86928000e-04  3.65141818e+00 
 3.87028000e-04  3.65162267e+00 
 3.87128000e-04  3.65183996e+00 
 3.87228000e-04  3.65207038e+00 
 3.87328000e-04  3.65231422e+00 
 3.87428000e-04  3.65257173e+00 
 3.87528000e-04  3.65284312e+00 
 3.87628000e-04  3.65312857e+00 
 3.87728000e-04  3.65342822e+00 
 3.87828000e-04  3.65374215e+00 
 3.87928000e-04  3.65407040e+00 
 3.88028000e-04  3.65441296e+00 
 3.88128000e-04  3.65476975e+00 
 3.88228000e-04  3.65514065e+00 
 3.88328000e-04  3.65552550e+00 
 3.88428000e-04  3.65592405e+00 
 3.88528000e-04  3.65633602e+00 
 3.88628000e-04  3.65676106e+00 
 3.88728000e-04  3.65719877e+00 
 3.88828000e-04  3.65764869e+00 
 3.88928000e-04  3.65811032e+00 
 3.89028000e-04  3.65858309e+00 
 3.89128000e-04  3.65906640e+00 
 3.89228000e-04  3.65955957e+00 
 3.89328000e-04  3.66006192e+00 
 3.89428000e-04  3.66057269e+00 
 3.89528000e-04  3.66109110e+00 
 3.89628000e-04  3.66161635e+00 
 3.89728000e-04  3.66214757e+00 
 3.89828000e-04  3.66268389e+00 
 3.89928000e-04  3.66322442e+00 
 3.90028000e-04  3.66376824e+00 
 3.90128000e-04  3.66431441e+00 
 3.90228000e-04  3.66486199e+00 
 3.90328000e-04  3.66541003e+00 
 3.90428000e-04  3.66595757e+00 
 3.90528000e-04  3.66650366e+00 
 3.90628000e-04  3.66704733e+00 
 3.90728000e-04  3.66758766e+00 
 3.90828000e-04  3.66812369e+00 
 3.90928000e-04  3.66865452e+00 
 3.91028000e-04  3.66917924e+00 
 3.91128000e-04  3.66969697e+00 
 3.91228000e-04  3.67020685e+00 
 3.91328000e-04  3.67070804e+00 
 3.91428000e-04  3.67119974e+00 
 3.91528000e-04  3.67168118e+00 
 3.91628000e-04  3.67215160e+00 
 3.91728000e-04  3.67261030e+00 
 3.91828000e-04  3.67305660e+00 
 3.91928000e-04  3.67348988e+00 
 3.92028000e-04  3.67390937e+00 
 3.92128000e-04  3.67431448e+00 
 3.92228000e-04  3.67470499e+00 
 3.92328000e-04  3.67508046e+00 
 3.92428000e-04  3.67544040e+00 
 3.92528000e-04  3.67578441e+00 
 3.92628000e-04  3.67611211e+00 
 3.92728000e-04  3.67642318e+00 
 3.92828000e-04  3.67671733e+00 
 3.92928000e-04  3.67699434e+00 
 3.93028000e-04  3.67725401e+00 
 3.93128000e-04  3.67749637e+00 
 3.93228000e-04  3.67772146e+00 
 3.93328000e-04  3.67792913e+00 
 3.93428000e-04  3.67811935e+00 
 3.93528000e-04  3.67829221e+00 
 3.93628000e-04  3.67844780e+00 
 3.93728000e-04  3.67858627e+00 
 3.93828000e-04  3.67870781e+00 
 3.93928000e-04  3.67881265e+00 
 3.94028000e-04  3.67890106e+00 
 3.94128000e-04  3.67897335e+00 
 3.94228000e-04  3.67902985e+00 
 3.94328000e-04  3.67907095e+00 
 3.94428000e-04  3.67909707e+00 
 3.94528000e-04  3.67910865e+00 
 3.94628000e-04  3.67910615e+00 
 3.94728000e-04  3.67909010e+00 
 3.94828000e-04  3.67906101e+00 
 3.94928000e-04  3.67901945e+00 
 3.95028000e-04  3.67896599e+00 
 3.95128000e-04  3.67890122e+00 
 3.95228000e-04  3.67882577e+00 
 3.95328000e-04  3.67874025e+00 
 3.95428000e-04  3.67864532e+00 
 3.95528000e-04  3.67854163e+00 
 3.95628000e-04  3.67842982e+00 
 3.95728000e-04  3.67831057e+00 
 3.95828000e-04  3.67818453e+00 
 3.95928000e-04  3.67805238e+00 
 3.96028000e-04  3.67791477e+00 
 3.96128000e-04  3.67777235e+00 
 3.96228000e-04  3.67762577e+00 
 3.96328000e-04  3.67747566e+00 
 3.96428000e-04  3.67732264e+00 
 3.96528000e-04  3.67716730e+00 
 3.96628000e-04  3.67701024e+00 
 3.96728000e-04  3.67685200e+00 
 3.96828000e-04  3.67669314e+00 
 3.96928000e-04  3.67653416e+00 
 3.97028000e-04  3.67637556e+00 
 3.97128000e-04  3.67621779e+00 
 3.97228000e-04  3.67606128e+00 
 3.97328000e-04  3.67590644e+00 
 3.97428000e-04  3.67575364e+00 
 3.97528000e-04  3.67560322e+00 
 3.97628000e-04  3.67545549e+00 
 3.97728000e-04  3.67531073e+00 
 3.97828000e-04  3.67516919e+00 
 3.97928000e-04  3.67503108e+00 
 3.98028000e-04  3.67489660e+00 
 3.98128000e-04  3.67476589e+00 
 3.98228000e-04  3.67463910e+00 
 3.98328000e-04  3.67451631e+00 
 3.98428000e-04  3.67439762e+00 
 3.98528000e-04  3.67428307e+00 
 3.98628000e-04  3.67417269e+00 
 3.98728000e-04  3.67406649e+00 
 3.98828000e-04  3.67396445e+00 
 3.98928000e-04  3.67386654e+00 
 3.99028000e-04  3.67377271e+00 
 3.99128000e-04  3.67368291e+00 
 3.99228000e-04  3.67359704e+00 
 3.99328000e-04  3.67351502e+00 
 3.99428000e-04  3.67343675e+00 
 3.99528000e-04  3.67336212e+00 
 3.99628000e-04  3.67329101e+00 
 3.99728000e-04  3.67322330e+00 
 3.99828000e-04  3.67315885e+00 
 3.99928000e-04  3.67309754e+00 
 4.00028000e-04  3.67303923e+00 
 4.00128000e-04  3.67298378e+00 
 4.00228000e-04  3.67293105e+00 
 4.00328000e-04  3.67288091e+00 
 4.00428000e-04  3.67283323e+00 
 4.00528000e-04  3.67278786e+00 
 4.00628000e-04  3.67274468e+00 
 4.00728000e-04  3.67270356e+00 
 4.00828000e-04  3.67266436e+00 
 4.00928000e-04  3.67262698e+00 
 4.01028000e-04  3.67259129e+00 
 4.01128000e-04  3.67255718e+00 
 4.01228000e-04  3.67252455e+00 
 4.01328000e-04  3.67249328e+00 
 4.01428000e-04  3.67246328e+00 
 4.01528000e-04  3.67243446e+00 
 4.01628000e-04  3.67240673e+00 
 4.01728000e-04  3.67238000e+00 
 4.01828000e-04  3.67235420e+00 
 4.01928000e-04  3.67232925e+00 
 4.02028000e-04  3.67230507e+00 
 4.02128000e-04  3.67228162e+00 
 4.02228000e-04  3.67225882e+00 
 4.02328000e-04  3.67223662e+00 
 4.02428000e-04  3.67221496e+00 
 4.02528000e-04  3.67219380e+00 
 4.02628000e-04  3.67217309e+00 
 4.02728000e-04  3.67215280e+00 
 4.02828000e-04  3.67213287e+00 
 4.02928000e-04  3.67211328e+00 
 4.03028000e-04  3.67209399e+00 
 4.03128000e-04  3.67207498e+00 
 4.03228000e-04  3.67205622e+00 
 4.03328000e-04  3.67203767e+00 
 4.03428000e-04  3.67201933e+00 
 4.03528000e-04  3.67200116e+00 
 4.03628000e-04  3.67198316e+00 
 4.03728000e-04  3.67196530e+00 
 4.03828000e-04  3.67194756e+00 
 4.03928000e-04  3.67192994e+00 
 4.04028000e-04  3.67191242e+00 
 4.04128000e-04  3.67189499e+00 
 4.04228000e-04  3.67187764e+00 
 4.04328000e-04  3.67186036e+00 
 4.04428000e-04  3.67184315e+00 
 4.04528000e-04  3.67182598e+00 
 4.04628000e-04  3.67180887e+00 
 4.04728000e-04  3.67179180e+00 
 4.04828000e-04  3.67177477e+00 
 4.04928000e-04  3.67175778e+00 
 4.05028000e-04  3.67174081e+00 
 4.05128000e-04  3.67172387e+00 
 4.05228000e-04  3.67170695e+00 
 4.05328000e-04  3.67169005e+00 
 4.05428000e-04  3.67167317e+00 
 4.05528000e-04  3.67165630e+00 
 4.05628000e-04  3.67163945e+00 
 4.05728000e-04  3.67162260e+00 
 4.05828000e-04  3.67160577e+00 
 4.05928000e-04  3.67158895e+00 
 4.06028000e-04  3.67157213e+00 
 4.06128000e-04  3.67155532e+00 
 4.06228000e-04  3.67153851e+00 
 4.06328000e-04  3.67152171e+00 
 4.06428000e-04  3.67150492e+00 
 4.06528000e-04  3.67148813e+00 
 4.06628000e-04  3.67147134e+00 
 4.06728000e-04  3.67145455e+00 
 4.06828000e-04  3.67143777e+00 
 4.06928000e-04  3.67142099e+00 
 4.07028000e-04  3.67140421e+00 
 4.07128000e-04  3.67138743e+00 
 4.07228000e-04  3.67137065e+00 
 4.07328000e-04  3.67135388e+00 
 4.07428000e-04  3.67133710e+00 
 4.07528000e-04  3.67132033e+00 
 4.07628000e-04  3.67130356e+00 
 4.07728000e-04  3.67128678e+00 
 4.07828000e-04  3.67127001e+00 
 4.07928000e-04  3.67125324e+00 
 4.08028000e-04  3.67123647e+00 
 4.08128000e-04  3.67121970e+00 
 4.08228000e-04  3.67120293e+00 
 4.08328000e-04  3.67118616e+00 
 4.08428000e-04  3.67116939e+00 
 4.08528000e-04  3.67115262e+00 
 4.08628000e-04  3.67113585e+00 
 4.08728000e-04  3.67111909e+00 
 4.08828000e-04  3.67110232e+00 
 4.08928000e-04  3.67108555e+00 
 4.09028000e-04  3.67106878e+00 
 4.09128000e-04  3.67105202e+00 
 4.09228000e-04  3.67103525e+00 
 4.09328000e-04  3.67101848e+00 
 4.09428000e-04  3.67100172e+00 
 4.09528000e-04  3.67098495e+00 
 4.09628000e-04  3.67096818e+00 
 4.09728000e-04  3.67095142e+00 
 4.09828000e-04  3.67093465e+00 
 4.09928000e-04  3.67091789e+00 
 4.10028000e-04  3.67090112e+00 
 4.10128000e-04  3.67088436e+00 
 4.10228000e-04  3.67086759e+00 
 4.10328000e-04  3.67085083e+00 
 4.10428000e-04  3.67083407e+00 
 4.10528000e-04  3.67081730e+00 
 4.10628000e-04  3.67080054e+00 
 4.10728000e-04  3.67078378e+00 
 4.10828000e-04  3.67076701e+00 
 4.10928000e-04  3.67075025e+00 
 4.11028000e-04  3.67073349e+00 
 4.11128000e-04  3.67071673e+00 
 4.11228000e-04  3.67069997e+00 
 4.11328000e-04  3.67068321e+00 
 4.11428000e-04  3.67066645e+00 
 4.11528000e-04  3.67064969e+00 
 4.11628000e-04  3.67063293e+00 
 4.11728000e-04  3.67061617e+00 
 4.11828000e-04  3.67059941e+00 
 4.11928000e-04  3.67058265e+00 
 4.12028000e-04  3.67056589e+00 
 4.12128000e-04  3.67054913e+00 
 4.12228000e-04  3.67053237e+00 
 4.12328000e-04  3.67051561e+00 
 4.12428000e-04  3.67049886e+00 
 4.12528000e-04  3.67048210e+00 
 4.12628000e-04  3.67046534e+00 
 4.12728000e-04  3.67044859e+00 
 4.12828000e-04  3.67043183e+00 
 4.12928000e-04  3.67041508e+00 
 4.13028000e-04  3.67039832e+00 
 4.13128000e-04  3.67038157e+00 
 4.13228000e-04  3.67036481e+00 
 4.13328000e-04  3.67034806e+00 
 4.13428000e-04  3.67033130e+00 
 4.13528000e-04  3.67031455e+00 
 4.13628000e-04  3.67029780e+00 
 4.13728000e-04  3.67028105e+00 
 4.13828000e-04  3.67026429e+00 
 4.13928000e-04  3.67024754e+00 
 4.14028000e-04  3.67023079e+00 
 4.14128000e-04  3.67021404e+00 
 4.14228000e-04  3.67019729e+00 
 4.14328000e-04  3.67018054e+00 
 4.14428000e-04  3.67016379e+00 
 4.14528000e-04  3.67014704e+00 
 4.14628000e-04  3.67013029e+00 
 4.14728000e-04  3.67011354e+00 
 4.14828000e-04  3.67009680e+00 
 4.14928000e-04  3.67008005e+00 
 4.15028000e-04  3.67006330e+00 
 4.15128000e-04  3.67004655e+00 
 4.15228000e-04  3.67002981e+00 
 4.15328000e-04  3.67001306e+00 
 4.15428000e-04  3.66999631e+00 
 4.15528000e-04  3.66997957e+00 
 4.15628000e-04  3.66996282e+00 
 4.15728000e-04  3.66994608e+00 
 4.15828000e-04  3.66992934e+00 
 4.15928000e-04  3.66991259e+00 
 4.16028000e-04  3.66989585e+00 
 4.16128000e-04  3.66987911e+00 
 4.16228000e-04  3.66986237e+00 
 4.16328000e-04  3.66984562e+00 
 4.16428000e-04  3.66982888e+00 
 4.16528000e-04  3.66981214e+00 
 4.16628000e-04  3.66979540e+00 
 4.16728000e-04  3.66977866e+00 
 4.16828000e-04  3.66976192e+00 
 4.16928000e-04  3.66974519e+00 
 4.17028000e-04  3.66972845e+00 
 4.17128000e-04  3.66971171e+00 
 4.17228000e-04  3.66969497e+00 
 4.17328000e-04  3.66967824e+00 
 4.17428000e-04  3.66966150e+00 
 4.17528000e-04  3.66964476e+00 
 4.17628000e-04  3.66962803e+00 
 4.17728000e-04  3.66961129e+00 
 4.17828000e-04  3.66959456e+00 
 4.17928000e-04  3.66957783e+00 
 4.18028000e-04  3.66956109e+00 
 4.18128000e-04  3.66954436e+00 
 4.18228000e-04  3.66952763e+00 
 4.18328000e-04  3.66951090e+00 
 4.18428000e-04  3.66949417e+00 
 4.18528000e-04  3.66947744e+00 
 4.18628000e-04  3.66946071e+00 
 4.18728000e-04  3.66944398e+00 
 4.18828000e-04  3.66942725e+00 
 4.18928000e-04  3.66941052e+00 
 4.19028000e-04  3.66939379e+00 
 4.19128000e-04  3.66937706e+00 
 4.19228000e-04  3.66936034e+00 
 4.19328000e-04  3.66934361e+00 
 4.19428000e-04  3.66932688e+00 
 4.19528000e-04  3.66931016e+00 
 4.19628000e-04  3.66929343e+00 
 4.19728000e-04  3.66927671e+00 
 4.19828000e-04  3.66925999e+00 
 4.19928000e-04  3.66924326e+00 
 4.20028000e-04  3.66922654e+00 
 4.20128000e-04  3.66920982e+00 
 4.20228000e-04  3.66919310e+00 
 4.20328000e-04  3.66917638e+00 
 4.20428000e-04  3.66915966e+00 
 4.20528000e-04  3.66914294e+00 
 4.20628000e-04  3.66912622e+00 
 4.20728000e-04  3.66910950e+00 
 4.20828000e-04  3.66909278e+00 
 4.20928000e-04  3.66907606e+00 
 4.21028000e-04  3.66905935e+00 
 4.21128000e-04  3.66904263e+00 
 4.21228000e-04  3.66902591e+00 
 4.21328000e-04  3.66900920e+00 
 4.21428000e-04  3.66899248e+00 
 4.21528000e-04  3.66897577e+00 
 4.21628000e-04  3.66895906e+00 
 4.21728000e-04  3.66894234e+00 
 4.21828000e-04  3.66892563e+00 
 4.21928000e-04  3.66890892e+00 
 4.22028000e-04  3.66889221e+00 
 4.22128000e-04  3.66887550e+00 
 4.22228000e-04  3.66885879e+00 
 4.22328000e-04  3.66884208e+00 
 4.22428000e-04  3.66882537e+00 
 4.22528000e-04  3.66880866e+00 
 4.22628000e-04  3.66879195e+00 
 4.22728000e-04  3.66877524e+00 
 4.22828000e-04  3.66875854e+00 
 4.22928000e-04  3.66874183e+00 
 4.23028000e-04  3.66872512e+00 
 4.23128000e-04  3.66870842e+00 
 4.23228000e-04  3.66869172e+00 
 4.23328000e-04  3.66867501e+00 
 4.23428000e-04  3.66865831e+00 
 4.23528000e-04  3.66864161e+00 
 4.23628000e-04  3.66862490e+00 
 4.23728000e-04  3.66860820e+00 
 4.23828000e-04  3.66859150e+00 
 4.23928000e-04  3.66857480e+00 
 4.24028000e-04  3.66855810e+00 
 4.24128000e-04  3.66854140e+00 
 4.24228000e-04  3.66852470e+00 
 4.24328000e-04  3.66850801e+00 
 4.24428000e-04  3.66849131e+00 
 4.24528000e-04  3.66847461e+00 
 4.24628000e-04  3.66845792e+00 
 4.24728000e-04  3.66844122e+00 
 4.24828000e-04  3.66842452e+00 
 4.24928000e-04  3.66840783e+00 
 4.25028000e-04  3.66839114e+00 
 4.25128000e-04  3.66837444e+00 
 4.25228000e-04  3.66835775e+00 
 4.25328000e-04  3.66834106e+00 
 4.25428000e-04  3.66832437e+00 
 4.25528000e-04  3.66830768e+00 
 4.25628000e-04  3.66829099e+00 
 4.25728000e-04  3.66827430e+00 
 4.25828000e-04  3.66825761e+00 
 4.25928000e-04  3.66824092e+00 
 4.26028000e-04  3.66822423e+00 
 4.26128000e-04  3.66820754e+00 
 4.26228000e-04  3.66819086e+00 
 4.26328000e-04  3.66817417e+00 
 4.26428000e-04  3.66815749e+00 
 4.26528000e-04  3.66814080e+00 
 4.26628000e-04  3.66812412e+00 
 4.26728000e-04  3.66810743e+00 
 4.26828000e-04  3.66809075e+00 
 4.26928000e-04  3.66807407e+00 
 4.27028000e-04  3.66805739e+00 
 4.27128000e-04  3.66804071e+00 
 4.27228000e-04  3.66802403e+00 
 4.27328000e-04  3.66800735e+00 
 4.27428000e-04  3.66799067e+00 
 4.27528000e-04  3.66797399e+00 
 4.27628000e-04  3.66795731e+00 
 4.27728000e-04  3.66794063e+00 
 4.27828000e-04  3.66792396e+00 
 4.27928000e-04  3.66790728e+00 
 4.28028000e-04  3.66789060e+00 
 4.28128000e-04  3.66787393e+00 
 4.28228000e-04  3.66785725e+00 
 4.28328000e-04  3.66784058e+00 
 4.28428000e-04  3.66782391e+00 
 4.28528000e-04  3.66780723e+00 
 4.28628000e-04  3.66779056e+00 
 4.28728000e-04  3.66777389e+00 
 4.28828000e-04  3.66775722e+00 
 4.28928000e-04  3.66774055e+00 
 4.29028000e-04  3.66772388e+00 
 4.29128000e-04  3.66770721e+00 
 4.29228000e-04  3.66769054e+00 
 4.29328000e-04  3.66767388e+00 
 4.29428000e-04  3.66765721e+00 
 4.29528000e-04  3.66764054e+00 
 4.29628000e-04  3.66762388e+00 
 4.29728000e-04  3.66760721e+00 
 4.29828000e-04  3.66759055e+00 
 4.29928000e-04  3.66757388e+00 
 4.30028000e-04  3.66755722e+00 
 4.30128000e-04  3.66754055e+00 
 4.30228000e-04  3.66752389e+00 
 4.30328000e-04  3.66750723e+00 
 4.30428000e-04  3.66749057e+00 
 4.30528000e-04  3.66747391e+00 
 4.30628000e-04  3.66745725e+00 
 4.30728000e-04  3.66744059e+00 
 4.30828000e-04  3.66742393e+00 
 4.30928000e-04  3.66740727e+00 
 4.31028000e-04  3.66739062e+00 
 4.31128000e-04  3.66737396e+00 
 4.31228000e-04  3.66735730e+00 
 4.31328000e-04  3.66734065e+00 
 4.31428000e-04  3.66732399e+00 
 4.31528000e-04  3.66730734e+00 
 4.31628000e-04  3.66729068e+00 
 4.31728000e-04  3.66727403e+00 
 4.31828000e-04  3.66725738e+00 
 4.31928000e-04  3.66724073e+00 
 4.32028000e-04  3.66722407e+00 
 4.32128000e-04  3.66720742e+00 
 4.32228000e-04  3.66719077e+00 
 4.32328000e-04  3.66717412e+00 
 4.32428000e-04  3.66715747e+00 
 4.32528000e-04  3.66714083e+00 
 4.32628000e-04  3.66712418e+00 
 4.32728000e-04  3.66710753e+00 
 4.32828000e-04  3.66709088e+00 
 4.32928000e-04  3.66707424e+00 
 4.33028000e-04  3.66705759e+00 
 4.33128000e-04  3.66704095e+00 
 4.33228000e-04  3.66702430e+00 
 4.33328000e-04  3.66700766e+00 
 4.33428000e-04  3.66699102e+00 
 4.33528000e-04  3.66697437e+00 
 4.33628000e-04  3.66695773e+00 
 4.33728000e-04  3.66694109e+00 
 4.33828000e-04  3.66692445e+00 
 4.33928000e-04  3.66690781e+00 
 4.34028000e-04  3.66689117e+00 
 4.34128000e-04  3.66687453e+00 
 4.34228000e-04  3.66685789e+00 
 4.34328000e-04  3.66684125e+00 
 4.34428000e-04  3.66682462e+00 
 4.34528000e-04  3.66680798e+00 
 4.34628000e-04  3.66679134e+00 
 4.34728000e-04  3.66677471e+00 
 4.34828000e-04  3.66675807e+00 
 4.34928000e-04  3.66674144e+00 
 4.35028000e-04  3.66672481e+00 
 4.35128000e-04  3.66670817e+00 
 4.35228000e-04  3.66669154e+00 
 4.35328000e-04  3.66667491e+00 
 4.35428000e-04  3.66665828e+00 
 4.35528000e-04  3.66664165e+00 
 4.35628000e-04  3.66662502e+00 
 4.35728000e-04  3.66660839e+00 
 4.35828000e-04  3.66659176e+00 
 4.35928000e-04  3.66657513e+00 
 4.36028000e-04  3.66655850e+00 
 4.36128000e-04  3.66654187e+00 
 4.36228000e-04  3.66652524e+00 
 4.36328000e-04  3.66650862e+00 
 4.36428000e-04  3.66649199e+00 
 4.36528000e-04  3.66647537e+00 
 4.36628000e-04  3.66645874e+00 
 4.36728000e-04  3.66644212e+00 
 4.36828000e-04  3.66642549e+00 
 4.36928000e-04  3.66640887e+00 
 4.37028000e-04  3.66639225e+00 
 4.37128000e-04  3.66637563e+00 
 4.37228000e-04  3.66635900e+00 
 4.37328000e-04  3.66634238e+00 
 4.37428000e-04  3.66632576e+00 
 4.37528000e-04  3.66630914e+00 
 4.37628000e-04  3.66629252e+00 
 4.37728000e-04  3.66627591e+00 
 4.37828000e-04  3.66625929e+00 
 4.37928000e-04  3.66624267e+00 
 4.38028000e-04  3.66622605e+00 
 4.38128000e-04  3.66620944e+00 
 4.38228000e-04  3.66619282e+00 
 4.38328000e-04  3.66617620e+00 
 4.38428000e-04  3.66615959e+00 
 4.38528000e-04  3.66614297e+00 
 4.38628000e-04  3.66612636e+00 
 4.38728000e-04  3.66610975e+00 
 4.38828000e-04  3.66609313e+00 
 4.38928000e-04  3.66607652e+00 
 4.39028000e-04  3.66605991e+00 
 4.39128000e-04  3.66604330e+00 
 4.39228000e-04  3.66602669e+00 
 4.39328000e-04  3.66601008e+00 
 4.39428000e-04  3.66599347e+00 
 4.39528000e-04  3.66597686e+00 
 4.39628000e-04  3.66596025e+00 
 4.39728000e-04  3.66594364e+00 
 4.39828000e-04  3.66592703e+00 
 4.39928000e-04  3.66591042e+00 
 4.40028000e-04  3.66589382e+00 
 4.40128000e-04  3.66587721e+00 
 4.40228000e-04  3.66586061e+00 
 4.40328000e-04  3.66584400e+00 
 4.40428000e-04  3.66582740e+00 
 4.40528000e-04  3.66581079e+00 
 4.40628000e-04  3.66579419e+00 
 4.40728000e-04  3.66577758e+00 
 4.40828000e-04  3.66576098e+00 
 4.40928000e-04  3.66574438e+00 
 4.41028000e-04  3.66572778e+00 
 4.41128000e-04  3.66571117e+00 
 4.41228000e-04  3.66569457e+00 
 4.41328000e-04  3.66567797e+00 
 4.41428000e-04  3.66566137e+00 
 4.41528000e-04  3.66564477e+00 
 4.41628000e-04  3.66562817e+00 
 4.41728000e-04  3.66561157e+00 
 4.41828000e-04  3.66559498e+00 
 4.41928000e-04  3.66557838e+00 
 4.42028000e-04  3.66556178e+00 
 4.42128000e-04  3.66554518e+00 
 4.42228000e-04  3.66552859e+00 
 4.42328000e-04  3.66551199e+00 
 4.42428000e-04  3.66549540e+00 
 4.42528000e-04  3.66547880e+00 
 4.42628000e-04  3.66546221e+00 
 4.42728000e-04  3.66544561e+00 
 4.42828000e-04  3.66542902e+00 
 4.42928000e-04  3.66541242e+00 
 4.43028000e-04  3.66539583e+00 
 4.43128000e-04  3.66537924e+00 
 4.43228000e-04  3.66536265e+00 
 4.43328000e-04  3.66534606e+00 
 4.43428000e-04  3.66532947e+00 
 4.43528000e-04  3.66531288e+00 
 4.43628000e-04  3.66529629e+00 
 4.43728000e-04  3.66527970e+00 
 4.43828000e-04  3.66526311e+00 
 4.43928000e-04  3.66524652e+00 
 4.44028000e-04  3.66522993e+00 
 4.44128000e-04  3.66521334e+00 
 4.44228000e-04  3.66519675e+00 
 4.44328000e-04  3.66518017e+00 
 4.44428000e-04  3.66516358e+00 
 4.44528000e-04  3.66514699e+00 
 4.44628000e-04  3.66513041e+00 
 4.44728000e-04  3.66511382e+00 
 4.44828000e-04  3.66509723e+00 
 4.44928000e-04  3.66508065e+00 
 4.45028000e-04  3.66506406e+00 
 4.45128000e-04  3.66504748e+00 
 4.45228000e-04  3.66503089e+00 
 4.45328000e-04  3.66501431e+00 
 4.45428000e-04  3.66499773e+00 
 4.45528000e-04  3.66498114e+00 
 4.45628000e-04  3.66496456e+00 
 4.45728000e-04  3.66494798e+00 
 4.45828000e-04  3.66493140e+00 
 4.45928000e-04  3.66491482e+00 
 4.46028000e-04  3.66489823e+00 
 4.46128000e-04  3.66488165e+00 
 4.46228000e-04  3.66486507e+00 
 4.46328000e-04  3.66484849e+00 
 4.46428000e-04  3.66483191e+00 
 4.46528000e-04  3.66481533e+00 
 4.46628000e-04  3.66479875e+00 
 4.46728000e-04  3.66478217e+00 
 4.46828000e-04  3.66476559e+00 
 4.46928000e-04  3.66474901e+00 
 4.47028000e-04  3.66473243e+00 
 4.47128000e-04  3.66471586e+00 
 4.47228000e-04  3.66469928e+00 
 4.47328000e-04  3.66468270e+00 
 4.47428000e-04  3.66466612e+00 
 4.47528000e-04  3.66464955e+00 
 4.47628000e-04  3.66463297e+00 
 4.47728000e-04  3.66461639e+00 
 4.47828000e-04  3.66459982e+00 
 4.47928000e-04  3.66458324e+00 
 4.48028000e-04  3.66456666e+00 
 4.48128000e-04  3.66455009e+00 
 4.48228000e-04  3.66453351e+00 
 4.48328000e-04  3.66451694e+00 
 4.48428000e-04  3.66450036e+00 
 4.48528000e-04  3.66448379e+00 
 4.48628000e-04  3.66446722e+00 
 4.48728000e-04  3.66445064e+00 
 4.48828000e-04  3.66443407e+00 
 4.48928000e-04  3.66441750e+00 
 4.49028000e-04  3.66440092e+00 
 4.49128000e-04  3.66438435e+00 
 4.49228000e-04  3.66436778e+00 
 4.49328000e-04  3.66435121e+00 
 4.49428000e-04  3.66433464e+00 
 4.49528000e-04  3.66431807e+00 
 4.49628000e-04  3.66430150e+00 
 4.49728000e-04  3.66428494e+00 
 4.49828000e-04  3.66426837e+00 
 4.49928000e-04  3.66425180e+00 
 4.50028000e-04  3.66423524e+00 
 4.50128000e-04  3.66421868e+00 
 4.50228000e-04  3.66420212e+00 
 4.50328000e-04  3.66418557e+00 
 4.50428000e-04  3.66416901e+00 
 4.50528000e-04  3.66415246e+00 
 4.50628000e-04  3.66413592e+00 
 4.50728000e-04  3.66411938e+00 
 4.50828000e-04  3.66410284e+00 
 4.50928000e-04  3.66408632e+00 
 4.51028000e-04  3.66406979e+00 
 4.51128000e-04  3.66405328e+00 
 4.51228000e-04  3.66403678e+00 
 4.51328000e-04  3.66402029e+00 
 4.51428000e-04  3.66400381e+00 
 4.51528000e-04  3.66398735e+00 
 4.51628000e-04  3.66397090e+00 
 4.51728000e-04  3.66395448e+00 
 4.51828000e-04  3.66393808e+00 
 4.51928000e-04  3.66392171e+00 
 4.52028000e-04  3.66390536e+00 
 4.52128000e-04  3.66388906e+00 
 4.52228000e-04  3.66387279e+00 
 4.52328000e-04  3.66385657e+00 
 4.52428000e-04  3.66384040e+00 
 4.52528000e-04  3.66382430e+00 
 4.52628000e-04  3.66380826e+00 
 4.52728000e-04  3.66379230e+00 
 4.52828000e-04  3.66377644e+00 
 4.52928000e-04  3.66376067e+00 
 4.53028000e-04  3.66374502e+00 
 4.53128000e-04  3.66372950e+00 
 4.53228000e-04  3.66371412e+00 
 4.53328000e-04  3.66369892e+00 
 4.53428000e-04  3.66368390e+00 
 4.53528000e-04  3.66366909e+00 
 4.53628000e-04  3.66365452e+00 
 4.53728000e-04  3.66364021e+00 
 4.53828000e-04  3.66362621e+00 
 4.53928000e-04  3.66361254e+00 
 4.54028000e-04  3.66359925e+00 
 4.54128000e-04  3.66358637e+00 
 4.54228000e-04  3.66357397e+00 
 4.54328000e-04  3.66356208e+00 
 4.54428000e-04  3.66355078e+00 
 4.54528000e-04  3.66354011e+00 
 4.54628000e-04  3.66353016e+00 
 4.54728000e-04  3.66352100e+00 
 4.54828000e-04  3.66351271e+00 
 4.54928000e-04  3.66350539e+00 
 4.55028000e-04  3.66349913e+00 
 4.55128000e-04  3.66349405e+00 
 4.55228000e-04  3.66349025e+00 
 4.55328000e-04  3.66348786e+00 
 4.55428000e-04  3.66348702e+00 
 4.55528000e-04  3.66348788e+00 
 4.55628000e-04  3.66349059e+00 
 4.55728000e-04  3.66349532e+00 
 4.55828000e-04  3.66350224e+00 
 4.55928000e-04  3.66351156e+00 
 4.56028000e-04  3.66352347e+00 
 4.56128000e-04  3.66353819e+00 
 4.56228000e-04  3.66355596e+00 
 4.56328000e-04  3.66357701e+00 
 4.56428000e-04  3.66360160e+00 
 4.56528000e-04  3.66363000e+00 
 4.56628000e-04  3.66366250e+00 
 4.56728000e-04  3.66369938e+00 
 4.56828000e-04  3.66374097e+00 
 4.56928000e-04  3.66378757e+00 
 4.57028000e-04  3.66383952e+00 
 4.57128000e-04  3.66389716e+00 
 4.57228000e-04  3.66396084e+00 
 4.57328000e-04  3.66403094e+00 
 4.57428000e-04  3.66410780e+00 
 4.57528000e-04  3.66419182e+00 
 4.57628000e-04  3.66428337e+00 
 4.57728000e-04  3.66438283e+00 
 4.57828000e-04  3.66449058e+00 
 4.57928000e-04  3.66460701e+00 
 4.58028000e-04  3.66473250e+00 
 4.58128000e-04  3.66486741e+00 
 4.58228000e-04  3.66501212e+00 
 4.58328000e-04  3.66516696e+00 
 4.58428000e-04  3.66533229e+00 
 4.58528000e-04  3.66550842e+00 
 4.58628000e-04  3.66569565e+00 
 4.58728000e-04  3.66589426e+00 
 4.58828000e-04  3.66610451e+00 
 4.58928000e-04  3.66632661e+00 
 4.59028000e-04  3.66656076e+00 
 4.59128000e-04  3.66680711e+00 
 4.59228000e-04  3.66706579e+00 
 4.59328000e-04  3.66733687e+00 
 4.59428000e-04  3.66762040e+00 
 4.59528000e-04  3.66791637e+00 
 4.59628000e-04  3.66822473e+00 
 4.59728000e-04  3.66854538e+00 
 4.59828000e-04  3.66887818e+00 
 4.59928000e-04  3.66922294e+00 
 4.60028000e-04  3.66957941e+00 
 4.60128000e-04  3.66994730e+00 
 4.60228000e-04  3.67032628e+00 
 4.60328000e-04  3.67071595e+00 
 4.60428000e-04  3.67111589e+00 
 4.60528000e-04  3.67152559e+00 
 4.60628000e-04  3.67194456e+00 
 4.60728000e-04  3.67237220e+00 
 4.60828000e-04  3.67280792e+00 
 4.60928000e-04  3.67325107e+00 
 4.61028000e-04  3.67370096e+00 
 4.61128000e-04  3.67415689e+00 
 4.61228000e-04  3.67461812e+00 
 4.61328000e-04  3.67508386e+00 
 4.61428000e-04  3.67555334e+00 
 4.61528000e-04  3.67602575e+00 
 4.61628000e-04  3.67650026e+00 
 4.61728000e-04  3.67697603e+00 
 4.61828000e-04  3.67745222e+00 
 4.61928000e-04  3.67792798e+00 
 4.62028000e-04  3.67840246e+00 
 4.62128000e-04  3.67887481e+00 
 4.62228000e-04  3.67934418e+00 
 4.62328000e-04  3.67980974e+00 
 4.62428000e-04  3.68027067e+00 
 4.62528000e-04  3.68072615e+00 
 4.62628000e-04  3.68117539e+00 
 4.62728000e-04  3.68161762e+00 
 4.62828000e-04  3.68205208e+00 
 4.62928000e-04  3.68247806e+00 
 4.63028000e-04  3.68289486e+00 
 4.63128000e-04  3.68330180e+00 
 4.63228000e-04  3.68369825e+00 
 4.63328000e-04  3.68408360e+00 
 4.63428000e-04  3.68445728e+00 
 4.63528000e-04  3.68481860e+00 
 4.63628000e-04  3.68516707e+00 
 4.63728000e-04  3.68550246e+00 
 4.63828000e-04  3.68582438e+00 
 4.63928000e-04  3.68613238e+00 
 4.64028000e-04  3.68642611e+00 
 4.64128000e-04  3.68670525e+00 
 4.64228000e-04  3.68696950e+00 
 4.64328000e-04  3.68721862e+00 
 4.64428000e-04  3.68745241e+00 
 4.64528000e-04  3.68767085e+00 
 4.64628000e-04  3.68787391e+00 
 4.64728000e-04  3.68806146e+00 
 4.64828000e-04  3.68823347e+00 
 4.64928000e-04  3.68838999e+00 
 4.65028000e-04  3.68853108e+00 
 4.65128000e-04  3.68865687e+00 
 4.65228000e-04  3.68876751e+00 
 4.65328000e-04  3.68886319e+00 
 4.65428000e-04  3.68894413e+00 
 4.65528000e-04  3.68901061e+00 
 4.65628000e-04  3.68906292e+00 
 4.65728000e-04  3.68910140e+00 
 4.65828000e-04  3.68912640e+00 
 4.65928000e-04  3.68913834e+00 
 4.66028000e-04  3.68913762e+00 
 4.66128000e-04  3.68912470e+00 
 4.66228000e-04  3.68910005e+00 
 4.66328000e-04  3.68906417e+00 
 4.66428000e-04  3.68901758e+00 
 4.66528000e-04  3.68896081e+00 
 4.66628000e-04  3.68889441e+00 
 4.66728000e-04  3.68881896e+00 
 4.66828000e-04  3.68873501e+00 
 4.66928000e-04  3.68864317e+00 
 4.67028000e-04  3.68854403e+00 
 4.67128000e-04  3.68843817e+00 
 4.67228000e-04  3.68832619e+00 
 4.67328000e-04  3.68820870e+00 
 4.67428000e-04  3.68808628e+00 
 4.67528000e-04  3.68795951e+00 
 4.67628000e-04  3.68782898e+00 
 4.67728000e-04  3.68769525e+00 
 4.67828000e-04  3.68755887e+00 
 4.67928000e-04  3.68742039e+00 
 4.68028000e-04  3.68728031e+00 
 4.68128000e-04  3.68713915e+00 
 4.68228000e-04  3.68699739e+00 
 4.68328000e-04  3.68685547e+00 
 4.68428000e-04  3.68671384e+00 
 4.68528000e-04  3.68657291e+00 
 4.68628000e-04  3.68643307e+00 
 4.68728000e-04  3.68629466e+00 
 4.68828000e-04  3.68615802e+00 
 4.68928000e-04  3.68602345e+00 
 4.69028000e-04  3.68589123e+00 
 4.69128000e-04  3.68576161e+00 
 4.69228000e-04  3.68563481e+00 
 4.69328000e-04  3.68551101e+00 
 4.69428000e-04  3.68539039e+00 
 4.69528000e-04  3.68527308e+00 
 4.69628000e-04  3.68515920e+00 
 4.69728000e-04  3.68504885e+00 
 4.69828000e-04  3.68494209e+00 
 4.69928000e-04  3.68483897e+00 
 4.70028000e-04  3.68473951e+00 
 4.70128000e-04  3.68464372e+00 
 4.70228000e-04  3.68455160e+00 
 4.70328000e-04  3.68446310e+00 
 4.70428000e-04  3.68437820e+00 
 4.70528000e-04  3.68429683e+00 
 4.70628000e-04  3.68421892e+00 
 4.70728000e-04  3.68414441e+00 
 4.70828000e-04  3.68407320e+00 
 4.70928000e-04  3.68400519e+00 
 4.71028000e-04  3.68394028e+00 
 4.71128000e-04  3.68387836e+00 
 4.71228000e-04  3.68381932e+00 
 4.71328000e-04  3.68376305e+00 
 4.71428000e-04  3.68370942e+00 
 4.71528000e-04  3.68365832e+00 
 4.71628000e-04  3.68360962e+00 
 4.71728000e-04  3.68356321e+00 
 4.71828000e-04  3.68351896e+00 
 4.71928000e-04  3.68347676e+00 
 4.72028000e-04  3.68343650e+00 
 4.72128000e-04  3.68339805e+00 
 4.72228000e-04  3.68336131e+00 
 4.72328000e-04  3.68332617e+00 
 4.72428000e-04  3.68329253e+00 
 4.72528000e-04  3.68326029e+00 
 4.72628000e-04  3.68322936e+00 
 4.72728000e-04  3.68319964e+00 
 4.72828000e-04  3.68317104e+00 
 4.72928000e-04  3.68314349e+00 
 4.73028000e-04  3.68311690e+00 
 4.73128000e-04  3.68309121e+00 
 4.73228000e-04  3.68306634e+00 
 4.73328000e-04  3.68304222e+00 
 4.73428000e-04  3.68301880e+00 
 4.73528000e-04  3.68299601e+00 
 4.73628000e-04  3.68297381e+00 
 4.73728000e-04  3.68295214e+00 
 4.73828000e-04  3.68293095e+00 
 4.73928000e-04  3.68291021e+00 
 4.74028000e-04  3.68288987e+00 
 4.74128000e-04  3.68286989e+00 
 4.74228000e-04  3.68285025e+00 
 4.74328000e-04  3.68283091e+00 
 4.74428000e-04  3.68281184e+00 
 4.74528000e-04  3.68279301e+00 
 4.74628000e-04  3.68277440e+00 
 4.74728000e-04  3.68275599e+00 
 4.74828000e-04  3.68273776e+00 
 4.74928000e-04  3.68271969e+00 
 4.75028000e-04  3.68270177e+00 
 4.75128000e-04  3.68268397e+00 
 4.75228000e-04  3.68266628e+00 
 4.75328000e-04  3.68264870e+00 
 4.75428000e-04  3.68263121e+00 
 4.75528000e-04  3.68261379e+00 
 4.75628000e-04  3.68259645e+00 
 4.75728000e-04  3.68257918e+00 
 4.75828000e-04  3.68256196e+00 
 4.75928000e-04  3.68254479e+00 
 4.76028000e-04  3.68252766e+00 
 4.76128000e-04  3.68251057e+00 
 4.76228000e-04  3.68249352e+00 
 4.76328000e-04  3.68247650e+00 
 4.76428000e-04  3.68245950e+00 
 4.76528000e-04  3.68244253e+00 
 4.76628000e-04  3.68242558e+00 
 4.76728000e-04  3.68240864e+00 
 4.76828000e-04  3.68239172e+00 
 4.76928000e-04  3.68237481e+00 
 4.77028000e-04  3.68235792e+00 
 4.77128000e-04  3.68234104e+00 
 4.77228000e-04  3.68232416e+00 
 4.77328000e-04  3.68230729e+00 
 4.77428000e-04  3.68229043e+00 
 4.77528000e-04  3.68227358e+00 
 4.77628000e-04  3.68225673e+00 
 4.77728000e-04  3.68223988e+00 
 4.77828000e-04  3.68222304e+00 
 4.77928000e-04  3.68220620e+00 
 4.78028000e-04  3.68218937e+00 
 4.78128000e-04  3.68217253e+00 
 4.78228000e-04  3.68215570e+00 
 4.78328000e-04  3.68213888e+00 
 4.78428000e-04  3.68212205e+00 
 4.78528000e-04  3.68210522e+00 
 4.78628000e-04  3.68208840e+00 
 4.78728000e-04  3.68207157e+00 
 4.78828000e-04  3.68205475e+00 
 4.78928000e-04  3.68203793e+00 
 4.79028000e-04  3.68202111e+00 
 4.79128000e-04  3.68200429e+00 
 4.79228000e-04  3.68198747e+00 
 4.79328000e-04  3.68197065e+00 
 4.79428000e-04  3.68195383e+00 
 4.79528000e-04  3.68193701e+00 
 4.79628000e-04  3.68192019e+00 
 4.79728000e-04  3.68190338e+00 
 4.79828000e-04  3.68188656e+00 
 4.79928000e-04  3.68186974e+00 
 4.80028000e-04  3.68185292e+00 
 4.80128000e-04  3.68183611e+00 
 4.80228000e-04  3.68181929e+00 
 4.80328000e-04  3.68180248e+00 
 4.80428000e-04  3.68178566e+00 
 4.80528000e-04  3.68176884e+00 
 4.80628000e-04  3.68175203e+00 
 4.80728000e-04  3.68173521e+00 
 4.80828000e-04  3.68171840e+00 
 4.80928000e-04  3.68170158e+00 
 4.81028000e-04  3.68168477e+00 
 4.81128000e-04  3.68166796e+00 
 4.81228000e-04  3.68165114e+00 
 4.81328000e-04  3.68163433e+00 
 4.81428000e-04  3.68161752e+00 
 4.81528000e-04  3.68160070e+00 
 4.81628000e-04  3.68158389e+00 
 4.81728000e-04  3.68156708e+00 
 4.81828000e-04  3.68155026e+00 
 4.81928000e-04  3.68153345e+00 
 4.82028000e-04  3.68151664e+00 
 4.82128000e-04  3.68149983e+00 
 4.82228000e-04  3.68148302e+00 
 4.82328000e-04  3.68146621e+00 
 4.82428000e-04  3.68144940e+00 
 4.82528000e-04  3.68143259e+00 
 4.82628000e-04  3.68141578e+00 
 4.82728000e-04  3.68139897e+00 
 4.82828000e-04  3.68138216e+00 
 4.82928000e-04  3.68136535e+00 
 4.83028000e-04  3.68134854e+00 
 4.83128000e-04  3.68133173e+00 
 4.83228000e-04  3.68131493e+00 
 4.83328000e-04  3.68129812e+00 
 4.83428000e-04  3.68128131e+00 
 4.83528000e-04  3.68126450e+00 
 4.83628000e-04  3.68124770e+00 
 4.83728000e-04  3.68123089e+00 
 4.83828000e-04  3.68121409e+00 
 4.83928000e-04  3.68119728e+00 
 4.84028000e-04  3.68118047e+00 
 4.84128000e-04  3.68116367e+00 
 4.84228000e-04  3.68114687e+00 
 4.84328000e-04  3.68113006e+00 
 4.84428000e-04  3.68111326e+00 
 4.84528000e-04  3.68109645e+00 
 4.84628000e-04  3.68107965e+00 
 4.84728000e-04  3.68106285e+00 
 4.84828000e-04  3.68104605e+00 
 4.84928000e-04  3.68102925e+00 
 4.85028000e-04  3.68101244e+00 
 4.85128000e-04  3.68099564e+00 
 4.85228000e-04  3.68097884e+00 
 4.85328000e-04  3.68096204e+00 
 4.85428000e-04  3.68094524e+00 
 4.85528000e-04  3.68092844e+00 
 4.85628000e-04  3.68091164e+00 
 4.85728000e-04  3.68089485e+00 
 4.85828000e-04  3.68087805e+00 
 4.85928000e-04  3.68086125e+00 
 4.86028000e-04  3.68084445e+00 
 4.86128000e-04  3.68082765e+00 
 4.86228000e-04  3.68081086e+00 
 4.86328000e-04  3.68079406e+00 
 4.86428000e-04  3.68077727e+00 
 4.86528000e-04  3.68076047e+00 
 4.86628000e-04  3.68074367e+00 
 4.86728000e-04  3.68072688e+00 
 4.86828000e-04  3.68071009e+00 
 4.86928000e-04  3.68069329e+00 
 4.87028000e-04  3.68067650e+00 
 4.87128000e-04  3.68065971e+00 
 4.87228000e-04  3.68064291e+00 
 4.87328000e-04  3.68062612e+00 
 4.87428000e-04  3.68060933e+00 
 4.87528000e-04  3.68059254e+00 
 4.87628000e-04  3.68057575e+00 
 4.87728000e-04  3.68055896e+00 
 4.87828000e-04  3.68054217e+00 
 4.87928000e-04  3.68052538e+00 
 4.88028000e-04  3.68050859e+00 
 4.88128000e-04  3.68049180e+00 
 4.88228000e-04  3.68047501e+00 
 4.88328000e-04  3.68045823e+00 
 4.88428000e-04  3.68044144e+00 
 4.88528000e-04  3.68042465e+00 
 4.88628000e-04  3.68040787e+00 
 4.88728000e-04  3.68039108e+00 
 4.88828000e-04  3.68037430e+00 
 4.88928000e-04  3.68035751e+00 
 4.89028000e-04  3.68034073e+00 
 4.89128000e-04  3.68032395e+00 
 4.89228000e-04  3.68030716e+00 
 4.89328000e-04  3.68029038e+00 
 4.89428000e-04  3.68027360e+00 
 4.89528000e-04  3.68025682e+00 
 4.89628000e-04  3.68024004e+00 
 4.89728000e-04  3.68022326e+00 
 4.89828000e-04  3.68020648e+00 
 4.89928000e-04  3.68018970e+00 
 4.90028000e-04  3.68017292e+00 
 4.90128000e-04  3.68015614e+00 
 4.90228000e-04  3.68013936e+00 
 4.90328000e-04  3.68012259e+00 
 4.90428000e-04  3.68010581e+00 
 4.90528000e-04  3.68008903e+00 
 4.90628000e-04  3.68007226e+00 
 4.90728000e-04  3.68005548e+00 
 4.90828000e-04  3.68003871e+00 
 4.90928000e-04  3.68002194e+00 
 4.91028000e-04  3.68000516e+00 
 4.91128000e-04  3.67998839e+00 
 4.91228000e-04  3.67997162e+00 
 4.91328000e-04  3.67995484e+00 
 4.91428000e-04  3.67993807e+00 
 4.91528000e-04  3.67992130e+00 
 4.91628000e-04  3.67990453e+00 
 4.91728000e-04  3.67988776e+00 
 4.91828000e-04  3.67987099e+00 
 4.91928000e-04  3.67985423e+00 
 4.92028000e-04  3.67983746e+00 
 4.92128000e-04  3.67982069e+00 
 4.92228000e-04  3.67980392e+00 
 4.92328000e-04  3.67978716e+00 
 4.92428000e-04  3.67977039e+00 
 4.92528000e-04  3.67975363e+00 
 4.92628000e-04  3.67973686e+00 
 4.92728000e-04  3.67972010e+00 
 4.92828000e-04  3.67970333e+00 
 4.92928000e-04  3.67968657e+00 
 4.93028000e-04  3.67966981e+00 
 4.93128000e-04  3.67965305e+00 
 4.93228000e-04  3.67963629e+00 
 4.93328000e-04  3.67961952e+00 
 4.93428000e-04  3.67960276e+00 
 4.93528000e-04  3.67958601e+00 
 4.93628000e-04  3.67956925e+00 
 4.93728000e-04  3.67955249e+00 
 4.93828000e-04  3.67953573e+00 
 4.93928000e-04  3.67951897e+00 
 4.94028000e-04  3.67950222e+00 
 4.94128000e-04  3.67948546e+00 
 4.94228000e-04  3.67946870e+00 
 4.94328000e-04  3.67945195e+00 
 4.94428000e-04  3.67943520e+00 
 4.94528000e-04  3.67941844e+00 
 4.94628000e-04  3.67940169e+00 
 4.94728000e-04  3.67938494e+00 
 4.94828000e-04  3.67936818e+00 
 4.94928000e-04  3.67935143e+00 
 4.95028000e-04  3.67933468e+00 
 4.95128000e-04  3.67931793e+00 
 4.95228000e-04  3.67930118e+00 
 4.95328000e-04  3.67928443e+00 
 4.95428000e-04  3.67926768e+00 
 4.95528000e-04  3.67925094e+00 
 4.95628000e-04  3.67923419e+00 
 4.95728000e-04  3.67921744e+00 
 4.95828000e-04  3.67920070e+00 
 4.95928000e-04  3.67918395e+00 
 4.96028000e-04  3.67916721e+00 
 4.96128000e-04  3.67915046e+00 
 4.96228000e-04  3.67913372e+00 
 4.96328000e-04  3.67911697e+00 
 4.96428000e-04  3.67910023e+00 
 4.96528000e-04  3.67908349e+00 
 4.96628000e-04  3.67906675e+00 
 4.96728000e-04  3.67905001e+00 
 4.96828000e-04  3.67903327e+00 
 4.96928000e-04  3.67901653e+00 
 4.97028000e-04  3.67899979e+00 
 4.97128000e-04  3.67898305e+00 
 4.97228000e-04  3.67896631e+00 
 4.97328000e-04  3.67894958e+00 
 4.97428000e-04  3.67893284e+00 
 4.97528000e-04  3.67891610e+00 
 4.97628000e-04  3.67889937e+00 
 4.97728000e-04  3.67888263e+00 
 4.97828000e-04  3.67886590e+00 
 4.97928000e-04  3.67884917e+00 
 4.98028000e-04  3.67883243e+00 
 4.98128000e-04  3.67881570e+00 
 4.98228000e-04  3.67879897e+00 
 4.98328000e-04  3.67878224e+00 
 4.98428000e-04  3.67876551e+00 
 4.98528000e-04  3.67874878e+00 
 4.98628000e-04  3.67873205e+00 
 4.98728000e-04  3.67871532e+00 
 4.98828000e-04  3.67869859e+00 
 4.98928000e-04  3.67868186e+00 
 4.99028000e-04  3.67866514e+00 
 4.99128000e-04  3.67864841e+00 
 4.99228000e-04  3.67863168e+00 
 4.99328000e-04  3.67861496e+00 
 4.99428000e-04  3.67859823e+00 
 4.99528000e-04  3.67858151e+00 
 4.99628000e-04  3.67856479e+00 
 4.99728000e-04  3.67854807e+00 
 4.99828000e-04  3.67853134e+00 
 4.99928000e-04  3.67851462e+00 
 5.00028000e-04  3.67849790e+00 
 5.00128000e-04  3.67848118e+00 
 5.00228000e-04  3.67846446e+00 
 5.00328000e-04  3.67844774e+00 
 5.00428000e-04  3.67843102e+00 
 5.00528000e-04  3.67841431e+00 
 5.00628000e-04  3.67839759e+00 
 5.00728000e-04  3.67838087e+00 
 5.00828000e-04  3.67836416e+00 
 5.00928000e-04  3.67834744e+00 
 5.01028000e-04  3.67833073e+00 
 5.01128000e-04  3.67831401e+00 
 5.01228000e-04  3.67829730e+00 
 5.01328000e-04  3.67828059e+00 
 5.01428000e-04  3.67826387e+00 
 5.01528000e-04  3.67824716e+00 
 5.01628000e-04  3.67823045e+00 
 5.01728000e-04  3.67821374e+00 
 5.01828000e-04  3.67819703e+00 
 5.01928000e-04  3.67818032e+00 
 5.02028000e-04  3.67816361e+00 
 5.02128000e-04  3.67814690e+00 
 5.02228000e-04  3.67813020e+00 
 5.02328000e-04  3.67811349e+00 
 5.02428000e-04  3.67809678e+00 
 5.02528000e-04  3.67808008e+00 
 5.02628000e-04  3.67806337e+00 
 5.02728000e-04  3.67804667e+00 
 5.02828000e-04  3.67802996e+00 
 5.02928000e-04  3.67801326e+00 
 5.03028000e-04  3.67799656e+00 
 5.03128000e-04  3.67797986e+00 
 5.03228000e-04  3.67796315e+00 
 5.03328000e-04  3.67794645e+00 
 5.03428000e-04  3.67792975e+00 
 5.03528000e-04  3.67791305e+00 
 5.03628000e-04  3.67789635e+00 
 5.03728000e-04  3.67787966e+00 
 5.03828000e-04  3.67786296e+00 
 5.03928000e-04  3.67784626e+00 
 5.04028000e-04  3.67782956e+00 
 5.04128000e-04  3.67781287e+00 
 5.04228000e-04  3.67779617e+00 
 5.04328000e-04  3.67777948e+00 
 5.04428000e-04  3.67776278e+00 
 5.04528000e-04  3.67774609e+00 
 5.04628000e-04  3.67772940e+00 
 5.04728000e-04  3.67771270e+00 
 5.04828000e-04  3.67769601e+00 
 5.04928000e-04  3.67767932e+00 
 5.05028000e-04  3.67766263e+00 
 5.05128000e-04  3.67764594e+00 
 5.05228000e-04  3.67762925e+00 
 5.05328000e-04  3.67761256e+00 
 5.05428000e-04  3.67759587e+00 
 5.05528000e-04  3.67757918e+00 
 5.05628000e-04  3.67756250e+00 
 5.05728000e-04  3.67754581e+00 
 5.05828000e-04  3.67752912e+00 
 5.05928000e-04  3.67751244e+00 
 5.06028000e-04  3.67749575e+00 
 5.06128000e-04  3.67747907e+00 
 5.06228000e-04  3.67746238e+00 
 5.06328000e-04  3.67744570e+00 
 5.06428000e-04  3.67742902e+00 
 5.06528000e-04  3.67741234e+00 
 5.06628000e-04  3.67739565e+00 
 5.06728000e-04  3.67737897e+00 
 5.06828000e-04  3.67736229e+00 
 5.06928000e-04  3.67734561e+00 
 5.07028000e-04  3.67732893e+00 
 5.07128000e-04  3.67731226e+00 
 5.07228000e-04  3.67729558e+00 
 5.07328000e-04  3.67727890e+00 
 5.07428000e-04  3.67726222e+00 
 5.07528000e-04  3.67724555e+00 
 5.07628000e-04  3.67722887e+00 
 5.07728000e-04  3.67721219e+00 
 5.07828000e-04  3.67719552e+00 
 5.07928000e-04  3.67717885e+00 
 5.08028000e-04  3.67716217e+00 
 5.08128000e-04  3.67714550e+00 
 5.08228000e-04  3.67712883e+00 
 5.08328000e-04  3.67711215e+00 
 5.08428000e-04  3.67709548e+00 
 5.08528000e-04  3.67707881e+00 
 5.08628000e-04  3.67706214e+00 
 5.08728000e-04  3.67704547e+00 
 5.08828000e-04  3.67702880e+00 
 5.08928000e-04  3.67701213e+00 
 5.09028000e-04  3.67699547e+00 
 5.09128000e-04  3.67697880e+00 
 5.09228000e-04  3.67696213e+00 
 5.09328000e-04  3.67694546e+00 
 5.09428000e-04  3.67692880e+00 
 5.09528000e-04  3.67691213e+00 
 5.09628000e-04  3.67689547e+00 
 5.09728000e-04  3.67687880e+00 
 5.09828000e-04  3.67686214e+00 
 5.09928000e-04  3.67684547e+00 
 5.10028000e-04  3.67682881e+00 
 5.10128000e-04  3.67681215e+00 
 5.10228000e-04  3.67679549e+00 
 5.10328000e-04  3.67677883e+00 
 5.10428000e-04  3.67676217e+00 
 5.10528000e-04  3.67674551e+00 
 5.10628000e-04  3.67672885e+00 
 5.10728000e-04  3.67671219e+00 
 5.10828000e-04  3.67669553e+00 
 5.10928000e-04  3.67667887e+00 
 5.11028000e-04  3.67666221e+00 
 5.11128000e-04  3.67664555e+00 
 5.11228000e-04  3.67662890e+00 
 5.11328000e-04  3.67661224e+00 
 5.11428000e-04  3.67659558e+00 
 5.11528000e-04  3.67657893e+00 
 5.11628000e-04  3.67656227e+00 
 5.11728000e-04  3.67654562e+00 
 5.11828000e-04  3.67652897e+00 
 5.11928000e-04  3.67651231e+00 
 5.12028000e-04  3.67649566e+00 
 5.12128000e-04  3.67647901e+00 
 5.12228000e-04  3.67646236e+00 
 5.12328000e-04  3.67644570e+00 
 5.12428000e-04  3.67642905e+00 
 5.12528000e-04  3.67641240e+00 
 5.12628000e-04  3.67639575e+00 
 5.12728000e-04  3.67637910e+00 
 5.12828000e-04  3.67636245e+00 
 5.12928000e-04  3.67634581e+00 
 5.13028000e-04  3.67632916e+00 
 5.13128000e-04  3.67631251e+00 
 5.13228000e-04  3.67629586e+00 
 5.13328000e-04  3.67627922e+00 
 5.13428000e-04  3.67626257e+00 
 5.13528000e-04  3.67624592e+00 
 5.13628000e-04  3.67622928e+00 
 5.13728000e-04  3.67621263e+00 
 5.13828000e-04  3.67619599e+00 
 5.13928000e-04  3.67617934e+00 
 5.14028000e-04  3.67616270e+00 
 5.14128000e-04  3.67614606e+00 
 5.14228000e-04  3.67612941e+00 
 5.14328000e-04  3.67611277e+00 
 5.14428000e-04  3.67609613e+00 
 5.14528000e-04  3.67607949e+00 
 5.14628000e-04  3.67606285e+00 
 5.14728000e-04  3.67604621e+00 
 5.14828000e-04  3.67602957e+00 
 5.14928000e-04  3.67601293e+00 
 5.15028000e-04  3.67599629e+00 
 5.15128000e-04  3.67597965e+00 
 5.15228000e-04  3.67596301e+00 
 5.15328000e-04  3.67594637e+00 
 5.15428000e-04  3.67592974e+00 
 5.15528000e-04  3.67591310e+00 
 5.15628000e-04  3.67589646e+00 
 5.15728000e-04  3.67587983e+00 
 5.15828000e-04  3.67586319e+00 
 5.15928000e-04  3.67584656e+00 
 5.16028000e-04  3.67582992e+00 
 5.16128000e-04  3.67581328e+00 
 5.16228000e-04  3.67579665e+00 
 5.16328000e-04  3.67578002e+00 
 5.16428000e-04  3.67576338e+00 
 5.16528000e-04  3.67574675e+00 
 5.16628000e-04  3.67573012e+00 
 5.16728000e-04  3.67571348e+00 
 5.16828000e-04  3.67569685e+00 
 5.16928000e-04  3.67568022e+00 
 5.17028000e-04  3.67566359e+00 
 5.17128000e-04  3.67564696e+00 
 5.17228000e-04  3.67563032e+00 
 5.17328000e-04  3.67561369e+00 
 5.17428000e-04  3.67559706e+00 
 5.17528000e-04  3.67558043e+00 
 5.17628000e-04  3.67556380e+00 
 5.17728000e-04  3.67554717e+00 
 5.17828000e-04  3.67553054e+00 
 5.17928000e-04  3.67551391e+00 
 5.18028000e-04  3.67549729e+00 
 5.18128000e-04  3.67548066e+00 
 5.18228000e-04  3.67546403e+00 
 5.18328000e-04  3.67544740e+00 
 5.18428000e-04  3.67543077e+00 
 5.18528000e-04  3.67541415e+00 
 5.18628000e-04  3.67539752e+00 
 5.18728000e-04  3.67538089e+00 
 5.18828000e-04  3.67536427e+00 
 5.18928000e-04  3.67534764e+00 
 5.19028000e-04  3.67533101e+00 
 5.19128000e-04  3.67531439e+00 
 5.19228000e-04  3.67529776e+00 
 5.19328000e-04  3.67528114e+00 
 5.19428000e-04  3.67526451e+00 
 5.19528000e-04  3.67524789e+00 
 5.19628000e-04  3.67523126e+00 
 5.19728000e-04  3.67521464e+00 
 5.19828000e-04  3.67519802e+00 
 5.19928000e-04  3.67518139e+00 
 5.20028000e-04  3.67516477e+00 
 5.20128000e-04  3.67514815e+00 
 5.20228000e-04  3.67513152e+00 
 5.20328000e-04  3.67511490e+00 
 5.20428000e-04  3.67509828e+00 
 5.20528000e-04  3.67508166e+00 
 5.20628000e-04  3.67506504e+00 
 5.20728000e-04  3.67504842e+00 
 5.20828000e-04  3.67503180e+00 
 5.20928000e-04  3.67501518e+00 
 5.21028000e-04  3.67499856e+00 
 5.21128000e-04  3.67498194e+00 
 5.21228000e-04  3.67496533e+00 
 5.21328000e-04  3.67494871e+00 
 5.21428000e-04  3.67493210e+00 
 5.21528000e-04  3.67491549e+00 
 5.21628000e-04  3.67489888e+00 
 5.21728000e-04  3.67488227e+00 
 5.21828000e-04  3.67486567e+00 
 5.21928000e-04  3.67484906e+00 
 5.22028000e-04  3.67483246e+00 
 5.22128000e-04  3.67481587e+00 
 5.22228000e-04  3.67479928e+00 
 5.22328000e-04  3.67478269e+00 
 5.22428000e-04  3.67476612e+00 
 5.22528000e-04  3.67474954e+00 
 5.22628000e-04  3.67473298e+00 
 5.22728000e-04  3.67471643e+00 
 5.22828000e-04  3.67469988e+00 
 5.22928000e-04  3.67468335e+00 
 5.23028000e-04  3.67466684e+00 
 5.23128000e-04  3.67465034e+00 
 5.23228000e-04  3.67463386e+00 
 5.23328000e-04  3.67461741e+00 
 5.23428000e-04  3.67460098e+00 
 5.23528000e-04  3.67458458e+00 
 5.23628000e-04  3.67456821e+00 
 5.23728000e-04  3.67455188e+00 
 5.23828000e-04  3.67453560e+00 
 5.23928000e-04  3.67451937e+00 
 5.24028000e-04  3.67450319e+00 
 5.24128000e-04  3.67448708e+00 
 5.24228000e-04  3.67447105e+00 
 5.24328000e-04  3.67445510e+00 
 5.24428000e-04  3.67443925e+00 
 5.24528000e-04  3.67442350e+00 
 5.24628000e-04  3.67440788e+00 
 5.24728000e-04  3.67439240e+00 
 5.24828000e-04  3.67437708e+00 
 5.24928000e-04  3.67436193e+00 
 5.25028000e-04  3.67434699e+00 
 5.25128000e-04  3.67433227e+00 
 5.25228000e-04  3.67431779e+00 
 5.25328000e-04  3.67430360e+00 
 5.25428000e-04  3.67428973e+00 
 5.25528000e-04  3.67427621e+00 
 5.25628000e-04  3.67426308e+00 
 5.25728000e-04  3.67425039e+00 
 5.25828000e-04  3.67423818e+00 
 5.25928000e-04  3.67422652e+00 
 5.26028000e-04  3.67421546e+00 
 5.26128000e-04  3.67420506e+00 
 5.26228000e-04  3.67419540e+00 
 5.26328000e-04  3.67418656e+00 
 5.26428000e-04  3.67417861e+00 
 5.26528000e-04  3.67417165e+00 
 5.26628000e-04  3.67416578e+00 
 5.26728000e-04  3.67416110e+00 
 5.26828000e-04  3.67415774e+00 
 5.26928000e-04  3.67415580e+00 
 5.27028000e-04  3.67415544e+00 
 5.27128000e-04  3.67415678e+00 
 5.27228000e-04  3.67415999e+00 
 5.27328000e-04  3.67416523e+00 
 5.27428000e-04  3.67417267e+00 
 5.27528000e-04  3.67418249e+00 
 5.27628000e-04  3.67419491e+00 
 5.27728000e-04  3.67421011e+00 
 5.27828000e-04  3.67422833e+00 
 5.27928000e-04  3.67424980e+00 
 5.28028000e-04  3.67427476e+00 
 5.28128000e-04  3.67430346e+00 
 5.28228000e-04  3.67433618e+00 
 5.28328000e-04  3.67437319e+00 
 5.28428000e-04  3.67441477e+00 
 5.28528000e-04  3.67446123e+00 
 5.28628000e-04  3.67451288e+00 
 5.28728000e-04  3.67457002e+00 
 5.28828000e-04  3.67463299e+00 
 5.28928000e-04  3.67470212e+00 
 5.29028000e-04  3.67477773e+00 
 5.29128000e-04  3.67486017e+00 
 5.29228000e-04  3.67494979e+00 
 5.29328000e-04  3.67504691e+00 
 5.29428000e-04  3.67515189e+00 
 5.29528000e-04  3.67526505e+00 
 5.29628000e-04  3.67538673e+00 
 5.29728000e-04  3.67551725e+00 
 5.29828000e-04  3.67565692e+00 
 5.29928000e-04  3.67580604e+00 
 5.30028000e-04  3.67596490e+00 
 5.30128000e-04  3.67613376e+00 
 5.30228000e-04  3.67631286e+00 
 5.30328000e-04  3.67650243e+00 
 5.30428000e-04  3.67670266e+00 
 5.30528000e-04  3.67691372e+00 
 5.30628000e-04  3.67713575e+00 
 5.30728000e-04  3.67736885e+00 
 5.30828000e-04  3.67761308e+00 
 5.30928000e-04  3.67786848e+00 
 5.31028000e-04  3.67813505e+00 
 5.31128000e-04  3.67841272e+00 
 5.31228000e-04  3.67870141e+00 
 5.31328000e-04  3.67900099e+00 
 5.31428000e-04  3.67931128e+00 
 5.31528000e-04  3.67963206e+00 
 5.31628000e-04  3.67996307e+00 
 5.31728000e-04  3.68030398e+00 
 5.31828000e-04  3.68065446e+00 
 5.31928000e-04  3.68101411e+00 
 5.32028000e-04  3.68138248e+00 
 5.32128000e-04  3.68175910e+00 
 5.32228000e-04  3.68214346e+00 
 5.32328000e-04  3.68253501e+00 
 5.32428000e-04  3.68293315e+00 
 5.32528000e-04  3.68333727e+00 
 5.32628000e-04  3.68374672e+00 
 5.32728000e-04  3.68416082e+00 
 5.32828000e-04  3.68457889e+00 
 5.32928000e-04  3.68500019e+00 
 5.33028000e-04  3.68542399e+00 
 5.33128000e-04  3.68584955e+00 
 5.33228000e-04  3.68627609e+00 
 5.33328000e-04  3.68670285e+00 
 5.33428000e-04  3.68712905e+00 
 5.33528000e-04  3.68755392e+00 
 5.33628000e-04  3.68797668e+00 
 5.33728000e-04  3.68839656e+00 
 5.33828000e-04  3.68881279e+00 
 5.33928000e-04  3.68922462e+00 
 5.34028000e-04  3.68963132e+00 
 5.34128000e-04  3.69003216e+00 
 5.34228000e-04  3.69042643e+00 
 5.34328000e-04  3.69081345e+00 
 5.34428000e-04  3.69119256e+00 
 5.34528000e-04  3.69156312e+00 
 5.34628000e-04  3.69192452e+00 
 5.34728000e-04  3.69227618e+00 
 5.34828000e-04  3.69261755e+00 
 5.34928000e-04  3.69294812e+00 
 5.35028000e-04  3.69326728e+00 
 5.35128000e-04  3.69357458e+00 
 5.35228000e-04  3.69386981e+00 
 5.35328000e-04  3.69415259e+00 
 5.35428000e-04  3.69442255e+00 
 5.35528000e-04  3.69467938e+00 
 5.35628000e-04  3.69492276e+00 
 5.35728000e-04  3.69515247e+00 
 5.35828000e-04  3.69536830e+00 
 5.35928000e-04  3.69557006e+00 
 5.36028000e-04  3.69575779e+00 
 5.36128000e-04  3.69593149e+00 
 5.36228000e-04  3.69609103e+00 
 5.36328000e-04  3.69623641e+00 
 5.36428000e-04  3.69636769e+00 
 5.36528000e-04  3.69648496e+00 
 5.36628000e-04  3.69658834e+00 
 5.36728000e-04  3.69667800e+00 
 5.36828000e-04  3.69675414e+00 
 5.36928000e-04  3.69681699e+00 
 5.37028000e-04  3.69686681e+00 
 5.37128000e-04  3.69690391e+00 
 5.37228000e-04  3.69692861e+00 
 5.37328000e-04  3.69694127e+00 
 5.37428000e-04  3.69694226e+00 
 5.37528000e-04  3.69693201e+00 
 5.37628000e-04  3.69691094e+00 
 5.37728000e-04  3.69687950e+00 
 5.37828000e-04  3.69683816e+00 
 5.37928000e-04  3.69678743e+00 
 5.38028000e-04  3.69672780e+00 
 5.38128000e-04  3.69665978e+00 
 5.38228000e-04  3.69658392e+00 
 5.38328000e-04  3.69650074e+00 
 5.38428000e-04  3.69641079e+00 
 5.38528000e-04  3.69631462e+00 
 5.38628000e-04  3.69621276e+00 
 5.38728000e-04  3.69610578e+00 
 5.38828000e-04  3.69599421e+00 
 5.38928000e-04  3.69587860e+00 
 5.39028000e-04  3.69575946e+00 
 5.39128000e-04  3.69563733e+00 
 5.39228000e-04  3.69551270e+00 
 5.39328000e-04  3.69538607e+00 
 5.39428000e-04  3.69525793e+00 
 5.39528000e-04  3.69512872e+00 
 5.39628000e-04  3.69499889e+00 
 5.39728000e-04  3.69486887e+00 
 5.39828000e-04  3.69473905e+00 
 5.39928000e-04  3.69460980e+00 
 5.40028000e-04  3.69448148e+00 
 5.40128000e-04  3.69435442e+00 
 5.40228000e-04  3.69422892e+00 
 5.40328000e-04  3.69410526e+00 
 5.40428000e-04  3.69398369e+00 
 5.40528000e-04  3.69386444e+00 
 5.40628000e-04  3.69374771e+00 
 5.40728000e-04  3.69363368e+00 
 5.40828000e-04  3.69352250e+00 
 5.40928000e-04  3.69341431e+00 
 5.41028000e-04  3.69330921e+00 
 5.41128000e-04  3.69320729e+00 
 5.41228000e-04  3.69310860e+00 
 5.41328000e-04  3.69301320e+00 
 5.41428000e-04  3.69292111e+00 
 5.41528000e-04  3.69283234e+00 
 5.41628000e-04  3.69274688e+00 
 5.41728000e-04  3.69266471e+00 
 5.41828000e-04  3.69258579e+00 
 5.41928000e-04  3.69251007e+00 
 5.42028000e-04  3.69243750e+00 
 5.42128000e-04  3.69236800e+00 
 5.42228000e-04  3.69230149e+00 
 5.42328000e-04  3.69223789e+00 
 5.42428000e-04  3.69217711e+00 
 5.42528000e-04  3.69211904e+00 
 5.42628000e-04  3.69206360e+00 
 5.42728000e-04  3.69201066e+00 
 5.42828000e-04  3.69196014e+00 
 5.42928000e-04  3.69191191e+00 
 5.43028000e-04  3.69186587e+00 
 5.43128000e-04  3.69182192e+00 
 5.43228000e-04  3.69177993e+00 
 5.43328000e-04  3.69173982e+00 
 5.43428000e-04  3.69170146e+00 
 5.43528000e-04  3.69166477e+00 
 5.43628000e-04  3.69162964e+00 
 5.43728000e-04  3.69159597e+00 
 5.43828000e-04  3.69156367e+00 
 5.43928000e-04  3.69153265e+00 
 5.44028000e-04  3.69150282e+00 
 5.44128000e-04  3.69147411e+00 
 5.44228000e-04  3.69144642e+00 
 5.44328000e-04  3.69141969e+00 
 5.44428000e-04  3.69139385e+00 
 5.44528000e-04  3.69136882e+00 
 5.44628000e-04  3.69134455e+00 
 5.44728000e-04  3.69132097e+00 
 5.44828000e-04  3.69129802e+00 
 5.44928000e-04  3.69127567e+00 
 5.45028000e-04  3.69125384e+00 
 5.45128000e-04  3.69123251e+00 
 5.45228000e-04  3.69121162e+00 
 5.45328000e-04  3.69119114e+00 
 5.45428000e-04  3.69117104e+00 
 5.45528000e-04  3.69115126e+00 
 5.45628000e-04  3.69113180e+00 
 5.45728000e-04  3.69111261e+00 
 5.45828000e-04  3.69109367e+00 
 5.45928000e-04  3.69107495e+00 
 5.46028000e-04  3.69105644e+00 
 5.46128000e-04  3.69103811e+00 
 5.46228000e-04  3.69101995e+00 
 5.46328000e-04  3.69100193e+00 
 5.46428000e-04  3.69098405e+00 
 5.46528000e-04  3.69096628e+00 
 5.46628000e-04  3.69094862e+00 
 5.46728000e-04  3.69093106e+00 
 5.46828000e-04  3.69091357e+00 
 5.46928000e-04  3.69089617e+00 
 5.47028000e-04  3.69087883e+00 
 5.47128000e-04  3.69086155e+00 
 5.47228000e-04  3.69084432e+00 
 5.47328000e-04  3.69082713e+00 
 5.47428000e-04  3.69080999e+00 
 5.47528000e-04  3.69079289e+00 
 5.47628000e-04  3.69077581e+00 
 5.47728000e-04  3.69075877e+00 
 5.47828000e-04  3.69074174e+00 
 5.47928000e-04  3.69072474e+00 
 5.48028000e-04  3.69070776e+00 
 5.48128000e-04  3.69069080e+00 
 5.48228000e-04  3.69067385e+00 
 5.48328000e-04  3.69065691e+00 
 5.48428000e-04  3.69063998e+00 
 5.48528000e-04  3.69062306e+00 
 5.48628000e-04  3.69060616e+00 
 5.48728000e-04  3.69058925e+00 
 5.48828000e-04  3.69057236e+00 
 5.48928000e-04  3.69055547e+00 
 5.49028000e-04  3.69053858e+00 
 5.49128000e-04  3.69052170e+00 
 5.49228000e-04  3.69050483e+00 
 5.49328000e-04  3.69048795e+00 
 5.49428000e-04  3.69047108e+00 
 5.49528000e-04  3.69045421e+00 
 5.49628000e-04  3.69043734e+00 
 5.49728000e-04  3.69042048e+00 
 5.49828000e-04  3.69040361e+00 
 5.49928000e-04  3.69038675e+00 
 5.50028000e-04  3.69036989e+00 
 5.50128000e-04  3.69035303e+00 
 5.50228000e-04  3.69033617e+00 
 5.50328000e-04  3.69031931e+00 
 5.50428000e-04  3.69030245e+00 
 5.50528000e-04  3.69028559e+00 
 5.50628000e-04  3.69026874e+00 
 5.50728000e-04  3.69025188e+00 
 5.50828000e-04  3.69023502e+00 
 5.50928000e-04  3.69021817e+00 
 5.51028000e-04  3.69020131e+00 
 5.51128000e-04  3.69018446e+00 
 5.51228000e-04  3.69016760e+00 
 5.51328000e-04  3.69015075e+00 
 5.51428000e-04  3.69013389e+00 
 5.51528000e-04  3.69011704e+00 
 5.51628000e-04  3.69010019e+00 
 5.51728000e-04  3.69008333e+00 
 5.51828000e-04  3.69006648e+00 
 5.51928000e-04  3.69004963e+00 
 5.52028000e-04  3.69003277e+00 
 5.52128000e-04  3.69001592e+00 
 5.52228000e-04  3.68999907e+00 
 5.52328000e-04  3.68998222e+00 
 5.52428000e-04  3.68996537e+00 
 5.52528000e-04  3.68994851e+00 
 5.52628000e-04  3.68993166e+00 
 5.52728000e-04  3.68991481e+00 
 5.52828000e-04  3.68989796e+00 
 5.52928000e-04  3.68988111e+00 
 5.53028000e-04  3.68986426e+00 
 5.53128000e-04  3.68984741e+00 
 5.53228000e-04  3.68983056e+00 
 5.53328000e-04  3.68981371e+00 
 5.53428000e-04  3.68979686e+00 
 5.53528000e-04  3.68978001e+00 
 5.53628000e-04  3.68976317e+00 
 5.53728000e-04  3.68974632e+00 
 5.53828000e-04  3.68972947e+00 
 5.53928000e-04  3.68971262e+00 
 5.54028000e-04  3.68969577e+00 
 5.54128000e-04  3.68967893e+00 
 5.54228000e-04  3.68966208e+00 
 5.54328000e-04  3.68964523e+00 
 5.54428000e-04  3.68962839e+00 
 5.54528000e-04  3.68961154e+00 
 5.54628000e-04  3.68959470e+00 
 5.54728000e-04  3.68957785e+00 
 5.54828000e-04  3.68956101e+00 
 5.54928000e-04  3.68954416e+00 
 5.55028000e-04  3.68952732e+00 
 5.55128000e-04  3.68951048e+00 
 5.55228000e-04  3.68949363e+00 
 5.55328000e-04  3.68947679e+00 
 5.55428000e-04  3.68945995e+00 
 5.55528000e-04  3.68944310e+00 
 5.55628000e-04  3.68942626e+00 
 5.55728000e-04  3.68940942e+00 
 5.55828000e-04  3.68939258e+00 
 5.55928000e-04  3.68937574e+00 
 5.56028000e-04  3.68935890e+00 
 5.56128000e-04  3.68934206e+00 
 5.56228000e-04  3.68932522e+00 
 5.56328000e-04  3.68930838e+00 
 5.56428000e-04  3.68929154e+00 
 5.56528000e-04  3.68927470e+00 
 5.56628000e-04  3.68925786e+00 
 5.56728000e-04  3.68924103e+00 
 5.56828000e-04  3.68922419e+00 
 5.56928000e-04  3.68920735e+00 
 5.57028000e-04  3.68919052e+00 
 5.57128000e-04  3.68917368e+00 
 5.57228000e-04  3.68915684e+00 
 5.57328000e-04  3.68914001e+00 
 5.57428000e-04  3.68912317e+00 
 5.57528000e-04  3.68910634e+00 
 5.57628000e-04  3.68908950e+00 
 5.57728000e-04  3.68907267e+00 
 5.57828000e-04  3.68905584e+00 
 5.57928000e-04  3.68903900e+00 
 5.58028000e-04  3.68902217e+00 
 5.58128000e-04  3.68900534e+00 
 5.58228000e-04  3.68898851e+00 
 5.58328000e-04  3.68897167e+00 
 5.58428000e-04  3.68895484e+00 
 5.58528000e-04  3.68893801e+00 
 5.58628000e-04  3.68892118e+00 
 5.58728000e-04  3.68890435e+00 
 5.58828000e-04  3.68888752e+00 
 5.58928000e-04  3.68887070e+00 
 5.59028000e-04  3.68885387e+00 
 5.59128000e-04  3.68883704e+00 
 5.59228000e-04  3.68882021e+00 
 5.59328000e-04  3.68880339e+00 
 5.59428000e-04  3.68878656e+00 
 5.59528000e-04  3.68876973e+00 
 5.59628000e-04  3.68875291e+00 
 5.59728000e-04  3.68873608e+00 
 5.59828000e-04  3.68871926e+00 
 5.59928000e-04  3.68870243e+00 
 5.60028000e-04  3.68868561e+00 
 5.60128000e-04  3.68866879e+00 
 5.60228000e-04  3.68865197e+00 
 5.60328000e-04  3.68863514e+00 
 5.60428000e-04  3.68861832e+00 
 5.60528000e-04  3.68860150e+00 
 5.60628000e-04  3.68858468e+00 
 5.60728000e-04  3.68856786e+00 
 5.60828000e-04  3.68855104e+00 
 5.60928000e-04  3.68853422e+00 
 5.61028000e-04  3.68851740e+00 
 5.61128000e-04  3.68850059e+00 
 5.61228000e-04  3.68848377e+00 
 5.61328000e-04  3.68846695e+00 
 5.61428000e-04  3.68845014e+00 
 5.61528000e-04  3.68843332e+00 
 5.61628000e-04  3.68841651e+00 
 5.61728000e-04  3.68839969e+00 
 5.61828000e-04  3.68838288e+00 
 5.61928000e-04  3.68836606e+00 
 5.62028000e-04  3.68834925e+00 
 5.62128000e-04  3.68833244e+00 
 5.62228000e-04  3.68831562e+00 
 5.62328000e-04  3.68829881e+00 
 5.62428000e-04  3.68828200e+00 
 5.62528000e-04  3.68826519e+00 
 5.62628000e-04  3.68824838e+00 
 5.62728000e-04  3.68823157e+00 
 5.62828000e-04  3.68821476e+00 
 5.62928000e-04  3.68819795e+00 
 5.63028000e-04  3.68818115e+00 
 5.63128000e-04  3.68816434e+00 
 5.63228000e-04  3.68814753e+00 
 5.63328000e-04  3.68813073e+00 
 5.63428000e-04  3.68811392e+00 
 5.63528000e-04  3.68809712e+00 
 5.63628000e-04  3.68808031e+00 
 5.63728000e-04  3.68806351e+00 
 5.63828000e-04  3.68804670e+00 
 5.63928000e-04  3.68802990e+00 
 5.64028000e-04  3.68801310e+00 
 5.64128000e-04  3.68799630e+00 
 5.64228000e-04  3.68797950e+00 
 5.64328000e-04  3.68796270e+00 
 5.64428000e-04  3.68794590e+00 
 5.64528000e-04  3.68792910e+00 
 5.64628000e-04  3.68791230e+00 
 5.64728000e-04  3.68789550e+00 
 5.64828000e-04  3.68787870e+00 
 5.64928000e-04  3.68786190e+00 
 5.65028000e-04  3.68784511e+00 
 5.65128000e-04  3.68782831e+00 
 5.65228000e-04  3.68781152e+00 
 5.65328000e-04  3.68779472e+00 
 5.65428000e-04  3.68777793e+00 
 5.65528000e-04  3.68776113e+00 
 5.65628000e-04  3.68774434e+00 
 5.65728000e-04  3.68772755e+00 
 5.65828000e-04  3.68771075e+00 
 5.65928000e-04  3.68769396e+00 
 5.66028000e-04  3.68767717e+00 
 5.66128000e-04  3.68766038e+00 
 5.66228000e-04  3.68764359e+00 
 5.66328000e-04  3.68762680e+00 
 5.66428000e-04  3.68761001e+00 
 5.66528000e-04  3.68759323e+00 
 5.66628000e-04  3.68757644e+00 
 5.66728000e-04  3.68755965e+00 
 5.66828000e-04  3.68754287e+00 
 5.66928000e-04  3.68752608e+00 
 5.67028000e-04  3.68750930e+00 
 5.67128000e-04  3.68749251e+00 
 5.67228000e-04  3.68747573e+00 
 5.67328000e-04  3.68745894e+00 
 5.67428000e-04  3.68744216e+00 
 5.67528000e-04  3.68742538e+00 
 5.67628000e-04  3.68740860e+00 
 5.67728000e-04  3.68739182e+00 
 5.67828000e-04  3.68737504e+00 
 5.67928000e-04  3.68735826e+00 
 5.68028000e-04  3.68734148e+00 
 5.68128000e-04  3.68732470e+00 
 5.68228000e-04  3.68730792e+00 
 5.68328000e-04  3.68729114e+00 
 5.68428000e-04  3.68727437e+00 
 5.68528000e-04  3.68725759e+00 
 5.68628000e-04  3.68724082e+00 
 5.68728000e-04  3.68722404e+00 
 5.68828000e-04  3.68720727e+00 
 5.68928000e-04  3.68719049e+00 
 5.69028000e-04  3.68717372e+00 
 5.69128000e-04  3.68715695e+00 
 5.69228000e-04  3.68714018e+00 
 5.69328000e-04  3.68712340e+00 
 5.69428000e-04  3.68710663e+00 
 5.69528000e-04  3.68708986e+00 
 5.69628000e-04  3.68707309e+00 
 5.69728000e-04  3.68705633e+00 
 5.69828000e-04  3.68703956e+00 
 5.69928000e-04  3.68702279e+00 
 5.70028000e-04  3.68700602e+00 
 5.70128000e-04  3.68698926e+00 
 5.70228000e-04  3.68697249e+00 
 5.70328000e-04  3.68695572e+00 
 5.70428000e-04  3.68693896e+00 
 5.70528000e-04  3.68692220e+00 
 5.70628000e-04  3.68690543e+00 
 5.70728000e-04  3.68688867e+00 
 5.70828000e-04  3.68687191e+00 
 5.70928000e-04  3.68685515e+00 
 5.71028000e-04  3.68683838e+00 
 5.71128000e-04  3.68682162e+00 
 5.71228000e-04  3.68680486e+00 
 5.71328000e-04  3.68678811e+00 
 5.71428000e-04  3.68677135e+00 
 5.71528000e-04  3.68675459e+00 
 5.71628000e-04  3.68673783e+00 
 5.71728000e-04  3.68672107e+00 
 5.71828000e-04  3.68670432e+00 
 5.71928000e-04  3.68668756e+00 
 5.72028000e-04  3.68667081e+00 
 5.72128000e-04  3.68665405e+00 
 5.72228000e-04  3.68663730e+00 
 5.72328000e-04  3.68662055e+00 
 5.72428000e-04  3.68660379e+00 
 5.72528000e-04  3.68658704e+00 
 5.72628000e-04  3.68657029e+00 
 5.72728000e-04  3.68655354e+00 
 5.72828000e-04  3.68653679e+00 
 5.72928000e-04  3.68652004e+00 
 5.73028000e-04  3.68650329e+00 
 5.73128000e-04  3.68648654e+00 
 5.73228000e-04  3.68646980e+00 
 5.73328000e-04  3.68645305e+00 
 5.73428000e-04  3.68643630e+00 
 5.73528000e-04  3.68641956e+00 
 5.73628000e-04  3.68640281e+00 
 5.73728000e-04  3.68638607e+00 
 5.73828000e-04  3.68636932e+00 
 5.73928000e-04  3.68635258e+00 
 5.74028000e-04  3.68633584e+00 
 5.74128000e-04  3.68631909e+00 
 5.74228000e-04  3.68630235e+00 
 5.74328000e-04  3.68628561e+00 
 5.74428000e-04  3.68626887e+00 
 5.74528000e-04  3.68625213e+00 
 5.74628000e-04  3.68623539e+00 
 5.74728000e-04  3.68621865e+00 
 5.74828000e-04  3.68620191e+00 
 5.74928000e-04  3.68618518e+00 
 5.75028000e-04  3.68616844e+00 
 5.75128000e-04  3.68615170e+00 
 5.75228000e-04  3.68613497e+00 
 5.75328000e-04  3.68611823e+00 
 5.75428000e-04  3.68610150e+00 
 5.75528000e-04  3.68608476e+00 
 5.75628000e-04  3.68606803e+00 
 5.75728000e-04  3.68605130e+00 
 5.75828000e-04  3.68603457e+00 
 5.75928000e-04  3.68601783e+00 
 5.76028000e-04  3.68600110e+00 
 5.76128000e-04  3.68598437e+00 
 5.76228000e-04  3.68596764e+00 
 5.76328000e-04  3.68595091e+00 
 5.76428000e-04  3.68593419e+00 
 5.76528000e-04  3.68591746e+00 
 5.76628000e-04  3.68590073e+00 
 5.76728000e-04  3.68588400e+00 
 5.76828000e-04  3.68586728e+00 
 5.76928000e-04  3.68585055e+00 
 5.77028000e-04  3.68583383e+00 
 5.77128000e-04  3.68581710e+00 
 5.77228000e-04  3.68580038e+00 
 5.77328000e-04  3.68578365e+00 
 5.77428000e-04  3.68576693e+00 
 5.77528000e-04  3.68575021e+00 
 5.77628000e-04  3.68573349e+00 
 5.77728000e-04  3.68571677e+00 
 5.77828000e-04  3.68570005e+00 
 5.77928000e-04  3.68568333e+00 
 5.78028000e-04  3.68566661e+00 
 5.78128000e-04  3.68564989e+00 
 5.78228000e-04  3.68563317e+00 
 5.78328000e-04  3.68561645e+00 
 5.78428000e-04  3.68559974e+00 
 5.78528000e-04  3.68558302e+00 
 5.78628000e-04  3.68556630e+00 
 5.78728000e-04  3.68554959e+00 
 5.78828000e-04  3.68553287e+00 
 5.78928000e-04  3.68551616e+00 
 5.79028000e-04  3.68549944e+00 
 5.79128000e-04  3.68548273e+00 
 5.79228000e-04  3.68546602e+00 
 5.79328000e-04  3.68544931e+00 
 5.79428000e-04  3.68543260e+00 
 5.79528000e-04  3.68541588e+00 
 5.79628000e-04  3.68539917e+00 
 5.79728000e-04  3.68538246e+00 
 5.79828000e-04  3.68536575e+00 
 5.79928000e-04  3.68534905e+00 
 5.80028000e-04  3.68533234e+00 
 5.80128000e-04  3.68531563e+00 
 5.80228000e-04  3.68529892e+00 
 5.80328000e-04  3.68528222e+00 
 5.80428000e-04  3.68526551e+00 
 5.80528000e-04  3.68524880e+00 
 5.80628000e-04  3.68523210e+00 
 5.80728000e-04  3.68521540e+00 
 5.80828000e-04  3.68519869e+00 
 5.80928000e-04  3.68518199e+00 
 5.81028000e-04  3.68516529e+00 
 5.81128000e-04  3.68514858e+00 
 5.81228000e-04  3.68513188e+00 
 5.81328000e-04  3.68511518e+00 
 5.81428000e-04  3.68509848e+00 
 5.81528000e-04  3.68508178e+00 
 5.81628000e-04  3.68506508e+00 
 5.81728000e-04  3.68504838e+00 
 5.81828000e-04  3.68503168e+00 
 5.81928000e-04  3.68501498e+00 
 5.82028000e-04  3.68499829e+00 
 5.82128000e-04  3.68498159e+00 
 5.82228000e-04  3.68496489e+00 
 5.82328000e-04  3.68494820e+00 
 5.82428000e-04  3.68493150e+00 
 5.82528000e-04  3.68491480e+00 
 5.82628000e-04  3.68489811e+00 
 5.82728000e-04  3.68488142e+00 
 5.82828000e-04  3.68486472e+00 
 5.82928000e-04  3.68484803e+00 
 5.83028000e-04  3.68483134e+00 
 5.83128000e-04  3.68481464e+00 
 5.83228000e-04  3.68479795e+00 
 5.83328000e-04  3.68478126e+00 
 5.83428000e-04  3.68476457e+00 
 5.83528000e-04  3.68474788e+00 
 5.83628000e-04  3.68473119e+00 
 5.83728000e-04  3.68471450e+00 
 5.83828000e-04  3.68469781e+00 
 5.83928000e-04  3.68468112e+00 
 5.84028000e-04  3.68466444e+00 
 5.84128000e-04  3.68464775e+00 
 5.84228000e-04  3.68463106e+00 
 5.84328000e-04  3.68461438e+00 
 5.84428000e-04  3.68459769e+00 
 5.84528000e-04  3.68458100e+00 
 5.84628000e-04  3.68456432e+00 
 5.84728000e-04  3.68454763e+00 
 5.84828000e-04  3.68453095e+00 
 5.84928000e-04  3.68451427e+00 
 5.85028000e-04  3.68449758e+00 
 5.85128000e-04  3.68448090e+00 
 5.85228000e-04  3.68446422e+00 
 5.85328000e-04  3.68444753e+00 
 5.85428000e-04  3.68443085e+00 
 5.85528000e-04  3.68441417e+00 
 5.85628000e-04  3.68439749e+00 
 5.85728000e-04  3.68438081e+00 
 5.85828000e-04  3.68436413e+00 
 5.85928000e-04  3.68434745e+00 
 5.86028000e-04  3.68433077e+00 
 5.86128000e-04  3.68431410e+00 
 5.86228000e-04  3.68429742e+00 
 5.86328000e-04  3.68428074e+00 
 5.86428000e-04  3.68426406e+00 
 5.86528000e-04  3.68424739e+00 
 5.86628000e-04  3.68423071e+00 
 5.86728000e-04  3.68421404e+00 
 5.86828000e-04  3.68419736e+00 
 5.86928000e-04  3.68418069e+00 
 5.87028000e-04  3.68416401e+00 
 5.87128000e-04  3.68414734e+00 
 5.87228000e-04  3.68413066e+00 
 5.87328000e-04  3.68411399e+00 
 5.87428000e-04  3.68409732e+00 
 5.87528000e-04  3.68408064e+00 
 5.87628000e-04  3.68406397e+00 
 5.87728000e-04  3.68404730e+00 
 5.87828000e-04  3.68403063e+00 
 5.87928000e-04  3.68401396e+00 
 5.88028000e-04  3.68399728e+00 
 5.88128000e-04  3.68398061e+00 
 5.88228000e-04  3.68396394e+00 
 5.88328000e-04  3.68394727e+00 
 5.88428000e-04  3.68393060e+00 
 5.88528000e-04  3.68391393e+00 
 5.88628000e-04  3.68389727e+00 
 5.88728000e-04  3.68388060e+00 
 5.88828000e-04  3.68386393e+00 
 5.88928000e-04  3.68384726e+00 
 5.89028000e-04  3.68383059e+00 
 5.89128000e-04  3.68381393e+00 
 5.89228000e-04  3.68379726e+00 
 5.89328000e-04  3.68378059e+00 
 5.89428000e-04  3.68376392e+00 
 5.89528000e-04  3.68374726e+00 
 5.89628000e-04  3.68373059e+00 
 5.89728000e-04  3.68371393e+00 
 5.89828000e-04  3.68369726e+00 
 5.89928000e-04  3.68368060e+00 
 5.90028000e-04  3.68366393e+00 
 5.90128000e-04  3.68364727e+00 
 5.90228000e-04  3.68363060e+00 
 5.90328000e-04  3.68361394e+00 
 5.90428000e-04  3.68359727e+00 
 5.90528000e-04  3.68358061e+00 
 5.90628000e-04  3.68356395e+00 
 5.90728000e-04  3.68354728e+00 
 5.90828000e-04  3.68353062e+00 
 5.90928000e-04  3.68351396e+00 
 5.91028000e-04  3.68349730e+00 
 5.91128000e-04  3.68348064e+00 
 5.91228000e-04  3.68346397e+00 
 5.91328000e-04  3.68344731e+00 
 5.91428000e-04  3.68343065e+00 
 5.91528000e-04  3.68341399e+00 
 5.91628000e-04  3.68339733e+00 
 5.91728000e-04  3.68338067e+00 
 5.91828000e-04  3.68336401e+00 
 5.91928000e-04  3.68334735e+00 
 5.92028000e-04  3.68333069e+00 
 5.92128000e-04  3.68331403e+00 
 5.92228000e-04  3.68329738e+00 
 5.92328000e-04  3.68328072e+00 
 5.92428000e-04  3.68326406e+00 
 5.92528000e-04  3.68324741e+00 
 5.92628000e-04  3.68323075e+00 
 5.92728000e-04  3.68321410e+00 
 5.92828000e-04  3.68319744e+00 
 5.92928000e-04  3.68318079e+00 
 5.93028000e-04  3.68316414e+00 
 5.93128000e-04  3.68314750e+00 
 5.93228000e-04  3.68313085e+00 
 5.93328000e-04  3.68311421e+00 
 5.93428000e-04  3.68309757e+00 
 5.93528000e-04  3.68308093e+00 
 5.93628000e-04  3.68306430e+00 
 5.93728000e-04  3.68304767e+00 
 5.93828000e-04  3.68303105e+00 
 5.93928000e-04  3.68301443e+00 
 5.94028000e-04  3.68299782e+00 
 5.94128000e-04  3.68298122e+00 
 5.94228000e-04  3.68296463e+00 
 5.94328000e-04  3.68294805e+00 
 5.94428000e-04  3.68293148e+00 
 5.94528000e-04  3.68291493e+00 
 5.94628000e-04  3.68289839e+00 
 5.94728000e-04  3.68288187e+00 
 5.94828000e-04  3.68286538e+00 
 5.94928000e-04  3.68284891e+00 
 5.95028000e-04  3.68283247e+00 
 5.95128000e-04  3.68281606e+00 
 5.95228000e-04  3.68279970e+00 
 5.95328000e-04  3.68278337e+00 
 5.95428000e-04  3.68276710e+00 
 5.95528000e-04  3.68275088e+00 
 5.95628000e-04  3.68273473e+00 
 5.95728000e-04  3.68271865e+00 
 5.95828000e-04  3.68270265e+00 
 5.95928000e-04  3.68268675e+00 
 5.96028000e-04  3.68267095e+00 
 5.96128000e-04  3.68265528e+00 
 5.96228000e-04  3.68263974e+00 
 5.96328000e-04  3.68262435e+00 
 5.96428000e-04  3.68260914e+00 
 5.96528000e-04  3.68259412e+00 
 5.96628000e-04  3.68257932e+00 
 5.96728000e-04  3.68256477e+00 
 5.96828000e-04  3.68255048e+00 
 5.96928000e-04  3.68253651e+00 
 5.97028000e-04  3.68252287e+00 
 5.97128000e-04  3.68250962e+00 
 5.97228000e-04  3.68249679e+00 
 5.97328000e-04  3.68248442e+00 
 5.97428000e-04  3.68247259e+00 
 5.97528000e-04  3.68246133e+00 
 5.97628000e-04  3.68245071e+00 
 5.97728000e-04  3.68244080e+00 
 5.97828000e-04  3.68243167e+00 
 5.97928000e-04  3.68242341e+00 
 5.98028000e-04  3.68241609e+00 
 5.98128000e-04  3.68240982e+00 
 5.98228000e-04  3.68240469e+00 
 5.98328000e-04  3.68240081e+00 
 5.98428000e-04  3.68239831e+00 
 5.98528000e-04  3.68239729e+00 
 5.98628000e-04  3.68239791e+00 
 5.98728000e-04  3.68240031e+00 
 5.98828000e-04  3.68240463e+00 
 5.98928000e-04  3.68241105e+00 
 5.99028000e-04  3.68241974e+00 
 5.99128000e-04  3.68243088e+00 
 5.99228000e-04  3.68244466e+00 
 5.99328000e-04  3.68246130e+00 
 5.99428000e-04  3.68248101e+00 
 5.99528000e-04  3.68250401e+00 
 5.99628000e-04  3.68253055e+00 
 5.99728000e-04  3.68256088e+00 
 5.99828000e-04  3.68259524e+00 
 5.99928000e-04  3.68263390e+00 
 6.00028000e-04  3.68267715e+00 
 6.00128000e-04  3.68272527e+00 
 6.00228000e-04  3.68277855e+00 
 6.00328000e-04  3.68283728e+00 
 6.00428000e-04  3.68290176e+00 
 6.00528000e-04  3.68297232e+00 
 6.00628000e-04  3.68304925e+00 
 6.00728000e-04  3.68313288e+00 
 6.00828000e-04  3.68322350e+00 
 6.00928000e-04  3.68332143e+00 
 6.01028000e-04  3.68342698e+00 
 6.01128000e-04  3.68354045e+00 
 6.01228000e-04  3.68366212e+00 
 6.01328000e-04  3.68379228e+00 
 6.01428000e-04  3.68393120e+00 
 6.01528000e-04  3.68407913e+00 
 6.01628000e-04  3.68423631e+00 
 6.01728000e-04  3.68440296e+00 
 6.01828000e-04  3.68457926e+00 
 6.01928000e-04  3.68476541e+00 
 6.02028000e-04  3.68496153e+00 
 6.02128000e-04  3.68516775e+00 
 6.02228000e-04  3.68538415e+00 
 6.02328000e-04  3.68561078e+00 
 6.02428000e-04  3.68584767e+00 
 6.02528000e-04  3.68609479e+00 
 6.02628000e-04  3.68635209e+00 
 6.02728000e-04  3.68661948e+00 
 6.02828000e-04  3.68689682e+00 
 6.02928000e-04  3.68718394e+00 
 6.03028000e-04  3.68748063e+00 
 6.03128000e-04  3.68778663e+00 
 6.03228000e-04  3.68810165e+00 
 6.03328000e-04  3.68842536e+00 
 6.03428000e-04  3.68875737e+00 
 6.03528000e-04  3.68909728e+00 
 6.03628000e-04  3.68944463e+00 
 6.03728000e-04  3.68979895e+00 
 6.03828000e-04  3.69015972e+00 
 6.03928000e-04  3.69052639e+00 
 6.04028000e-04  3.69089837e+00 
 6.04128000e-04  3.69127507e+00 
 6.04228000e-04  3.69165585e+00 
 6.04328000e-04  3.69204006e+00 
 6.04428000e-04  3.69242704e+00 
 6.04528000e-04  3.69281608e+00 
 6.04628000e-04  3.69320651e+00 
 6.04728000e-04  3.69359760e+00 
 6.04828000e-04  3.69398863e+00 
 6.04928000e-04  3.69437890e+00 
 6.05028000e-04  3.69476767e+00 
 6.05128000e-04  3.69515422e+00 
 6.05228000e-04  3.69553785e+00 
 6.05328000e-04  3.69591783e+00 
 6.05428000e-04  3.69629348e+00 
 6.05528000e-04  3.69666411e+00 
 6.05628000e-04  3.69702905e+00 
 6.05728000e-04  3.69738764e+00 
 6.05828000e-04  3.69773926e+00 
 6.05928000e-04  3.69808329e+00 
 6.06028000e-04  3.69841914e+00 
 6.06128000e-04  3.69874627e+00 
 6.06228000e-04  3.69906414e+00 
 6.06328000e-04  3.69937223e+00 
 6.06428000e-04  3.69966995e+00 
 6.06528000e-04  3.69995685e+00 
 6.06628000e-04  3.70023275e+00 
 6.06728000e-04  3.70049729e+00 
 6.06828000e-04  3.70075009e+00 
 6.06928000e-04  3.70099084e+00 
 6.07028000e-04  3.70121924e+00 
 6.07128000e-04  3.70143504e+00 
 6.07228000e-04  3.70163802e+00 
 6.07328000e-04  3.70182802e+00 
 6.07428000e-04  3.70200500e+00 
 6.07528000e-04  3.70216895e+00 
 6.07628000e-04  3.70231975e+00 
 6.07728000e-04  3.70245739e+00 
 6.07828000e-04  3.70258191e+00 
 6.07928000e-04  3.70269337e+00 
 6.08028000e-04  3.70279188e+00 
 6.08128000e-04  3.70287758e+00 
 6.08228000e-04  3.70295065e+00 
 6.08328000e-04  3.70301130e+00 
 6.08428000e-04  3.70305976e+00 
 6.08528000e-04  3.70309631e+00 
 6.08628000e-04  3.70312123e+00 
 6.08728000e-04  3.70313487e+00 
 6.08828000e-04  3.70313756e+00 
 6.08928000e-04  3.70312969e+00 
 6.09028000e-04  3.70311166e+00 
 6.09128000e-04  3.70308388e+00 
 6.09228000e-04  3.70304680e+00 
 6.09328000e-04  3.70300086e+00 
 6.09428000e-04  3.70294654e+00 
 6.09528000e-04  3.70288431e+00 
 6.09628000e-04  3.70281468e+00 
 6.09728000e-04  3.70273814e+00 
 6.09828000e-04  3.70265520e+00 
 6.09928000e-04  3.70256637e+00 
 6.10028000e-04  3.70247216e+00 
 6.10128000e-04  3.70237307e+00 
 6.10228000e-04  3.70226963e+00 
 6.10328000e-04  3.70216232e+00 
 6.10428000e-04  3.70205165e+00 
 6.10528000e-04  3.70193811e+00 
 6.10628000e-04  3.70182215e+00 
 6.10728000e-04  3.70170426e+00 
 6.10828000e-04  3.70158487e+00 
 6.10928000e-04  3.70146441e+00 
 6.11028000e-04  3.70134330e+00 
 6.11128000e-04  3.70122194e+00 
 6.11228000e-04  3.70110069e+00 
 6.11328000e-04  3.70097991e+00 
 6.11428000e-04  3.70085993e+00 
 6.11528000e-04  3.70074106e+00 
 6.11628000e-04  3.70062358e+00 
 6.11728000e-04  3.70050775e+00 
 6.11828000e-04  3.70039381e+00 
 6.11928000e-04  3.70028199e+00 
 6.12028000e-04  3.70017245e+00 
 6.12128000e-04  3.70006539e+00 
 6.12228000e-04  3.69996093e+00 
 6.12328000e-04  3.69985921e+00 
 6.12428000e-04  3.69976033e+00 
 6.12528000e-04  3.69966437e+00 
 6.12628000e-04  3.69957138e+00 
 6.12728000e-04  3.69948143e+00 
 6.12828000e-04  3.69939452e+00 
 6.12928000e-04  3.69931068e+00 
 6.13028000e-04  3.69922990e+00 
 6.13128000e-04  3.69915215e+00 
 6.13228000e-04  3.69907742e+00 
 6.13328000e-04  3.69900564e+00 
 6.13428000e-04  3.69893678e+00 
 6.13528000e-04  3.69887076e+00 
 6.13628000e-04  3.69880752e+00 
 6.13728000e-04  3.69874698e+00 
 6.13828000e-04  3.69868905e+00 
 6.13928000e-04  3.69863365e+00 
 6.14028000e-04  3.69858068e+00 
 6.14128000e-04  3.69853005e+00 
 6.14228000e-04  3.69848166e+00 
 6.14328000e-04  3.69843540e+00 
 6.14428000e-04  3.69839119e+00 
 6.14528000e-04  3.69834891e+00 
 6.14628000e-04  3.69830848e+00 
 6.14728000e-04  3.69826978e+00 
 6.14828000e-04  3.69823273e+00 
 6.14928000e-04  3.69819723e+00 
 6.15028000e-04  3.69816319e+00 
 6.15128000e-04  3.69813051e+00 
 6.15228000e-04  3.69809912e+00 
 6.15328000e-04  3.69806892e+00 
 6.15428000e-04  3.69803984e+00 
 6.15528000e-04  3.69801180e+00 
 6.15628000e-04  3.69798472e+00 
 6.15728000e-04  3.69795854e+00 
 6.15828000e-04  3.69793319e+00 
 6.15928000e-04  3.69790861e+00 
 6.16028000e-04  3.69788474e+00 
 6.16128000e-04  3.69786151e+00 
 6.16228000e-04  3.69783888e+00 
 6.16328000e-04  3.69781681e+00 
 6.16428000e-04  3.69779523e+00 
 6.16528000e-04  3.69777412e+00 
 6.16628000e-04  3.69775343e+00 
 6.16728000e-04  3.69773312e+00 
 6.16828000e-04  3.69771316e+00 
 6.16928000e-04  3.69769352e+00 
 6.17028000e-04  3.69767416e+00 
 6.17128000e-04  3.69765507e+00 
 6.17228000e-04  3.69763621e+00 
 6.17328000e-04  3.69761756e+00 
 6.17428000e-04  3.69759911e+00 
 6.17528000e-04  3.69758083e+00 
 6.17628000e-04  3.69756270e+00 
 6.17728000e-04  3.69754472e+00 
 6.17828000e-04  3.69752685e+00 
 6.17928000e-04  3.69750911e+00 
 6.18028000e-04  3.69749146e+00 
 6.18128000e-04  3.69747390e+00 
 6.18228000e-04  3.69745642e+00 
 6.18328000e-04  3.69743901e+00 
 6.18428000e-04  3.69742166e+00 
 6.18528000e-04  3.69740437e+00 
 6.18628000e-04  3.69738713e+00 
 6.18728000e-04  3.69736994e+00 
 6.18828000e-04  3.69735278e+00 
 6.18928000e-04  3.69733565e+00 
 6.19028000e-04  3.69731856e+00 
 6.19128000e-04  3.69730149e+00 
 6.19228000e-04  3.69728445e+00 
 6.19328000e-04  3.69726743e+00 
 6.19428000e-04  3.69725042e+00 
 6.19528000e-04  3.69723343e+00 
 6.19628000e-04  3.69721646e+00 
 6.19728000e-04  3.69719949e+00 
 6.19828000e-04  3.69718254e+00 
 6.19928000e-04  3.69716560e+00 
 6.20028000e-04  3.69714866e+00 
 6.20128000e-04  3.69713173e+00 
 6.20228000e-04  3.69711481e+00 
 6.20328000e-04  3.69709789e+00 
 6.20428000e-04  3.69708098e+00 
 6.20528000e-04  3.69706407e+00 
 6.20628000e-04  3.69704716e+00 
 6.20728000e-04  3.69703026e+00 
 6.20828000e-04  3.69701336e+00 
 6.20928000e-04  3.69699646e+00 
 6.21028000e-04  3.69697956e+00 
 6.21128000e-04  3.69696267e+00 
 6.21228000e-04  3.69694578e+00 
 6.21328000e-04  3.69692888e+00 
 6.21428000e-04  3.69691199e+00 
 6.21528000e-04  3.69689510e+00 
 6.21628000e-04  3.69687821e+00 
 6.21728000e-04  3.69686132e+00 
 6.21828000e-04  3.69684444e+00 
 6.21928000e-04  3.69682755e+00 
 6.22028000e-04  3.69681066e+00 
 6.22128000e-04  3.69679378e+00 
 6.22228000e-04  3.69677689e+00 
 6.22328000e-04  3.69676001e+00 
 6.22428000e-04  3.69674312e+00 
 6.22528000e-04  3.69672624e+00 
 6.22628000e-04  3.69670935e+00 
 6.22728000e-04  3.69669247e+00 
 6.22828000e-04  3.69667558e+00 
 6.22928000e-04  3.69665870e+00 
 6.23028000e-04  3.69664182e+00 
 6.23128000e-04  3.69662493e+00 
 6.23228000e-04  3.69660805e+00 
 6.23328000e-04  3.69659117e+00 
 6.23428000e-04  3.69657429e+00 
 6.23528000e-04  3.69655740e+00 
 6.23628000e-04  3.69654052e+00 
 6.23728000e-04  3.69652364e+00 
 6.23828000e-04  3.69650676e+00 
 6.23928000e-04  3.69648988e+00 
 6.24028000e-04  3.69647300e+00 
 6.24128000e-04  3.69645612e+00 
 6.24228000e-04  3.69643924e+00 
 6.24328000e-04  3.69642236e+00 
 6.24428000e-04  3.69640548e+00 
 6.24528000e-04  3.69638860e+00 
 6.24628000e-04  3.69637172e+00 
 6.24728000e-04  3.69635484e+00 
 6.24828000e-04  3.69633796e+00 
 6.24928000e-04  3.69632108e+00 
 6.25028000e-04  3.69630420e+00 
 6.25128000e-04  3.69628733e+00 
 6.25228000e-04  3.69627045e+00 
 6.25328000e-04  3.69625357e+00 
 6.25428000e-04  3.69623669e+00 
 6.25528000e-04  3.69621982e+00 
 6.25628000e-04  3.69620294e+00 
 6.25728000e-04  3.69618607e+00 
 6.25828000e-04  3.69616919e+00 
 6.25928000e-04  3.69615231e+00 
 6.26028000e-04  3.69613544e+00 
 6.26128000e-04  3.69611856e+00 
 6.26228000e-04  3.69610169e+00 
 6.26328000e-04  3.69608482e+00 
 6.26428000e-04  3.69606794e+00 
 6.26528000e-04  3.69605107e+00 
 6.26628000e-04  3.69603420e+00 
 6.26728000e-04  3.69601732e+00 
 6.26828000e-04  3.69600045e+00 
 6.26928000e-04  3.69598358e+00 
 6.27028000e-04  3.69596671e+00 
 6.27128000e-04  3.69594984e+00 
 6.27228000e-04  3.69593297e+00 
 6.27328000e-04  3.69591610e+00 
 6.27428000e-04  3.69589923e+00 
 6.27528000e-04  3.69588236e+00 
 6.27628000e-04  3.69586549e+00 
 6.27728000e-04  3.69584862e+00 
 6.27828000e-04  3.69583175e+00 
 6.27928000e-04  3.69581488e+00 
 6.28028000e-04  3.69579801e+00 
 6.28128000e-04  3.69578115e+00 
 6.28228000e-04  3.69576428e+00 
 6.28328000e-04  3.69574741e+00 
 6.28428000e-04  3.69573055e+00 
 6.28528000e-04  3.69571368e+00 
 6.28628000e-04  3.69569681e+00 
 6.28728000e-04  3.69567995e+00 
 6.28828000e-04  3.69566308e+00 
 6.28928000e-04  3.69564622e+00 
 6.29028000e-04  3.69562936e+00 
 6.29128000e-04  3.69561249e+00 
 6.29228000e-04  3.69559563e+00 
 6.29328000e-04  3.69557877e+00 
 6.29428000e-04  3.69556190e+00 
 6.29528000e-04  3.69554504e+00 
 6.29628000e-04  3.69552818e+00 
 6.29728000e-04  3.69551132e+00 
 6.29828000e-04  3.69549446e+00 
 6.29928000e-04  3.69547760e+00 
 6.30028000e-04  3.69546074e+00 
 6.30128000e-04  3.69544388e+00 
 6.30228000e-04  3.69542702e+00 
 6.30328000e-04  3.69541016e+00 
 6.30428000e-04  3.69539330e+00 
 6.30528000e-04  3.69537645e+00 
 6.30628000e-04  3.69535959e+00 
 6.30728000e-04  3.69534273e+00 
 6.30828000e-04  3.69532588e+00 
 6.30928000e-04  3.69530902e+00 
 6.31028000e-04  3.69529217e+00 
 6.31128000e-04  3.69527531e+00 
 6.31228000e-04  3.69525846e+00 
 6.31328000e-04  3.69524160e+00 
 6.31428000e-04  3.69522475e+00 
 6.31528000e-04  3.69520790e+00 
 6.31628000e-04  3.69519105e+00 
 6.31728000e-04  3.69517419e+00 
 6.31828000e-04  3.69515734e+00 
 6.31928000e-04  3.69514049e+00 
 6.32028000e-04  3.69512364e+00 
 6.32128000e-04  3.69510679e+00 
 6.32228000e-04  3.69508994e+00 
 6.32328000e-04  3.69507309e+00 
 6.32428000e-04  3.69505625e+00 
 6.32528000e-04  3.69503940e+00 
 6.32628000e-04  3.69502255e+00 
 6.32728000e-04  3.69500570e+00 
 6.32828000e-04  3.69498886e+00 
 6.32928000e-04  3.69497201e+00 
 6.33028000e-04  3.69495517e+00 
 6.33128000e-04  3.69493832e+00 
 6.33228000e-04  3.69492148e+00 
 6.33328000e-04  3.69490464e+00 
 6.33428000e-04  3.69488779e+00 
 6.33528000e-04  3.69487095e+00 
 6.33628000e-04  3.69485411e+00 
 6.33728000e-04  3.69483727e+00 
 6.33828000e-04  3.69482043e+00 
 6.33928000e-04  3.69480359e+00 
 6.34028000e-04  3.69478675e+00 
 6.34128000e-04  3.69476991e+00 
 6.34228000e-04  3.69475307e+00 
 6.34328000e-04  3.69473623e+00 
 6.34428000e-04  3.69471939e+00 
 6.34528000e-04  3.69470256e+00 
 6.34628000e-04  3.69468572e+00 
 6.34728000e-04  3.69466888e+00 
 6.34828000e-04  3.69465205e+00 
 6.34928000e-04  3.69463521e+00 
 6.35028000e-04  3.69461838e+00 
 6.35128000e-04  3.69460154e+00 
 6.35228000e-04  3.69458471e+00 
 6.35328000e-04  3.69456788e+00 
 6.35428000e-04  3.69455105e+00 
 6.35528000e-04  3.69453422e+00 
 6.35628000e-04  3.69451738e+00 
 6.35728000e-04  3.69450055e+00 
 6.35828000e-04  3.69448372e+00 
 6.35928000e-04  3.69446690e+00 
 6.36028000e-04  3.69445007e+00 
 6.36128000e-04  3.69443324e+00 
 6.36228000e-04  3.69441641e+00 
 6.36328000e-04  3.69439958e+00 
 6.36428000e-04  3.69438276e+00 
 6.36528000e-04  3.69436593e+00 
 6.36628000e-04  3.69434911e+00 
 6.36728000e-04  3.69433228e+00 
 6.36828000e-04  3.69431546e+00 
 6.36928000e-04  3.69429863e+00 
 6.37028000e-04  3.69428181e+00 
 6.37128000e-04  3.69426499e+00 
 6.37228000e-04  3.69424817e+00 
 6.37328000e-04  3.69423135e+00 
 6.37428000e-04  3.69421452e+00 
 6.37528000e-04  3.69419770e+00 
 6.37628000e-04  3.69418088e+00 
 6.37728000e-04  3.69416407e+00 
 6.37828000e-04  3.69414725e+00 
 6.37928000e-04  3.69413043e+00 
 6.38028000e-04  3.69411361e+00 
 6.38128000e-04  3.69409680e+00 
 6.38228000e-04  3.69407998e+00 
 6.38328000e-04  3.69406316e+00 
 6.38428000e-04  3.69404635e+00 
 6.38528000e-04  3.69402954e+00 
 6.38628000e-04  3.69401272e+00 
 6.38728000e-04  3.69399591e+00 
 6.38828000e-04  3.69397910e+00 
 6.38928000e-04  3.69396228e+00 
 6.39028000e-04  3.69394547e+00 
 6.39128000e-04  3.69392866e+00 
 6.39228000e-04  3.69391185e+00 
 6.39328000e-04  3.69389504e+00 
 6.39428000e-04  3.69387823e+00 
 6.39528000e-04  3.69386143e+00 
 6.39628000e-04  3.69384462e+00 
 6.39728000e-04  3.69382781e+00 
 6.39828000e-04  3.69381100e+00 
 6.39928000e-04  3.69379420e+00 
 6.40028000e-04  3.69377739e+00 
 6.40128000e-04  3.69376059e+00 
 6.40228000e-04  3.69374378e+00 
 6.40328000e-04  3.69372698e+00 
 6.40428000e-04  3.69371018e+00 
 6.40528000e-04  3.69369338e+00 
 6.40628000e-04  3.69367657e+00 
 6.40728000e-04  3.69365977e+00 
 6.40828000e-04  3.69364297e+00 
 6.40928000e-04  3.69362617e+00 
 6.41028000e-04  3.69360937e+00 
 6.41128000e-04  3.69359257e+00 
 6.41228000e-04  3.69357578e+00 
 6.41328000e-04  3.69355898e+00 
 6.41428000e-04  3.69354218e+00 
 6.41528000e-04  3.69352538e+00 
 6.41628000e-04  3.69350859e+00 
 6.41728000e-04  3.69349179e+00 
 6.41828000e-04  3.69347500e+00 
 6.41928000e-04  3.69345821e+00 
 6.42028000e-04  3.69344141e+00 
 6.42128000e-04  3.69342462e+00 
 6.42228000e-04  3.69340783e+00 
 6.42328000e-04  3.69339104e+00 
 6.42428000e-04  3.69337425e+00 
 6.42528000e-04  3.69335746e+00 
 6.42628000e-04  3.69334067e+00 
 6.42728000e-04  3.69332388e+00 
 6.42828000e-04  3.69330709e+00 
 6.42928000e-04  3.69329030e+00 
 6.43028000e-04  3.69327351e+00 
 6.43128000e-04  3.69325673e+00 
 6.43228000e-04  3.69323994e+00 
 6.43328000e-04  3.69322315e+00 
 6.43428000e-04  3.69320637e+00 
 6.43528000e-04  3.69318959e+00 
 6.43628000e-04  3.69317280e+00 
 6.43728000e-04  3.69315602e+00 
 6.43828000e-04  3.69313924e+00 
 6.43928000e-04  3.69312245e+00 
 6.44028000e-04  3.69310567e+00 
 6.44128000e-04  3.69308889e+00 
 6.44228000e-04  3.69307211e+00 
 6.44328000e-04  3.69305533e+00 
 6.44428000e-04  3.69303855e+00 
 6.44528000e-04  3.69302178e+00 
 6.44628000e-04  3.69300500e+00 
 6.44728000e-04  3.69298822e+00 
 6.44828000e-04  3.69297145e+00 
 6.44928000e-04  3.69295467e+00 
 6.45028000e-04  3.69293790e+00 
 6.45128000e-04  3.69292112e+00 
 6.45228000e-04  3.69290435e+00 
 6.45328000e-04  3.69288757e+00 
 6.45428000e-04  3.69287080e+00 
 6.45528000e-04  3.69285403e+00 
 6.45628000e-04  3.69283726e+00 
 6.45728000e-04  3.69282049e+00 
 6.45828000e-04  3.69280372e+00 
 6.45928000e-04  3.69278695e+00 
 6.46028000e-04  3.69277018e+00 
 6.46128000e-04  3.69275341e+00 
 6.46228000e-04  3.69273664e+00 
 6.46328000e-04  3.69271987e+00 
 6.46428000e-04  3.69270311e+00 
 6.46528000e-04  3.69268634e+00 
 6.46628000e-04  3.69266957e+00 
 6.46728000e-04  3.69265281e+00 
 6.46828000e-04  3.69263604e+00 
 6.46928000e-04  3.69261928e+00 
 6.47028000e-04  3.69260252e+00 
 6.47128000e-04  3.69258576e+00 
 6.47228000e-04  3.69256899e+00 
 6.47328000e-04  3.69255223e+00 
 6.47428000e-04  3.69253547e+00 
 6.47528000e-04  3.69251871e+00 
 6.47628000e-04  3.69250195e+00 
 6.47728000e-04  3.69248519e+00 
 6.47828000e-04  3.69246843e+00 
 6.47928000e-04  3.69245168e+00 
 6.48028000e-04  3.69243492e+00 
 6.48128000e-04  3.69241816e+00 
 6.48228000e-04  3.69240140e+00 
 6.48328000e-04  3.69238465e+00 
 6.48428000e-04  3.69236789e+00 
 6.48528000e-04  3.69235114e+00 
 6.48628000e-04  3.69233439e+00 
 6.48728000e-04  3.69231763e+00 
 6.48828000e-04  3.69230088e+00 
 6.48928000e-04  3.69228413e+00 
 6.49028000e-04  3.69226738e+00 
 6.49128000e-04  3.69225063e+00 
 6.49228000e-04  3.69223388e+00 
 6.49328000e-04  3.69221713e+00 
 6.49428000e-04  3.69220038e+00 
 6.49528000e-04  3.69218363e+00 
 6.49628000e-04  3.69216688e+00 
 6.49728000e-04  3.69215013e+00 
 6.49828000e-04  3.69213338e+00 
 6.49928000e-04  3.69211664e+00 
 6.50028000e-04  3.69209989e+00 
 6.50128000e-04  3.69208315e+00 
 6.50228000e-04  3.69206640e+00 
 6.50328000e-04  3.69204966e+00 
 6.50428000e-04  3.69203291e+00 
 6.50528000e-04  3.69201617e+00 
 6.50628000e-04  3.69199943e+00 
 6.50728000e-04  3.69198269e+00 
 6.50828000e-04  3.69196595e+00 
 6.50928000e-04  3.69194920e+00 
 6.51028000e-04  3.69193246e+00 
 6.51128000e-04  3.69191572e+00 
 6.51228000e-04  3.69189899e+00 
 6.51328000e-04  3.69188225e+00 
 6.51428000e-04  3.69186551e+00 
 6.51528000e-04  3.69184877e+00 
 6.51628000e-04  3.69183203e+00 
 6.51728000e-04  3.69181530e+00 
 6.51828000e-04  3.69179856e+00 
 6.51928000e-04  3.69178183e+00 
 6.52028000e-04  3.69176509e+00 
 6.52128000e-04  3.69174836e+00 
 6.52228000e-04  3.69173162e+00 
 6.52328000e-04  3.69171489e+00 
 6.52428000e-04  3.69169816e+00 
 6.52528000e-04  3.69168142e+00 
 6.52628000e-04  3.69166469e+00 
 6.52728000e-04  3.69164796e+00 
 6.52828000e-04  3.69163123e+00 
 6.52928000e-04  3.69161450e+00 
 6.53028000e-04  3.69159777e+00 
 6.53128000e-04  3.69158104e+00 
 6.53228000e-04  3.69156431e+00 
 6.53328000e-04  3.69154759e+00 
 6.53428000e-04  3.69153086e+00 
 6.53528000e-04  3.69151413e+00 
 6.53628000e-04  3.69149740e+00 
 6.53728000e-04  3.69148068e+00 
 6.53828000e-04  3.69146395e+00 
 6.53928000e-04  3.69144723e+00 
 6.54028000e-04  3.69143050e+00 
 6.54128000e-04  3.69141378e+00 
 6.54228000e-04  3.69139706e+00 
 6.54328000e-04  3.69138033e+00 
 6.54428000e-04  3.69136361e+00 
 6.54528000e-04  3.69134689e+00 
 6.54628000e-04  3.69133017e+00 
 6.54728000e-04  3.69131345e+00 
 6.54828000e-04  3.69129672e+00 
 6.54928000e-04  3.69128000e+00 
 6.55028000e-04  3.69126328e+00 
 6.55128000e-04  3.69124657e+00 
 6.55228000e-04  3.69122985e+00 
 6.55328000e-04  3.69121313e+00 
 6.55428000e-04  3.69119641e+00 
 6.55528000e-04  3.69117969e+00 
 6.55628000e-04  3.69116298e+00 
 6.55728000e-04  3.69114626e+00 
 6.55828000e-04  3.69112954e+00 
 6.55928000e-04  3.69111283e+00 
 6.56028000e-04  3.69109611e+00 
 6.56128000e-04  3.69107940e+00 
 6.56228000e-04  3.69106268e+00 
 6.56328000e-04  3.69104597e+00 
 6.56428000e-04  3.69102926e+00 
 6.56528000e-04  3.69101254e+00 
 6.56628000e-04  3.69099583e+00 
 6.56728000e-04  3.69097912e+00 
 6.56828000e-04  3.69096241e+00 
 6.56928000e-04  3.69094570e+00 
 6.57028000e-04  3.69092899e+00 
 6.57128000e-04  3.69091228e+00 
 6.57228000e-04  3.69089557e+00 
 6.57328000e-04  3.69087886e+00 
 6.57428000e-04  3.69086215e+00 
 6.57528000e-04  3.69084544e+00 
 6.57628000e-04  3.69082873e+00 
 6.57728000e-04  3.69081203e+00 
 6.57828000e-04  3.69079532e+00 
 6.57928000e-04  3.69077861e+00 
 6.58028000e-04  3.69076191e+00 
 6.58128000e-04  3.69074520e+00 
 6.58228000e-04  3.69072850e+00 
 6.58328000e-04  3.69071179e+00 
 6.58428000e-04  3.69069509e+00 
 6.58528000e-04  3.69067838e+00 
 6.58628000e-04  3.69066168e+00 
 6.58728000e-04  3.69064498e+00 
 6.58828000e-04  3.69062827e+00 
 6.58928000e-04  3.69061157e+00 
 6.59028000e-04  3.69059487e+00 
 6.59128000e-04  3.69057817e+00 
 6.59228000e-04  3.69056146e+00 
 6.59328000e-04  3.69054476e+00 
 6.59428000e-04  3.69052806e+00 
 6.59528000e-04  3.69051136e+00 
 6.59628000e-04  3.69049466e+00 
 6.59728000e-04  3.69047796e+00 
 6.59828000e-04  3.69046126e+00 
 6.59928000e-04  3.69044456e+00 
 6.60028000e-04  3.69042786e+00 
 6.60128000e-04  3.69041117e+00 
 6.60228000e-04  3.69039447e+00 
 6.60328000e-04  3.69037777e+00 
 6.60428000e-04  3.69036107e+00 
 6.60528000e-04  3.69034437e+00 
 6.60628000e-04  3.69032768e+00 
 6.60728000e-04  3.69031098e+00 
 6.60828000e-04  3.69029428e+00 
 6.60928000e-04  3.69027759e+00 
 6.61028000e-04  3.69026089e+00 
 6.61128000e-04  3.69024420e+00 
 6.61228000e-04  3.69022750e+00 
 6.61328000e-04  3.69021081e+00 
 6.61428000e-04  3.69019411e+00 
 6.61528000e-04  3.69017742e+00 
 6.61628000e-04  3.69016072e+00 
 6.61728000e-04  3.69014403e+00 
 6.61828000e-04  3.69012733e+00 
 6.61928000e-04  3.69011064e+00 
 6.62028000e-04  3.69009395e+00 
 6.62128000e-04  3.69007725e+00 
 6.62228000e-04  3.69006056e+00 
 6.62328000e-04  3.69004387e+00 
 6.62428000e-04  3.69002718e+00 
 6.62528000e-04  3.69001048e+00 
 6.62628000e-04  3.68999379e+00 
 6.62728000e-04  3.68997710e+00 
 6.62828000e-04  3.68996041e+00 
 6.62928000e-04  3.68994372e+00 
 6.63028000e-04  3.68992703e+00 
 6.63128000e-04  3.68991034e+00 
 6.63228000e-04  3.68989365e+00 
 6.63328000e-04  3.68987696e+00 
 6.63428000e-04  3.68986027e+00 
 6.63528000e-04  3.68984358e+00 
 6.63628000e-04  3.68982689e+00 
 6.63728000e-04  3.68981021e+00 
 6.63828000e-04  3.68979352e+00 
 6.63928000e-04  3.68977683e+00 
 6.64028000e-04  3.68976015e+00 
 6.64128000e-04  3.68974346e+00 
 6.64228000e-04  3.68972678e+00 
 6.64328000e-04  3.68971010e+00 
 6.64428000e-04  3.68969342e+00 
 6.64528000e-04  3.68967674e+00 
 6.64628000e-04  3.68966006e+00 
 6.64728000e-04  3.68964339e+00 
 6.64828000e-04  3.68962671e+00 
 6.64928000e-04  3.68961005e+00 
 6.65028000e-04  3.68959338e+00 
 6.65128000e-04  3.68957672e+00 
 6.65228000e-04  3.68956006e+00 
 6.65328000e-04  3.68954341e+00 
 6.65428000e-04  3.68952676e+00 
 6.65528000e-04  3.68951013e+00 
 6.65628000e-04  3.68949350e+00 
 6.65728000e-04  3.68947688e+00 
 6.65828000e-04  3.68946027e+00 
 6.65928000e-04  3.68944367e+00 
 6.66028000e-04  3.68942709e+00 
 6.66128000e-04  3.68941053e+00 
 6.66228000e-04  3.68939398e+00 
 6.66328000e-04  3.68937746e+00 
 6.66428000e-04  3.68936096e+00 
 6.66528000e-04  3.68934450e+00 
 6.66628000e-04  3.68932806e+00 
 6.66728000e-04  3.68931167e+00 
 6.66828000e-04  3.68929532e+00 
 6.66928000e-04  3.68927902e+00 
 6.67028000e-04  3.68926278e+00 
 6.67128000e-04  3.68924660e+00 
 6.67228000e-04  3.68923049e+00 
 6.67328000e-04  3.68921447e+00 
 6.67428000e-04  3.68919855e+00 
 6.67528000e-04  3.68918273e+00 
 6.67628000e-04  3.68916703e+00 
 6.67728000e-04  3.68915147e+00 
 6.67828000e-04  3.68913606e+00 
 6.67928000e-04  3.68912082e+00 
 6.68028000e-04  3.68910577e+00 
 6.68128000e-04  3.68909095e+00 
 6.68228000e-04  3.68907636e+00 
 6.68328000e-04  3.68906205e+00 
 6.68428000e-04  3.68904804e+00 
 6.68528000e-04  3.68903436e+00 
 6.68628000e-04  3.68902107e+00 
 6.68728000e-04  3.68900819e+00 
 6.68828000e-04  3.68899578e+00 
 6.68928000e-04  3.68898389e+00 
 6.69028000e-04  3.68897256e+00 
 6.69128000e-04  3.68896187e+00 
 6.69228000e-04  3.68895187e+00 
 6.69328000e-04  3.68894265e+00 
 6.69428000e-04  3.68893427e+00 
 6.69528000e-04  3.68892682e+00 
 6.69628000e-04  3.68892039e+00 
 6.69728000e-04  3.68891508e+00 
 6.69828000e-04  3.68891100e+00 
 6.69928000e-04  3.68890825e+00 
 6.70028000e-04  3.68890697e+00 
 6.70128000e-04  3.68890727e+00 
 6.70228000e-04  3.68890931e+00 
 6.70328000e-04  3.68891322e+00 
 6.70428000e-04  3.68891916e+00 
 6.70528000e-04  3.68892731e+00 
 6.70628000e-04  3.68893783e+00 
 6.70728000e-04  3.68895092e+00 
 6.70828000e-04  3.68896677e+00 
 6.70928000e-04  3.68898559e+00 
 6.71028000e-04  3.68900759e+00 
 6.71128000e-04  3.68903300e+00 
 6.71228000e-04  3.68906205e+00 
 6.71328000e-04  3.68909498e+00 
 6.71428000e-04  3.68913206e+00 
 6.71528000e-04  3.68917353e+00 
 6.71628000e-04  3.68921968e+00 
 6.71728000e-04  3.68927076e+00 
 6.71828000e-04  3.68932706e+00 
 6.71928000e-04  3.68938887e+00 
 6.72028000e-04  3.68945647e+00 
 6.72128000e-04  3.68953015e+00 
 6.72228000e-04  3.68961020e+00 
 6.72328000e-04  3.68969691e+00 
 6.72428000e-04  3.68979057e+00 
 6.72528000e-04  3.68989146e+00 
 6.72628000e-04  3.68999985e+00 
 6.72728000e-04  3.69011601e+00 
 6.72828000e-04  3.69024021e+00 
 6.72928000e-04  3.69037268e+00 
 6.73028000e-04  3.69051365e+00 
 6.73128000e-04  3.69066334e+00 
 6.73228000e-04  3.69082195e+00 
 6.73328000e-04  3.69098964e+00 
 6.73428000e-04  3.69116657e+00 
 6.73528000e-04  3.69135286e+00 
 6.73628000e-04  3.69154861e+00 
 6.73728000e-04  3.69175389e+00 
 6.73828000e-04  3.69196873e+00 
 6.73928000e-04  3.69219314e+00 
 6.74028000e-04  3.69242708e+00 
 6.74128000e-04  3.69267051e+00 
 6.74228000e-04  3.69292330e+00 
 6.74328000e-04  3.69318533e+00 
 6.74428000e-04  3.69345641e+00 
 6.74528000e-04  3.69373635e+00 
 6.74628000e-04  3.69402487e+00 
 6.74728000e-04  3.69432170e+00 
 6.74828000e-04  3.69462650e+00 
 6.74928000e-04  3.69493892e+00 
 6.75028000e-04  3.69525856e+00 
 6.75128000e-04  3.69558497e+00 
 6.75228000e-04  3.69591771e+00 
 6.75328000e-04  3.69625626e+00 
 6.75428000e-04  3.69660011e+00 
 6.75528000e-04  3.69694870e+00 
 6.75628000e-04  3.69730146e+00 
 6.75728000e-04  3.69765779e+00 
 6.75828000e-04  3.69801706e+00 
 6.75928000e-04  3.69837864e+00 
 6.76028000e-04  3.69874188e+00 
 6.76128000e-04  3.69910612e+00 
 6.76228000e-04  3.69947069e+00 
 6.76328000e-04  3.69983491e+00 
 6.76428000e-04  3.70019810e+00 
 6.76528000e-04  3.70055957e+00 
 6.76628000e-04  3.70091866e+00 
 6.76728000e-04  3.70127469e+00 
 6.76828000e-04  3.70162699e+00 
 6.76928000e-04  3.70197491e+00 
 6.77028000e-04  3.70231782e+00 
 6.77128000e-04  3.70265507e+00 
 6.77228000e-04  3.70298607e+00 
 6.77328000e-04  3.70331022e+00 
 6.77428000e-04  3.70362696e+00 
 6.77528000e-04  3.70393575e+00 
 6.77628000e-04  3.70423606e+00 
 6.77728000e-04  3.70452741e+00 
 6.77828000e-04  3.70480933e+00 
 6.77928000e-04  3.70508128e+00 
 6.78028000e-04  3.70534287e+00 
 6.78128000e-04  3.70559391e+00 
 6.78228000e-04  3.70583406e+00 
 6.78328000e-04  3.70606298e+00 
 6.78428000e-04  3.70628039e+00 
 6.78528000e-04  3.70648604e+00 
 6.78628000e-04  3.70667970e+00 
 6.78728000e-04  3.70686119e+00 
 6.78828000e-04  3.70703036e+00 
 6.78928000e-04  3.70718724e+00 
 6.79028000e-04  3.70733186e+00 
 6.79128000e-04  3.70746408e+00 
 6.79228000e-04  3.70758392e+00 
 6.79328000e-04  3.70769144e+00 
 6.79428000e-04  3.70778672e+00 
 6.79528000e-04  3.70786988e+00 
 6.79628000e-04  3.70794109e+00 
 6.79728000e-04  3.70800053e+00 
 6.79828000e-04  3.70804841e+00 
 6.79928000e-04  3.70808498e+00 
 6.80028000e-04  3.70811052e+00 
 6.80128000e-04  3.70812532e+00 
 6.80228000e-04  3.70812972e+00 
 6.80328000e-04  3.70812407e+00 
 6.80428000e-04  3.70810873e+00 
 6.80528000e-04  3.70808410e+00 
 6.80628000e-04  3.70805060e+00 
 6.80728000e-04  3.70800864e+00 
 6.80828000e-04  3.70795867e+00 
 6.80928000e-04  3.70790114e+00 
 6.81028000e-04  3.70783651e+00 
 6.81128000e-04  3.70776527e+00 
 6.81228000e-04  3.70768788e+00 
 6.81328000e-04  3.70760483e+00 
 6.81428000e-04  3.70751660e+00 
 6.81528000e-04  3.70742368e+00 
 6.81628000e-04  3.70732654e+00 
 6.81728000e-04  3.70722566e+00 
 6.81828000e-04  3.70712151e+00 
 6.81928000e-04  3.70701455e+00 
 6.82028000e-04  3.70690523e+00 
 6.82128000e-04  3.70679399e+00 
 6.82228000e-04  3.70668125e+00 
 6.82328000e-04  3.70656743e+00 
 6.82428000e-04  3.70645291e+00 
 6.82528000e-04  3.70633806e+00 
 6.82628000e-04  3.70622326e+00 
 6.82728000e-04  3.70610882e+00 
 6.82828000e-04  3.70599507e+00 
 6.82928000e-04  3.70588230e+00 
 6.83028000e-04  3.70577078e+00 
 6.83128000e-04  3.70566077e+00 
 6.83228000e-04  3.70555248e+00 
 6.83328000e-04  3.70544613e+00 
 6.83428000e-04  3.70534190e+00 
 6.83528000e-04  3.70523995e+00 
 6.83628000e-04  3.70514042e+00 
 6.83728000e-04  3.70504343e+00 
 6.83828000e-04  3.70494909e+00 
 6.83928000e-04  3.70485747e+00 
 6.84028000e-04  3.70476863e+00 
 6.84128000e-04  3.70468262e+00 
 6.84228000e-04  3.70459947e+00 
 6.84328000e-04  3.70451919e+00 
 6.84428000e-04  3.70444178e+00 
 6.84528000e-04  3.70436721e+00 
 6.84628000e-04  3.70429548e+00 
 6.84728000e-04  3.70422653e+00 
 6.84828000e-04  3.70416032e+00 
 6.84928000e-04  3.70409679e+00 
 6.85028000e-04  3.70403587e+00 
 6.85128000e-04  3.70397750e+00 
 6.85228000e-04  3.70392160e+00 
 6.85328000e-04  3.70386808e+00 
 6.85428000e-04  3.70381686e+00 
 6.85528000e-04  3.70376785e+00 
 6.85628000e-04  3.70372095e+00 
 6.85728000e-04  3.70367608e+00 
 6.85828000e-04  3.70363314e+00 
 6.85928000e-04  3.70359204e+00 
 6.86028000e-04  3.70355268e+00 
 6.86128000e-04  3.70351497e+00 
 6.86228000e-04  3.70347883e+00 
 6.86328000e-04  3.70344415e+00 
 6.86428000e-04  3.70341086e+00 
 6.86528000e-04  3.70337887e+00 
 6.86628000e-04  3.70334809e+00 
 6.86728000e-04  3.70331846e+00 
 6.86828000e-04  3.70328989e+00 
 6.86928000e-04  3.70326230e+00 
 6.87028000e-04  3.70323564e+00 
 6.87128000e-04  3.70320983e+00 
 6.87228000e-04  3.70318482e+00 
 6.87328000e-04  3.70316053e+00 
 6.87428000e-04  3.70313692e+00 
 6.87528000e-04  3.70311393e+00 
 6.87628000e-04  3.70309152e+00 
 6.87728000e-04  3.70306962e+00 
 6.87828000e-04  3.70304821e+00 
 6.87928000e-04  3.70302724e+00 
 6.88028000e-04  3.70300668e+00 
 6.88128000e-04  3.70298648e+00 
 6.88228000e-04  3.70296661e+00 
 6.88328000e-04  3.70294705e+00 
 6.88428000e-04  3.70292776e+00 
 6.88528000e-04  3.70290873e+00 
 6.88628000e-04  3.70288992e+00 
 6.88728000e-04  3.70287131e+00 
 6.88828000e-04  3.70285289e+00 
 6.88928000e-04  3.70283464e+00 
 6.89028000e-04  3.70281653e+00 
 6.89128000e-04  3.70279856e+00 
 6.89228000e-04  3.70278071e+00 
 6.89328000e-04  3.70276297e+00 
 6.89428000e-04  3.70274532e+00 
 6.89528000e-04  3.70272776e+00 
 6.89628000e-04  3.70271028e+00 
 6.89728000e-04  3.70269286e+00 
 6.89828000e-04  3.70267551e+00 
 6.89928000e-04  3.70265821e+00 
 6.90028000e-04  3.70264095e+00 
 6.90128000e-04  3.70262374e+00 
 6.90228000e-04  3.70260657e+00 
 6.90328000e-04  3.70258943e+00 
 6.90428000e-04  3.70257232e+00 
 6.90528000e-04  3.70255524e+00 
 6.90628000e-04  3.70253817e+00 
 6.90728000e-04  3.70252113e+00 
 6.90828000e-04  3.70250410e+00 
 6.90928000e-04  3.70248709e+00 
 6.91028000e-04  3.70247010e+00 
 6.91128000e-04  3.70245311e+00 
 6.91228000e-04  3.70243614e+00 
 6.91328000e-04  3.70241917e+00 
 6.91428000e-04  3.70240221e+00 
 6.91528000e-04  3.70238526e+00 
 6.91628000e-04  3.70236832e+00 
 6.91728000e-04  3.70235138e+00 
 6.91828000e-04  3.70233444e+00 
 6.91928000e-04  3.70231751e+00 
 6.92028000e-04  3.70230058e+00 
 6.92128000e-04  3.70228365e+00 
 6.92228000e-04  3.70226673e+00 
 6.92328000e-04  3.70224981e+00 
 6.92428000e-04  3.70223289e+00 
 6.92528000e-04  3.70221597e+00 
 6.92628000e-04  3.70219905e+00 
 6.92728000e-04  3.70218214e+00 
 6.92828000e-04  3.70216522e+00 
 6.92928000e-04  3.70214831e+00 
 6.93028000e-04  3.70213140e+00 
 6.93128000e-04  3.70211448e+00 
 6.93228000e-04  3.70209757e+00 
 6.93328000e-04  3.70208066e+00 
 6.93428000e-04  3.70206375e+00 
 6.93528000e-04  3.70204684e+00 
 6.93628000e-04  3.70202993e+00 
 6.93728000e-04  3.70201302e+00 
 6.93828000e-04  3.70199611e+00 
 6.93928000e-04  3.70197921e+00 
 6.94028000e-04  3.70196230e+00 
 6.94128000e-04  3.70194539e+00 
 6.94228000e-04  3.70192848e+00 
 6.94328000e-04  3.70191157e+00 
 6.94428000e-04  3.70189467e+00 
 6.94528000e-04  3.70187776e+00 
 6.94628000e-04  3.70186085e+00 
 6.94728000e-04  3.70184395e+00 
 6.94828000e-04  3.70182704e+00 
 6.94928000e-04  3.70181014e+00 
 6.95028000e-04  3.70179323e+00 
 6.95128000e-04  3.70177632e+00 
 6.95228000e-04  3.70175942e+00 
 6.95328000e-04  3.70174251e+00 
 6.95428000e-04  3.70172561e+00 
 6.95528000e-04  3.70170871e+00 
 6.95628000e-04  3.70169180e+00 
 6.95728000e-04  3.70167490e+00 
 6.95828000e-04  3.70165799e+00 
 6.95928000e-04  3.70164109e+00 
 6.96028000e-04  3.70162419e+00 
 6.96128000e-04  3.70160729e+00 
 6.96228000e-04  3.70159038e+00 
 6.96328000e-04  3.70157348e+00 
 6.96428000e-04  3.70155658e+00 
 6.96528000e-04  3.70153968e+00 
 6.96628000e-04  3.70152278e+00 
 6.96728000e-04  3.70150587e+00 
 6.96828000e-04  3.70148897e+00 
 6.96928000e-04  3.70147207e+00 
 6.97028000e-04  3.70145517e+00 
 6.97128000e-04  3.70143827e+00 
 6.97228000e-04  3.70142137e+00 
 6.97328000e-04  3.70140447e+00 
 6.97428000e-04  3.70138758e+00 
 6.97528000e-04  3.70137068e+00 
 6.97628000e-04  3.70135378e+00 
 6.97728000e-04  3.70133688e+00 
 6.97828000e-04  3.70131998e+00 
 6.97928000e-04  3.70130309e+00 
 6.98028000e-04  3.70128619e+00 
 6.98128000e-04  3.70126929e+00 
 6.98228000e-04  3.70125240e+00 
 6.98328000e-04  3.70123550e+00 
 6.98428000e-04  3.70121861e+00 
 6.98528000e-04  3.70120171e+00 
 6.98628000e-04  3.70118482e+00 
 6.98728000e-04  3.70116792e+00 
 6.98828000e-04  3.70115103e+00 
 6.98928000e-04  3.70113413e+00 
 6.99028000e-04  3.70111724e+00 
 6.99128000e-04  3.70110035e+00 
 6.99228000e-04  3.70108346e+00 
 6.99328000e-04  3.70106656e+00 
 6.99428000e-04  3.70104967e+00 
 6.99528000e-04  3.70103278e+00 
 6.99628000e-04  3.70101589e+00 
 6.99728000e-04  3.70099900e+00 
 6.99828000e-04  3.70098211e+00 
 6.99928000e-04  3.70096522e+00 
 7.00028000e-04  3.70094833e+00 
 7.00128000e-04  3.70093144e+00 
 7.00228000e-04  3.70091455e+00 
 7.00328000e-04  3.70089766e+00 
 7.00428000e-04  3.70088078e+00 
 7.00528000e-04  3.70086389e+00 
 7.00628000e-04  3.70084700e+00 
 7.00728000e-04  3.70083011e+00 
 7.00828000e-04  3.70081323e+00 
 7.00928000e-04  3.70079634e+00 
 7.01028000e-04  3.70077946e+00 
 7.01128000e-04  3.70076257e+00 
 7.01228000e-04  3.70074569e+00 
 7.01328000e-04  3.70072880e+00 
 7.01428000e-04  3.70071192e+00 
 7.01528000e-04  3.70069504e+00 
 7.01628000e-04  3.70067815e+00 
 7.01728000e-04  3.70066127e+00 
 7.01828000e-04  3.70064439e+00 
 7.01928000e-04  3.70062751e+00 
 7.02028000e-04  3.70061063e+00 
 7.02128000e-04  3.70059375e+00 
 7.02228000e-04  3.70057687e+00 
 7.02328000e-04  3.70055999e+00 
 7.02428000e-04  3.70054311e+00 
 7.02528000e-04  3.70052623e+00 
 7.02628000e-04  3.70050935e+00 
 7.02728000e-04  3.70049248e+00 
 7.02828000e-04  3.70047560e+00 
 7.02928000e-04  3.70045872e+00 
 7.03028000e-04  3.70044185e+00 
 7.03128000e-04  3.70042497e+00 
 7.03228000e-04  3.70040809e+00 
 7.03328000e-04  3.70039122e+00 
 7.03428000e-04  3.70037435e+00 
 7.03528000e-04  3.70035747e+00 
 7.03628000e-04  3.70034060e+00 
 7.03728000e-04  3.70032373e+00 
 7.03828000e-04  3.70030685e+00 
 7.03928000e-04  3.70028998e+00 
 7.04028000e-04  3.70027311e+00 
 7.04128000e-04  3.70025624e+00 
 7.04228000e-04  3.70023937e+00 
 7.04328000e-04  3.70022250e+00 
 7.04428000e-04  3.70020563e+00 
 7.04528000e-04  3.70018876e+00 
 7.04628000e-04  3.70017190e+00 
 7.04728000e-04  3.70015503e+00 
 7.04828000e-04  3.70013816e+00 
 7.04928000e-04  3.70012130e+00 
 7.05028000e-04  3.70010443e+00 
 7.05128000e-04  3.70008757e+00 
 7.05228000e-04  3.70007070e+00 
 7.05328000e-04  3.70005384e+00 
 7.05428000e-04  3.70003697e+00 
 7.05528000e-04  3.70002011e+00 
 7.05628000e-04  3.70000325e+00 
 7.05728000e-04  3.69998638e+00 
 7.05828000e-04  3.69996952e+00 
 7.05928000e-04  3.69995266e+00 
 7.06028000e-04  3.69993580e+00 
 7.06128000e-04  3.69991894e+00 
 7.06228000e-04  3.69990208e+00 
 7.06328000e-04  3.69988522e+00 
 7.06428000e-04  3.69986837e+00 
 7.06528000e-04  3.69985151e+00 
 7.06628000e-04  3.69983465e+00 
 7.06728000e-04  3.69981779e+00 
 7.06828000e-04  3.69980094e+00 
 7.06928000e-04  3.69978408e+00 
 7.07028000e-04  3.69976723e+00 
 7.07128000e-04  3.69975037e+00 
 7.07228000e-04  3.69973352e+00 
 7.07328000e-04  3.69971667e+00 
 7.07428000e-04  3.69969981e+00 
 7.07528000e-04  3.69968296e+00 
 7.07628000e-04  3.69966611e+00 
 7.07728000e-04  3.69964926e+00 
 7.07828000e-04  3.69963241e+00 
 7.07928000e-04  3.69961556e+00 
 7.08028000e-04  3.69959871e+00 
 7.08128000e-04  3.69958186e+00 
 7.08228000e-04  3.69956501e+00 
 7.08328000e-04  3.69954816e+00 
 7.08428000e-04  3.69953132e+00 
 7.08528000e-04  3.69951447e+00 
 7.08628000e-04  3.69949763e+00 
 7.08728000e-04  3.69948078e+00 
 7.08828000e-04  3.69946394e+00 
 7.08928000e-04  3.69944709e+00 
 7.09028000e-04  3.69943025e+00 
 7.09128000e-04  3.69941341e+00 
 7.09228000e-04  3.69939656e+00 
 7.09328000e-04  3.69937972e+00 
 7.09428000e-04  3.69936288e+00 
 7.09528000e-04  3.69934604e+00 
 7.09628000e-04  3.69932920e+00 
 7.09728000e-04  3.69931236e+00 
 7.09828000e-04  3.69929552e+00 
 7.09928000e-04  3.69927868e+00 
 7.10028000e-04  3.69926185e+00 
 7.10128000e-04  3.69924501e+00 
 7.10228000e-04  3.69922817e+00 
 7.10328000e-04  3.69921134e+00 
 7.10428000e-04  3.69919450e+00 
 7.10528000e-04  3.69917767e+00 
 7.10628000e-04  3.69916083e+00 
 7.10728000e-04  3.69914400e+00 
 7.10828000e-04  3.69912717e+00 
 7.10928000e-04  3.69911033e+00 
 7.11028000e-04  3.69909350e+00 
 7.11128000e-04  3.69907667e+00 
 7.11228000e-04  3.69905984e+00 
 7.11328000e-04  3.69904301e+00 
 7.11428000e-04  3.69902618e+00 
 7.11528000e-04  3.69900935e+00 
 7.11628000e-04  3.69899252e+00 
 7.11728000e-04  3.69897570e+00 
 7.11828000e-04  3.69895887e+00 
 7.11928000e-04  3.69894204e+00 
 7.12028000e-04  3.69892522e+00 
 7.12128000e-04  3.69890839e+00 
 7.12228000e-04  3.69889157e+00 
 7.12328000e-04  3.69887474e+00 
 7.12428000e-04  3.69885792e+00 
 7.12528000e-04  3.69884110e+00 
 7.12628000e-04  3.69882428e+00 
 7.12728000e-04  3.69880745e+00 
 7.12828000e-04  3.69879063e+00 
 7.12928000e-04  3.69877381e+00 
 7.13028000e-04  3.69875699e+00 
 7.13128000e-04  3.69874017e+00 
 7.13228000e-04  3.69872336e+00 
 7.13328000e-04  3.69870654e+00 
 7.13428000e-04  3.69868972e+00 
 7.13528000e-04  3.69867290e+00 
 7.13628000e-04  3.69865609e+00 
 7.13728000e-04  3.69863927e+00 
 7.13828000e-04  3.69862246e+00 
 7.13928000e-04  3.69860564e+00 
 7.14028000e-04  3.69858883e+00 
 7.14128000e-04  3.69857202e+00 
 7.14228000e-04  3.69855520e+00 
 7.14328000e-04  3.69853839e+00 
 7.14428000e-04  3.69852158e+00 
 7.14528000e-04  3.69850477e+00 
 7.14628000e-04  3.69848796e+00 
 7.14728000e-04  3.69847115e+00 
 7.14828000e-04  3.69845434e+00 
 7.14928000e-04  3.69843753e+00 
 7.15028000e-04  3.69842073e+00 
 7.15128000e-04  3.69840392e+00 
 7.15228000e-04  3.69838711e+00 
 7.15328000e-04  3.69837031e+00 
 7.15428000e-04  3.69835350e+00 
 7.15528000e-04  3.69833670e+00 
 7.15628000e-04  3.69831989e+00 
 7.15728000e-04  3.69830309e+00 
 7.15828000e-04  3.69828629e+00 
 7.15928000e-04  3.69826948e+00 
 7.16028000e-04  3.69825268e+00 
 7.16128000e-04  3.69823588e+00 
 7.16228000e-04  3.69821908e+00 
 7.16328000e-04  3.69820228e+00 
 7.16428000e-04  3.69818548e+00 
 7.16528000e-04  3.69816868e+00 
 7.16628000e-04  3.69815189e+00 
 7.16728000e-04  3.69813509e+00 
 7.16828000e-04  3.69811829e+00 
 7.16928000e-04  3.69810150e+00 
 7.17028000e-04  3.69808470e+00 
 7.17128000e-04  3.69806791e+00 
 7.17228000e-04  3.69805111e+00 
 7.17328000e-04  3.69803432e+00 
 7.17428000e-04  3.69801752e+00 
 7.17528000e-04  3.69800073e+00 
 7.17628000e-04  3.69798394e+00 
 7.17728000e-04  3.69796715e+00 
 7.17828000e-04  3.69795036e+00 
 7.17928000e-04  3.69793357e+00 
 7.18028000e-04  3.69791678e+00 
 7.18128000e-04  3.69789999e+00 
 7.18228000e-04  3.69788320e+00 
 7.18328000e-04  3.69786641e+00 
 7.18428000e-04  3.69784963e+00 
 7.18528000e-04  3.69783284e+00 
 7.18628000e-04  3.69781605e+00 
 7.18728000e-04  3.69779927e+00 
 7.18828000e-04  3.69778248e+00 
 7.18928000e-04  3.69776570e+00 
 7.19028000e-04  3.69774891e+00 
 7.19128000e-04  3.69773213e+00 
 7.19228000e-04  3.69771535e+00 
 7.19328000e-04  3.69769857e+00 
 7.19428000e-04  3.69768179e+00 
 7.19528000e-04  3.69766500e+00 
 7.19628000e-04  3.69764822e+00 
 7.19728000e-04  3.69763144e+00 
 7.19828000e-04  3.69761467e+00 
 7.19928000e-04  3.69759789e+00 
 7.20028000e-04  3.69758111e+00 
 7.20128000e-04  3.69756433e+00 
 7.20228000e-04  3.69754756e+00 
 7.20328000e-04  3.69753078e+00 
 7.20428000e-04  3.69751400e+00 
 7.20528000e-04  3.69749723e+00 
 7.20628000e-04  3.69748045e+00 
 7.20728000e-04  3.69746368e+00 
 7.20828000e-04  3.69744691e+00 
 7.20928000e-04  3.69743013e+00 
 7.21028000e-04  3.69741336e+00 
 7.21128000e-04  3.69739659e+00 
 7.21228000e-04  3.69737982e+00 
 7.21328000e-04  3.69736305e+00 
 7.21428000e-04  3.69734628e+00 
 7.21528000e-04  3.69732951e+00 
 7.21628000e-04  3.69731274e+00 
 7.21728000e-04  3.69729597e+00 
 7.21828000e-04  3.69727921e+00 
 7.21928000e-04  3.69726244e+00 
 7.22028000e-04  3.69724567e+00 
 7.22128000e-04  3.69722891e+00 
 7.22228000e-04  3.69721214e+00 
 7.22328000e-04  3.69719538e+00 
 7.22428000e-04  3.69717861e+00 
 7.22528000e-04  3.69716185e+00 
 7.22628000e-04  3.69714508e+00 
 7.22728000e-04  3.69712832e+00 
 7.22828000e-04  3.69711156e+00 
 7.22928000e-04  3.69709480e+00 
 7.23028000e-04  3.69707804e+00 
 7.23128000e-04  3.69706128e+00 
 7.23228000e-04  3.69704452e+00 
 7.23328000e-04  3.69702776e+00 
 7.23428000e-04  3.69701100e+00 
 7.23528000e-04  3.69699424e+00 
 7.23628000e-04  3.69697748e+00 
 7.23728000e-04  3.69696072e+00 
 7.23828000e-04  3.69694397e+00 
 7.23928000e-04  3.69692721e+00 
 7.24028000e-04  3.69691045e+00 
 7.24128000e-04  3.69689370e+00 
 7.24228000e-04  3.69687695e+00 
 7.24328000e-04  3.69686019e+00 
 7.24428000e-04  3.69684344e+00 
 7.24528000e-04  3.69682668e+00 
 7.24628000e-04  3.69680993e+00 
 7.24728000e-04  3.69679318e+00 
 7.24828000e-04  3.69677643e+00 
 7.24928000e-04  3.69675968e+00 
 7.25028000e-04  3.69674293e+00 
 7.25128000e-04  3.69672618e+00 
 7.25228000e-04  3.69670943e+00 
 7.25328000e-04  3.69669268e+00 
 7.25428000e-04  3.69667593e+00 
 7.25528000e-04  3.69665918e+00 
 7.25628000e-04  3.69664243e+00 
 7.25728000e-04  3.69662569e+00 
 7.25828000e-04  3.69660894e+00 
 7.25928000e-04  3.69659219e+00 
 7.26028000e-04  3.69657545e+00 
 7.26128000e-04  3.69655870e+00 
 7.26228000e-04  3.69654196e+00 
 7.26328000e-04  3.69652521e+00 
 7.26428000e-04  3.69650847e+00 
 7.26528000e-04  3.69649173e+00 
 7.26628000e-04  3.69647498e+00 
 7.26728000e-04  3.69645824e+00 
 7.26828000e-04  3.69644150e+00 
 7.26928000e-04  3.69642476e+00 
 7.27028000e-04  3.69640802e+00 
 7.27128000e-04  3.69639128e+00 
 7.27228000e-04  3.69637454e+00 
 7.27328000e-04  3.69635780e+00 
 7.27428000e-04  3.69634106e+00 
 7.27528000e-04  3.69632432e+00 
 7.27628000e-04  3.69630758e+00 
 7.27728000e-04  3.69629084e+00 
 7.27828000e-04  3.69627411e+00 
 7.27928000e-04  3.69625737e+00 
 7.28028000e-04  3.69624063e+00 
 7.28128000e-04  3.69622390e+00 
 7.28228000e-04  3.69620716e+00 
 7.28328000e-04  3.69619043e+00 
 7.28428000e-04  3.69617369e+00 
 7.28528000e-04  3.69615696e+00 
 7.28628000e-04  3.69614022e+00 
 7.28728000e-04  3.69612349e+00 
 7.28828000e-04  3.69610676e+00 
 7.28928000e-04  3.69609003e+00 
 7.29028000e-04  3.69607329e+00 
 7.29128000e-04  3.69605656e+00 
 7.29228000e-04  3.69603983e+00 
 7.29328000e-04  3.69602310e+00 
 7.29428000e-04  3.69600637e+00 
 7.29528000e-04  3.69598964e+00 
 7.29628000e-04  3.69597291e+00 
 7.29728000e-04  3.69595618e+00 
 7.29828000e-04  3.69593945e+00 
 7.29928000e-04  3.69592273e+00 
 7.30028000e-04  3.69590600e+00 
 7.30128000e-04  3.69588927e+00 
 7.30228000e-04  3.69587254e+00 
 7.30328000e-04  3.69585582e+00 
 7.30428000e-04  3.69583909e+00 
 7.30528000e-04  3.69582236e+00 
 7.30628000e-04  3.69580564e+00 
 7.30728000e-04  3.69578891e+00 
 7.30828000e-04  3.69577219e+00 
 7.30928000e-04  3.69575546e+00 
 7.31028000e-04  3.69573874e+00 
 7.31128000e-04  3.69572202e+00 
 7.31228000e-04  3.69570529e+00 
 7.31328000e-04  3.69568857e+00 
 7.31428000e-04  3.69567185e+00 
 7.31528000e-04  3.69565512e+00 
 7.31628000e-04  3.69563840e+00 
 7.31728000e-04  3.69562168e+00 
 7.31828000e-04  3.69560496e+00 
 7.31928000e-04  3.69558824e+00 
 7.32028000e-04  3.69557151e+00 
 7.32128000e-04  3.69555479e+00 
 7.32228000e-04  3.69553807e+00 
 7.32328000e-04  3.69552135e+00 
 7.32428000e-04  3.69550463e+00 
 7.32528000e-04  3.69548791e+00 
 7.32628000e-04  3.69547119e+00 
 7.32728000e-04  3.69545448e+00 
 7.32828000e-04  3.69543776e+00 
 7.32928000e-04  3.69542104e+00 
 7.33028000e-04  3.69540432e+00 
 7.33128000e-04  3.69538760e+00 
 7.33228000e-04  3.69537088e+00 
 7.33328000e-04  3.69535417e+00 
 7.33428000e-04  3.69533745e+00 
 7.33528000e-04  3.69532073e+00 
 7.33628000e-04  3.69530402e+00 
 7.33728000e-04  3.69528730e+00 
 7.33828000e-04  3.69527058e+00 
 7.33928000e-04  3.69525387e+00 
 7.34028000e-04  3.69523715e+00 
 7.34128000e-04  3.69522043e+00 
 7.34228000e-04  3.69520372e+00 
 7.34328000e-04  3.69518700e+00 
 7.34428000e-04  3.69517029e+00 
 7.34528000e-04  3.69515358e+00 
 7.34628000e-04  3.69513686e+00 
 7.34728000e-04  3.69512015e+00 
 7.34828000e-04  3.69510343e+00 
 7.34928000e-04  3.69508672e+00 
 7.35028000e-04  3.69507001e+00 
 7.35128000e-04  3.69505330e+00 
 7.35228000e-04  3.69503659e+00 
 7.35328000e-04  3.69501988e+00 
 7.35428000e-04  3.69500317e+00 
 7.35528000e-04  3.69498646e+00 
 7.35628000e-04  3.69496975e+00 
 7.35728000e-04  3.69495304e+00 
 7.35828000e-04  3.69493634e+00 
 7.35928000e-04  3.69491963e+00 
 7.36028000e-04  3.69490293e+00 
 7.36128000e-04  3.69488623e+00 
 7.36228000e-04  3.69486953e+00 
 7.36328000e-04  3.69485284e+00 
 7.36428000e-04  3.69483614e+00 
 7.36528000e-04  3.69481946e+00 
 7.36628000e-04  3.69480277e+00 
 7.36728000e-04  3.69478609e+00 
 7.36828000e-04  3.69476942e+00 
 7.36928000e-04  3.69475275e+00 
 7.37028000e-04  3.69473609e+00 
 7.37128000e-04  3.69471944e+00 
 7.37228000e-04  3.69470280e+00 
 7.37328000e-04  3.69468617e+00 
 7.37428000e-04  3.69466955e+00 
 7.37528000e-04  3.69465295e+00 
 7.37628000e-04  3.69463637e+00 
 7.37728000e-04  3.69461980e+00 
 7.37828000e-04  3.69460326e+00 
 7.37928000e-04  3.69458675e+00 
 7.38028000e-04  3.69457026e+00 
 7.38128000e-04  3.69455382e+00 
 7.38228000e-04  3.69453741e+00 
 7.38328000e-04  3.69452104e+00 
 7.38428000e-04  3.69450473e+00 
 7.38528000e-04  3.69448847e+00 
 7.38628000e-04  3.69447229e+00 
 7.38728000e-04  3.69445617e+00 
 7.38828000e-04  3.69444015e+00 
 7.38928000e-04  3.69442421e+00 
 7.39028000e-04  3.69440839e+00 
 7.39128000e-04  3.69439269e+00 
 7.39228000e-04  3.69437713e+00 
 7.39328000e-04  3.69436172e+00 
 7.39428000e-04  3.69434649e+00 
 7.39528000e-04  3.69433145e+00 
 7.39628000e-04  3.69431663e+00 
 7.39728000e-04  3.69430206e+00 
 7.39828000e-04  3.69428776e+00 
 7.39928000e-04  3.69427376e+00 
 7.40028000e-04  3.69426011e+00 
 7.40128000e-04  3.69424684e+00 
 7.40228000e-04  3.69423399e+00 
 7.40328000e-04  3.69422160e+00 
 7.40428000e-04  3.69420973e+00 
 7.40528000e-04  3.69419844e+00 
 7.40628000e-04  3.69418778e+00 
 7.40728000e-04  3.69417781e+00 
 7.40828000e-04  3.69416861e+00 
 7.40928000e-04  3.69416026e+00 
 7.41028000e-04  3.69415284e+00 
 7.41128000e-04  3.69414643e+00 
 7.41228000e-04  3.69414114e+00 
 7.41328000e-04  3.69413706e+00 
 7.41428000e-04  3.69413432e+00 
 7.41528000e-04  3.69413302e+00 
 7.41628000e-04  3.69413330e+00 
 7.41728000e-04  3.69413529e+00 
 7.41828000e-04  3.69413913e+00 
 7.41928000e-04  3.69414499e+00 
 7.42028000e-04  3.69415301e+00 
 7.42128000e-04  3.69416338e+00 
 7.42228000e-04  3.69417627e+00 
 7.42328000e-04  3.69419188e+00 
 7.42428000e-04  3.69421040e+00 
 7.42528000e-04  3.69423204e+00 
 7.42628000e-04  3.69425702e+00 
 7.42728000e-04  3.69428557e+00 
 7.42828000e-04  3.69431792e+00 
 7.42928000e-04  3.69435430e+00 
 7.43028000e-04  3.69439498e+00 
 7.43128000e-04  3.69444021e+00 
 7.43228000e-04  3.69449024e+00 
 7.43328000e-04  3.69454534e+00 
 7.43428000e-04  3.69460579e+00 
 7.43528000e-04  3.69467185e+00 
 7.43628000e-04  3.69474380e+00 
 7.43728000e-04  3.69482191e+00 
 7.43828000e-04  3.69490645e+00 
 7.43928000e-04  3.69499770e+00 
 7.44028000e-04  3.69509591e+00 
 7.44128000e-04  3.69520133e+00 
 7.44228000e-04  3.69531423e+00 
 7.44328000e-04  3.69543484e+00 
 7.44428000e-04  3.69556337e+00 
 7.44528000e-04  3.69570005e+00 
 7.44628000e-04  3.69584506e+00 
 7.44728000e-04  3.69599857e+00 
 7.44828000e-04  3.69616075e+00 
 7.44928000e-04  3.69633172e+00 
 7.45028000e-04  3.69651159e+00 
 7.45128000e-04  3.69670044e+00 
 7.45228000e-04  3.69689831e+00 
 7.45328000e-04  3.69710524e+00 
 7.45428000e-04  3.69732120e+00 
 7.45528000e-04  3.69754615e+00 
 7.45628000e-04  3.69778003e+00 
 7.45728000e-04  3.69802271e+00 
 7.45828000e-04  3.69827405e+00 
 7.45928000e-04  3.69853387e+00 
 7.46028000e-04  3.69880195e+00 
 7.46128000e-04  3.69907803e+00 
 7.46228000e-04  3.69936183e+00 
 7.46328000e-04  3.69965301e+00 
 7.46428000e-04  3.69995123e+00 
 7.46528000e-04  3.70025608e+00 
 7.46628000e-04  3.70056715e+00 
 7.46728000e-04  3.70088397e+00 
 7.46828000e-04  3.70120607e+00 
 7.46928000e-04  3.70153294e+00 
 7.47028000e-04  3.70186403e+00 
 7.47128000e-04  3.70219879e+00 
 7.47228000e-04  3.70253665e+00 
 7.47328000e-04  3.70287700e+00 
 7.47428000e-04  3.70321923e+00 
 7.47528000e-04  3.70356273e+00 
 7.47628000e-04  3.70390686e+00 
 7.47728000e-04  3.70425096e+00 
 7.47828000e-04  3.70459441e+00 
 7.47928000e-04  3.70493655e+00 
 7.48028000e-04  3.70527673e+00 
 7.48128000e-04  3.70561431e+00 
 7.48228000e-04  3.70594864e+00 
 7.48328000e-04  3.70627911e+00 
 7.48428000e-04  3.70660509e+00 
 7.48528000e-04  3.70692598e+00 
 7.48628000e-04  3.70724119e+00 
 7.48728000e-04  3.70755014e+00 
 7.48828000e-04  3.70785228e+00 
 7.48928000e-04  3.70814709e+00 
 7.49028000e-04  3.70843406e+00 
 7.49128000e-04  3.70871269e+00 
 7.49228000e-04  3.70898255e+00 
 7.49328000e-04  3.70924307e+00 
 7.49428000e-04  3.70949387e+00 
 7.49528000e-04  3.70973478e+00 
 7.49628000e-04  3.70996546e+00 
 7.49728000e-04  3.71018558e+00 
 7.49828000e-04  3.71039485e+00 
 7.49928000e-04  3.71059302e+00 
 7.50028000e-04  3.71077985e+00 
 7.50128000e-04  3.71095516e+00 
 7.50228000e-04  3.71111879e+00 
 7.50328000e-04  3.71127074e+00 
 7.50428000e-04  3.71141100e+00 
 7.50528000e-04  3.71153947e+00 
 7.50628000e-04  3.71165613e+00 
 7.50728000e-04  3.71176104e+00 
 7.50828000e-04  3.71185426e+00 
 7.50928000e-04  3.71193591e+00 
 7.51028000e-04  3.71200613e+00 
 7.51128000e-04  3.71206507e+00 
 7.51228000e-04  3.71211294e+00 
 7.51328000e-04  3.71214996e+00 
 7.51428000e-04  3.71217640e+00 
 7.51528000e-04  3.71219253e+00 
 7.51628000e-04  3.71219866e+00 
 7.51728000e-04  3.71219511e+00 
 7.51828000e-04  3.71218224e+00 
 7.51928000e-04  3.71216043e+00 
 7.52028000e-04  3.71213004e+00 
 7.52128000e-04  3.71209150e+00 
 7.52228000e-04  3.71204522e+00 
 7.52328000e-04  3.71199163e+00 
 7.52428000e-04  3.71193117e+00 
 7.52528000e-04  3.71186429e+00 
 7.52628000e-04  3.71179145e+00 
 7.52728000e-04  3.71171310e+00 
 7.52828000e-04  3.71162971e+00 
 7.52928000e-04  3.71154174e+00 
 7.53028000e-04  3.71144965e+00 
 7.53128000e-04  3.71135389e+00 
 7.53228000e-04  3.71125491e+00 
 7.53328000e-04  3.71115315e+00 
 7.53428000e-04  3.71104905e+00 
 7.53528000e-04  3.71094303e+00 
 7.53628000e-04  3.71083549e+00 
 7.53728000e-04  3.71072682e+00 
 7.53828000e-04  3.71061741e+00 
 7.53928000e-04  3.71050761e+00 
 7.54028000e-04  3.71039777e+00 
 7.54128000e-04  3.71028821e+00 
 7.54228000e-04  3.71017924e+00 
 7.54328000e-04  3.71007113e+00 
 7.54428000e-04  3.70996415e+00 
 7.54528000e-04  3.70985855e+00 
 7.54628000e-04  3.70975454e+00 
 7.54728000e-04  3.70965232e+00 
 7.54828000e-04  3.70955208e+00 
 7.54928000e-04  3.70945398e+00 
 7.55028000e-04  3.70935814e+00 
 7.55128000e-04  3.70926469e+00 
 7.55228000e-04  3.70917372e+00 
 7.55328000e-04  3.70908533e+00 
 7.55428000e-04  3.70899956e+00 
 7.55528000e-04  3.70891647e+00 
 7.55628000e-04  3.70883608e+00 
 7.55728000e-04  3.70875842e+00 
 7.55828000e-04  3.70868348e+00 
 7.55928000e-04  3.70861124e+00 
 7.56028000e-04  3.70854169e+00 
 7.56128000e-04  3.70847480e+00 
 7.56228000e-04  3.70841051e+00 
 7.56328000e-04  3.70834878e+00 
 7.56428000e-04  3.70828954e+00 
 7.56528000e-04  3.70823273e+00 
 7.56628000e-04  3.70817828e+00 
 7.56728000e-04  3.70812610e+00 
 7.56828000e-04  3.70807612e+00 
 7.56928000e-04  3.70802826e+00 
 7.57028000e-04  3.70798243e+00 
 7.57128000e-04  3.70793853e+00 
 7.57228000e-04  3.70789649e+00 
 7.57328000e-04  3.70785621e+00 
 7.57428000e-04  3.70781760e+00 
 7.57528000e-04  3.70778058e+00 
 7.57628000e-04  3.70774506e+00 
 7.57728000e-04  3.70771096e+00 
 7.57828000e-04  3.70767818e+00 
 7.57928000e-04  3.70764666e+00 
 7.58028000e-04  3.70761631e+00 
 7.58128000e-04  3.70758706e+00 
 7.58228000e-04  3.70755883e+00 
 7.58328000e-04  3.70753156e+00 
 7.58428000e-04  3.70750517e+00 
 7.58528000e-04  3.70747961e+00 
 7.58628000e-04  3.70745482e+00 
 7.58728000e-04  3.70743073e+00 
 7.58828000e-04  3.70740729e+00 
 7.58928000e-04  3.70738446e+00 
 7.59028000e-04  3.70736218e+00 
 7.59128000e-04  3.70734040e+00 
 7.59228000e-04  3.70731910e+00 
 7.59328000e-04  3.70729822e+00 
 7.59428000e-04  3.70727773e+00 
 7.59528000e-04  3.70725760e+00 
 7.59628000e-04  3.70723779e+00 
 7.59728000e-04  3.70721827e+00 
 7.59828000e-04  3.70719903e+00 
 7.59928000e-04  3.70718003e+00 
 7.60028000e-04  3.70716124e+00 
 7.60128000e-04  3.70714266e+00 
 7.60228000e-04  3.70712426e+00 
 7.60328000e-04  3.70710601e+00 
 7.60428000e-04  3.70708792e+00 
 7.60528000e-04  3.70706995e+00 
 7.60628000e-04  3.70705210e+00 
 7.60728000e-04  3.70703436e+00 
 7.60828000e-04  3.70701671e+00 
 7.60928000e-04  3.70699914e+00 
 7.61028000e-04  3.70698165e+00 
 7.61128000e-04  3.70696423e+00 
 7.61228000e-04  3.70694686e+00 
 7.61328000e-04  3.70692955e+00 
 7.61428000e-04  3.70691228e+00 
 7.61528000e-04  3.70689506e+00 
 7.61628000e-04  3.70687787e+00 
 7.61728000e-04  3.70686072e+00 
 7.61828000e-04  3.70684359e+00 
 7.61928000e-04  3.70682649e+00 
 7.62028000e-04  3.70680941e+00 
 7.62128000e-04  3.70679235e+00 
 7.62228000e-04  3.70677531e+00 
 7.62328000e-04  3.70675828e+00 
 7.62428000e-04  3.70674127e+00 
 7.62528000e-04  3.70672426e+00 
 7.62628000e-04  3.70670727e+00 
 7.62728000e-04  3.70669029e+00 
 7.62828000e-04  3.70667331e+00 
 7.62928000e-04  3.70665634e+00 
 7.63028000e-04  3.70663937e+00 
 7.63128000e-04  3.70662241e+00 
 7.63228000e-04  3.70660546e+00 
 7.63328000e-04  3.70658851e+00 
 7.63428000e-04  3.70657156e+00 
 7.63528000e-04  3.70655461e+00 
 7.63628000e-04  3.70653767e+00 
 7.63728000e-04  3.70652073e+00 
 7.63828000e-04  3.70650379e+00 
 7.63928000e-04  3.70648685e+00 
 7.64028000e-04  3.70646992e+00 
 7.64128000e-04  3.70645298e+00 
 7.64228000e-04  3.70643605e+00 
 7.64328000e-04  3.70641912e+00 
 7.64428000e-04  3.70640219e+00 
 7.64528000e-04  3.70638525e+00 
 7.64628000e-04  3.70636832e+00 
 7.64728000e-04  3.70635139e+00 
 7.64828000e-04  3.70633446e+00 
 7.64928000e-04  3.70631753e+00 
 7.65028000e-04  3.70630061e+00 
 7.65128000e-04  3.70628368e+00 
 7.65228000e-04  3.70626675e+00 
 7.65328000e-04  3.70624982e+00 
 7.65428000e-04  3.70623289e+00 
 7.65528000e-04  3.70621597e+00 
 7.65628000e-04  3.70619904e+00 
 7.65728000e-04  3.70618211e+00 
 7.65828000e-04  3.70616519e+00 
 7.65928000e-04  3.70614826e+00 
 7.66028000e-04  3.70613134e+00 
 7.66128000e-04  3.70611441e+00 
 7.66228000e-04  3.70609748e+00 
 7.66328000e-04  3.70608056e+00 
 7.66428000e-04  3.70606363e+00 
 7.66528000e-04  3.70604671e+00 
 7.66628000e-04  3.70602979e+00 
 7.66728000e-04  3.70601286e+00 
 7.66828000e-04  3.70599594e+00 
 7.66928000e-04  3.70597901e+00 
 7.67028000e-04  3.70596209e+00 
 7.67128000e-04  3.70594517e+00 
 7.67228000e-04  3.70592824e+00 
 7.67328000e-04  3.70591132e+00 
 7.67428000e-04  3.70589440e+00 
 7.67528000e-04  3.70587748e+00 
 7.67628000e-04  3.70586056e+00 
 7.67728000e-04  3.70584363e+00 
 7.67828000e-04  3.70582671e+00 
 7.67928000e-04  3.70580979e+00 
 7.68028000e-04  3.70579287e+00 
 7.68128000e-04  3.70577595e+00 
 7.68228000e-04  3.70575903e+00 
 7.68328000e-04  3.70574211e+00 
 7.68428000e-04  3.70572519e+00 
 7.68528000e-04  3.70570827e+00 
 7.68628000e-04  3.70569135e+00 
 7.68728000e-04  3.70567443e+00 
 7.68828000e-04  3.70565752e+00 
 7.68928000e-04  3.70564060e+00 
 7.69028000e-04  3.70562368e+00 
 7.69128000e-04  3.70560676e+00 
 7.69228000e-04  3.70558985e+00 
 7.69328000e-04  3.70557293e+00 
 7.69428000e-04  3.70555601e+00 
 7.69528000e-04  3.70553910e+00 
 7.69628000e-04  3.70552218e+00 
 7.69728000e-04  3.70550527e+00 
 7.69828000e-04  3.70548835e+00 
 7.69928000e-04  3.70547144e+00 
 7.70028000e-04  3.70545452e+00 
 7.70128000e-04  3.70543761e+00 
 7.70228000e-04  3.70542070e+00 
 7.70328000e-04  3.70540378e+00 
 7.70428000e-04  3.70538687e+00 
 7.70528000e-04  3.70536996e+00 
 7.70628000e-04  3.70535305e+00 
 7.70728000e-04  3.70533614e+00 
 7.70828000e-04  3.70531922e+00 
 7.70928000e-04  3.70530231e+00 
 7.71028000e-04  3.70528540e+00 
 7.71128000e-04  3.70526849e+00 
 7.71228000e-04  3.70525158e+00 
 7.71328000e-04  3.70523468e+00 
 7.71428000e-04  3.70521777e+00 
 7.71528000e-04  3.70520086e+00 
 7.71628000e-04  3.70518395e+00 
 7.71728000e-04  3.70516704e+00 
 7.71828000e-04  3.70515013e+00 
 7.71928000e-04  3.70513323e+00 
 7.72028000e-04  3.70511632e+00 
 7.72128000e-04  3.70509941e+00 
 7.72228000e-04  3.70508251e+00 
 7.72328000e-04  3.70506560e+00 
 7.72428000e-04  3.70504870e+00 
 7.72528000e-04  3.70503179e+00 
 7.72628000e-04  3.70501489e+00 
 7.72728000e-04  3.70499799e+00 
 7.72828000e-04  3.70498108e+00 
 7.72928000e-04  3.70496418e+00 
 7.73028000e-04  3.70494728e+00 
 7.73128000e-04  3.70493038e+00 
 7.73228000e-04  3.70491348e+00 
 7.73328000e-04  3.70489657e+00 
 7.73428000e-04  3.70487967e+00 
 7.73528000e-04  3.70486277e+00 
 7.73628000e-04  3.70484588e+00 
 7.73728000e-04  3.70482898e+00 
 7.73828000e-04  3.70481208e+00 
 7.73928000e-04  3.70479518e+00 
 7.74028000e-04  3.70477828e+00 
 7.74128000e-04  3.70476139e+00 
 7.74228000e-04  3.70474449e+00 
 7.74328000e-04  3.70472759e+00 
 7.74428000e-04  3.70471070e+00 
 7.74528000e-04  3.70469380e+00 
 7.74628000e-04  3.70467691e+00 
 7.74728000e-04  3.70466001e+00 
 7.74828000e-04  3.70464312e+00 
 7.74928000e-04  3.70462623e+00 
 7.75028000e-04  3.70460933e+00 
 7.75128000e-04  3.70459244e+00 
 7.75228000e-04  3.70457555e+00 
 7.75328000e-04  3.70455866e+00 
 7.75428000e-04  3.70454177e+00 
 7.75528000e-04  3.70452488e+00 
 7.75628000e-04  3.70450799e+00 
 7.75728000e-04  3.70449110e+00 
 7.75828000e-04  3.70447421e+00 
 7.75928000e-04  3.70445733e+00 
 7.76028000e-04  3.70444044e+00 
 7.76128000e-04  3.70442355e+00 
 7.76228000e-04  3.70440666e+00 
 7.76328000e-04  3.70438978e+00 
 7.76428000e-04  3.70437289e+00 
 7.76528000e-04  3.70435601e+00 
 7.76628000e-04  3.70433912e+00 
 7.76728000e-04  3.70432224e+00 
 7.76828000e-04  3.70430536e+00 
 7.76928000e-04  3.70428847e+00 
 7.77028000e-04  3.70427159e+00 
 7.77128000e-04  3.70425471e+00 
 7.77228000e-04  3.70423783e+00 
 7.77328000e-04  3.70422095e+00 
 7.77428000e-04  3.70420407e+00 
 7.77528000e-04  3.70418719e+00 
 7.77628000e-04  3.70417031e+00 
 7.77728000e-04  3.70415343e+00 
 7.77828000e-04  3.70413656e+00 
 7.77928000e-04  3.70411968e+00 
 7.78028000e-04  3.70410280e+00 
 7.78128000e-04  3.70408593e+00 
 7.78228000e-04  3.70406905e+00 
 7.78328000e-04  3.70405217e+00 
 7.78428000e-04  3.70403530e+00 
 7.78528000e-04  3.70401843e+00 
 7.78628000e-04  3.70400155e+00 
 7.78728000e-04  3.70398468e+00 
 7.78828000e-04  3.70396781e+00 
 7.78928000e-04  3.70395094e+00 
 7.79028000e-04  3.70393407e+00 
 7.79128000e-04  3.70391720e+00 
 7.79228000e-04  3.70390033e+00 
 7.79328000e-04  3.70388346e+00 
 7.79428000e-04  3.70386659e+00 
 7.79528000e-04  3.70384972e+00 
 7.79628000e-04  3.70383285e+00 
 7.79728000e-04  3.70381598e+00 
 7.79828000e-04  3.70379912e+00 
 7.79928000e-04  3.70378225e+00 
 7.80028000e-04  3.70376539e+00 
 7.80128000e-04  3.70374852e+00 
 7.80228000e-04  3.70373166e+00 
 7.80328000e-04  3.70371479e+00 
 7.80428000e-04  3.70369793e+00 
 7.80528000e-04  3.70368107e+00 
 7.80628000e-04  3.70366421e+00 
 7.80728000e-04  3.70364735e+00 
 7.80828000e-04  3.70363049e+00 
 7.80928000e-04  3.70361363e+00 
 7.81028000e-04  3.70359677e+00 
 7.81128000e-04  3.70357991e+00 
 7.81228000e-04  3.70356305e+00 
 7.81328000e-04  3.70354619e+00 
 7.81428000e-04  3.70352933e+00 
 7.81528000e-04  3.70351248e+00 
 7.81628000e-04  3.70349562e+00 
 7.81728000e-04  3.70347877e+00 
 7.81828000e-04  3.70346191e+00 
 7.81928000e-04  3.70344506e+00 
 7.82028000e-04  3.70342820e+00 
 7.82128000e-04  3.70341135e+00 
 7.82228000e-04  3.70339450e+00 
 7.82328000e-04  3.70337765e+00 
 7.82428000e-04  3.70336079e+00 
 7.82528000e-04  3.70334394e+00 
 7.82628000e-04  3.70332709e+00 
 7.82728000e-04  3.70331024e+00 
 7.82828000e-04  3.70329340e+00 
 7.82928000e-04  3.70327655e+00 
 7.83028000e-04  3.70325970e+00 
 7.83128000e-04  3.70324285e+00 
 7.83228000e-04  3.70322601e+00 
 7.83328000e-04  3.70320916e+00 
 7.83428000e-04  3.70319231e+00 
 7.83528000e-04  3.70317547e+00 
 7.83628000e-04  3.70315863e+00 
 7.83728000e-04  3.70314178e+00 
 7.83828000e-04  3.70312494e+00 
 7.83928000e-04  3.70310810e+00 
 7.84028000e-04  3.70309126e+00 
 7.84128000e-04  3.70307441e+00 
 7.84228000e-04  3.70305757e+00 
 7.84328000e-04  3.70304073e+00 
 7.84428000e-04  3.70302390e+00 
 7.84528000e-04  3.70300706e+00 
 7.84628000e-04  3.70299022e+00 
 7.84728000e-04  3.70297338e+00 
 7.84828000e-04  3.70295654e+00 
 7.84928000e-04  3.70293971e+00 
 7.85028000e-04  3.70292287e+00 
 7.85128000e-04  3.70290604e+00 
 7.85228000e-04  3.70288920e+00 
 7.85328000e-04  3.70287237e+00 
 7.85428000e-04  3.70285554e+00 
 7.85528000e-04  3.70283870e+00 
 7.85628000e-04  3.70282187e+00 
 7.85728000e-04  3.70280504e+00 
 7.85828000e-04  3.70278821e+00 
 7.85928000e-04  3.70277138e+00 
 7.86028000e-04  3.70275455e+00 
 7.86128000e-04  3.70273772e+00 
 7.86228000e-04  3.70272089e+00 
 7.86328000e-04  3.70270406e+00 
 7.86428000e-04  3.70268724e+00 
 7.86528000e-04  3.70267041e+00 
 7.86628000e-04  3.70265358e+00 
 7.86728000e-04  3.70263676e+00 
 7.86828000e-04  3.70261993e+00 
 7.86928000e-04  3.70260311e+00 
 7.87028000e-04  3.70258629e+00 
 7.87128000e-04  3.70256946e+00 
 7.87228000e-04  3.70255264e+00 
 7.87328000e-04  3.70253582e+00 
 7.87428000e-04  3.70251900e+00 
 7.87528000e-04  3.70250218e+00 
 7.87628000e-04  3.70248536e+00 
 7.87728000e-04  3.70246854e+00 
 7.87828000e-04  3.70245172e+00 
 7.87928000e-04  3.70243490e+00 
 7.88028000e-04  3.70241808e+00 
 7.88128000e-04  3.70240127e+00 
 7.88228000e-04  3.70238445e+00 
 7.88328000e-04  3.70236764e+00 
 7.88428000e-04  3.70235082e+00 
 7.88528000e-04  3.70233401e+00 
 7.88628000e-04  3.70231719e+00 
 7.88728000e-04  3.70230038e+00 
 7.88828000e-04  3.70228357e+00 
 7.88928000e-04  3.70226675e+00 
 7.89028000e-04  3.70224994e+00 
 7.89128000e-04  3.70223313e+00 
 7.89228000e-04  3.70221632e+00 
 7.89328000e-04  3.70219951e+00 
 7.89428000e-04  3.70218270e+00 
 7.89528000e-04  3.70216589e+00 
 7.89628000e-04  3.70214909e+00 
 7.89728000e-04  3.70213228e+00 
 7.89828000e-04  3.70211547e+00 
 7.89928000e-04  3.70209867e+00 
 7.90028000e-04  3.70208186e+00 
 7.90128000e-04  3.70206505e+00 
 7.90228000e-04  3.70204825e+00 
 7.90328000e-04  3.70203145e+00 
 7.90428000e-04  3.70201464e+00 
 7.90528000e-04  3.70199784e+00 
 7.90628000e-04  3.70198104e+00 
 7.90728000e-04  3.70196424e+00 
 7.90828000e-04  3.70194744e+00 
 7.90928000e-04  3.70193064e+00 
 7.91028000e-04  3.70191384e+00 
 7.91128000e-04  3.70189704e+00 
 7.91228000e-04  3.70188024e+00 
 7.91328000e-04  3.70186344e+00 
 7.91428000e-04  3.70184664e+00 
 7.91528000e-04  3.70182985e+00 
 7.91628000e-04  3.70181305e+00 
 7.91728000e-04  3.70179625e+00 
 7.91828000e-04  3.70177946e+00 
 7.91928000e-04  3.70176266e+00 
 7.92028000e-04  3.70174587e+00 
 7.92128000e-04  3.70172908e+00 
 7.92228000e-04  3.70171228e+00 
 7.92328000e-04  3.70169549e+00 
 7.92428000e-04  3.70167870e+00 
 7.92528000e-04  3.70166191e+00 
 7.92628000e-04  3.70164512e+00 
 7.92728000e-04  3.70162833e+00 
 7.92828000e-04  3.70161154e+00 
 7.92928000e-04  3.70159475e+00 
 7.93028000e-04  3.70157796e+00 
 7.93128000e-04  3.70156117e+00 
 7.93228000e-04  3.70154439e+00 
 7.93328000e-04  3.70152760e+00 
 7.93428000e-04  3.70151081e+00 
 7.93528000e-04  3.70149403e+00 
 7.93628000e-04  3.70147724e+00 
 7.93728000e-04  3.70146046e+00 
 7.93828000e-04  3.70144367e+00 
 7.93928000e-04  3.70142689e+00 
 7.94028000e-04  3.70141011e+00 
 7.94128000e-04  3.70139333e+00 
 7.94228000e-04  3.70137654e+00 
 7.94328000e-04  3.70135976e+00 
 7.94428000e-04  3.70134298e+00 
 7.94528000e-04  3.70132620e+00 
 7.94628000e-04  3.70130942e+00 
 7.94728000e-04  3.70129264e+00 
 7.94828000e-04  3.70127587e+00 
 7.94928000e-04  3.70125909e+00 
 7.95028000e-04  3.70124231e+00 
 7.95128000e-04  3.70122553e+00 
 7.95228000e-04  3.70120876e+00 
 7.95328000e-04  3.70119198e+00 
 7.95428000e-04  3.70117521e+00 
 7.95528000e-04  3.70115843e+00 
 7.95628000e-04  3.70114166e+00 
 7.95728000e-04  3.70112488e+00 
 7.95828000e-04  3.70110811e+00 
 7.95928000e-04  3.70109134e+00 
 7.96028000e-04  3.70107456e+00 
 7.96128000e-04  3.70105779e+00 
 7.96228000e-04  3.70104102e+00 
 7.96328000e-04  3.70102425e+00 
 7.96428000e-04  3.70100748e+00 
 7.96528000e-04  3.70099071e+00 
 7.96628000e-04  3.70097394e+00 
 7.96728000e-04  3.70095717e+00 
 7.96828000e-04  3.70094041e+00 
 7.96928000e-04  3.70092364e+00 
 7.97028000e-04  3.70090687e+00 
 7.97128000e-04  3.70089010e+00 
 7.97228000e-04  3.70087334e+00 
 7.97328000e-04  3.70085657e+00 
 7.97428000e-04  3.70083981e+00 
 7.97528000e-04  3.70082304e+00 
 7.97628000e-04  3.70080628e+00 
 7.97728000e-04  3.70078951e+00 
 7.97828000e-04  3.70077275e+00 
 7.97928000e-04  3.70075599e+00 
 7.98028000e-04  3.70073923e+00 
 7.98128000e-04  3.70072246e+00 
 7.98228000e-04  3.70070570e+00 
 7.98328000e-04  3.70068894e+00 
 7.98428000e-04  3.70067218e+00 
 7.98528000e-04  3.70065542e+00 
 7.98628000e-04  3.70063866e+00 
 7.98728000e-04  3.70062190e+00 
 7.98828000e-04  3.70060514e+00 
 7.98928000e-04  3.70058839e+00 
 7.99028000e-04  3.70057163e+00 
 7.99128000e-04  3.70055487e+00 
 7.99228000e-04  3.70053811e+00 
 7.99328000e-04  3.70052136e+00 
 7.99428000e-04  3.70050460e+00 
 7.99528000e-04  3.70048785e+00 
 7.99628000e-04  3.70047109e+00 
 7.99728000e-04  3.70045434e+00 
 7.99828000e-04  3.70043758e+00 
 7.99928000e-04  3.70042083e+00 
 8.00028000e-04  3.70040407e+00 
 8.00128000e-04  3.70038732e+00 
 8.00228000e-04  3.70037057e+00 
 8.00328000e-04  3.70035382e+00 
 8.00428000e-04  3.70033707e+00 
 8.00528000e-04  3.70032032e+00 
 8.00628000e-04  3.70030356e+00 
 8.00728000e-04  3.70028681e+00 
 8.00828000e-04  3.70027006e+00 
 8.00928000e-04  3.70025332e+00 
 8.01028000e-04  3.70023657e+00 
 8.01128000e-04  3.70021982e+00 
 8.01228000e-04  3.70020307e+00 
 8.01328000e-04  3.70018632e+00 
 8.01428000e-04  3.70016958e+00 
 8.01528000e-04  3.70015283e+00 
 8.01628000e-04  3.70013608e+00 
 8.01728000e-04  3.70011934e+00 
 8.01828000e-04  3.70010259e+00 
 8.01928000e-04  3.70008584e+00 
 8.02028000e-04  3.70006910e+00 
 8.02128000e-04  3.70005235e+00 
 8.02228000e-04  3.70003561e+00 
 8.02328000e-04  3.70001886e+00 
 8.02428000e-04  3.70000212e+00 
 8.02528000e-04  3.69998538e+00 
 8.02628000e-04  3.69996863e+00 
 8.02728000e-04  3.69995189e+00 
 8.02828000e-04  3.69993515e+00 
 8.02928000e-04  3.69991841e+00 
 8.03028000e-04  3.69990167e+00 
 8.03128000e-04  3.69988492e+00 
 8.03228000e-04  3.69986818e+00 
 8.03328000e-04  3.69985144e+00 
 8.03428000e-04  3.69983470e+00 
 8.03528000e-04  3.69981796e+00 
 8.03628000e-04  3.69980122e+00 
 8.03728000e-04  3.69978448e+00 
 8.03828000e-04  3.69976774e+00 
 8.03928000e-04  3.69975100e+00 
 8.04028000e-04  3.69973426e+00 
 8.04128000e-04  3.69971752e+00 
 8.04228000e-04  3.69970079e+00 
 8.04328000e-04  3.69968405e+00 
 8.04428000e-04  3.69966731e+00 
 8.04528000e-04  3.69965057e+00 
 8.04628000e-04  3.69963383e+00 
 8.04728000e-04  3.69961710e+00 
 8.04828000e-04  3.69960036e+00 
 8.04928000e-04  3.69958362e+00 
 8.05028000e-04  3.69956689e+00 
 8.05128000e-04  3.69955015e+00 
 8.05228000e-04  3.69953342e+00 
 8.05328000e-04  3.69951668e+00 
 8.05428000e-04  3.69949995e+00 
 8.05528000e-04  3.69948321e+00 
 8.05628000e-04  3.69946648e+00 
 8.05728000e-04  3.69944974e+00 
 8.05828000e-04  3.69943301e+00 
 8.05928000e-04  3.69941627e+00 
 8.06028000e-04  3.69939954e+00 
 8.06128000e-04  3.69938281e+00 
 8.06228000e-04  3.69936607e+00 
 8.06328000e-04  3.69934934e+00 
 8.06428000e-04  3.69933261e+00 
 8.06528000e-04  3.69931588e+00 
 8.06628000e-04  3.69929915e+00 
 8.06728000e-04  3.69928241e+00 
 8.06828000e-04  3.69926569e+00 
 8.06928000e-04  3.69924896e+00 
 8.07028000e-04  3.69923223e+00 
 8.07128000e-04  3.69921550e+00 
 8.07228000e-04  3.69919878e+00 
 8.07328000e-04  3.69918205e+00 
 8.07428000e-04  3.69916533e+00 
 8.07528000e-04  3.69914861e+00 
 8.07628000e-04  3.69913189e+00 
 8.07728000e-04  3.69911517e+00 
 8.07828000e-04  3.69909846e+00 
 8.07928000e-04  3.69908175e+00 
 8.08028000e-04  3.69906504e+00 
 8.08128000e-04  3.69904834e+00 
 8.08228000e-04  3.69903164e+00 
 8.08328000e-04  3.69901495e+00 
 8.08428000e-04  3.69899826e+00 
 8.08528000e-04  3.69898159e+00 
 8.08628000e-04  3.69896492e+00 
 8.08728000e-04  3.69894826e+00 
 8.08828000e-04  3.69893162e+00 
 8.08928000e-04  3.69891499e+00 
 8.09028000e-04  3.69889837e+00 
 8.09128000e-04  3.69888177e+00 
 8.09228000e-04  3.69886520e+00 
 8.09328000e-04  3.69884865e+00 
 8.09428000e-04  3.69883212e+00 
 8.09528000e-04  3.69881563e+00 
 8.09628000e-04  3.69879917e+00 
 8.09728000e-04  3.69878276e+00 
 8.09828000e-04  3.69876639e+00 
 8.09928000e-04  3.69875007e+00 
 8.10028000e-04  3.69873382e+00 
 8.10128000e-04  3.69871763e+00 
 8.10228000e-04  3.69870152e+00 
 8.10328000e-04  3.69868550e+00 
 8.10428000e-04  3.69866958e+00 
 8.10528000e-04  3.69865377e+00 
 8.10628000e-04  3.69863808e+00 
 8.10728000e-04  3.69862254e+00 
 8.10828000e-04  3.69860715e+00 
 8.10928000e-04  3.69859195e+00 
 8.11028000e-04  3.69857695e+00 
 8.11128000e-04  3.69856217e+00 
 8.11228000e-04  3.69854764e+00 
 8.11328000e-04  3.69853339e+00 
 8.11428000e-04  3.69851945e+00 
 8.11528000e-04  3.69850586e+00 
 8.11628000e-04  3.69849266e+00 
 8.11728000e-04  3.69847989e+00 
 8.11828000e-04  3.69846759e+00 
 8.11928000e-04  3.69845581e+00 
 8.12028000e-04  3.69844462e+00 
 8.12128000e-04  3.69843407e+00 
 8.12228000e-04  3.69842422e+00 
 8.12328000e-04  3.69841516e+00 
 8.12428000e-04  3.69840694e+00 
 8.12528000e-04  3.69839967e+00 
 8.12628000e-04  3.69839341e+00 
 8.12728000e-04  3.69838829e+00 
 8.12828000e-04  3.69838438e+00 
 8.12928000e-04  3.69838181e+00 
 8.13028000e-04  3.69838070e+00 
 8.13128000e-04  3.69838117e+00 
 8.13228000e-04  3.69838335e+00 
 8.13328000e-04  3.69838738e+00 
 8.13428000e-04  3.69839343e+00 
 8.13528000e-04  3.69840164e+00 
 8.13628000e-04  3.69841219e+00 
 8.13728000e-04  3.69842526e+00 
 8.13828000e-04  3.69844103e+00 
 8.13928000e-04  3.69845969e+00 
 8.14028000e-04  3.69848145e+00 
 8.14128000e-04  3.69850653e+00 
 8.14228000e-04  3.69853513e+00 
 8.14328000e-04  3.69856749e+00 
 8.14428000e-04  3.69860385e+00 
 8.14528000e-04  3.69864444e+00 
 8.14628000e-04  3.69868951e+00 
 8.14728000e-04  3.69873931e+00 
 8.14828000e-04  3.69879410e+00 
 8.14928000e-04  3.69885414e+00 
 8.15028000e-04  3.69891968e+00 
 8.15128000e-04  3.69899098e+00 
 8.15228000e-04  3.69906832e+00 
 8.15328000e-04  3.69915193e+00 
 8.15428000e-04  3.69924209e+00 
 8.15528000e-04  3.69933902e+00 
 8.15628000e-04  3.69944299e+00 
 8.15728000e-04  3.69955420e+00 
 8.15828000e-04  3.69967290e+00 
 8.15928000e-04  3.69979927e+00 
 8.16028000e-04  3.69993353e+00 
 8.16128000e-04  3.70007583e+00 
 8.16228000e-04  3.70022633e+00 
 8.16328000e-04  3.70038518e+00 
 8.16428000e-04  3.70055247e+00 
 8.16528000e-04  3.70072831e+00 
 8.16628000e-04  3.70091276e+00 
 8.16728000e-04  3.70110583e+00 
 8.16828000e-04  3.70130755e+00 
 8.16928000e-04  3.70151789e+00 
 8.17028000e-04  3.70173678e+00 
 8.17128000e-04  3.70196414e+00 
 8.17228000e-04  3.70219984e+00 
 8.17328000e-04  3.70244372e+00 
 8.17428000e-04  3.70269560e+00 
 8.17528000e-04  3.70295525e+00 
 8.17628000e-04  3.70322240e+00 
 8.17728000e-04  3.70349677e+00 
 8.17828000e-04  3.70377802e+00 
 8.17928000e-04  3.70406580e+00 
 8.18028000e-04  3.70435970e+00 
 8.18128000e-04  3.70465932e+00 
 8.18228000e-04  3.70496421e+00 
 8.18328000e-04  3.70527388e+00 
 8.18428000e-04  3.70558783e+00 
 8.18528000e-04  3.70590554e+00 
 8.18628000e-04  3.70622647e+00 
 8.18728000e-04  3.70655005e+00 
 8.18828000e-04  3.70687571e+00 
 8.18928000e-04  3.70720284e+00 
 8.19028000e-04  3.70753084e+00 
 8.19128000e-04  3.70785911e+00 
 8.19228000e-04  3.70818702e+00 
 8.19328000e-04  3.70851395e+00 
 8.19428000e-04  3.70883928e+00 
 8.19528000e-04  3.70916238e+00 
 8.19628000e-04  3.70948265e+00 
 8.19728000e-04  3.70979947e+00 
 8.19828000e-04  3.71011223e+00 
 8.19928000e-04  3.71042036e+00 
 8.20028000e-04  3.71072328e+00 
 8.20128000e-04  3.71102043e+00 
 8.20228000e-04  3.71131127e+00 
 8.20328000e-04  3.71159527e+00 
 8.20428000e-04  3.71187195e+00 
 8.20528000e-04  3.71214082e+00 
 8.20628000e-04  3.71240144e+00 
 8.20728000e-04  3.71265338e+00 
 8.20828000e-04  3.71289616e+00 
 8.20928000e-04  3.71312941e+00 
 8.21028000e-04  3.71335295e+00 
 8.21128000e-04  3.71356649e+00 
 8.21228000e-04  3.71376970e+00 
 8.21328000e-04  3.71396235e+00 
 8.21428000e-04  3.71414418e+00 
 8.21528000e-04  3.71431502e+00 
 8.21628000e-04  3.71447470e+00 
 8.21728000e-04  3.71462317e+00 
 8.21828000e-04  3.71476043e+00 
 8.21928000e-04  3.71488636e+00 
 8.22028000e-04  3.71500096e+00 
 8.22128000e-04  3.71510425e+00 
 8.22228000e-04  3.71519629e+00 
 8.22328000e-04  3.71527719e+00 
 8.22428000e-04  3.71534705e+00 
 8.22528000e-04  3.71540603e+00 
 8.22628000e-04  3.71545432e+00 
 8.22728000e-04  3.71549213e+00 
 8.22828000e-04  3.71551969e+00 
 8.22928000e-04  3.71553727e+00 
 8.23028000e-04  3.71554515e+00 
 8.23128000e-04  3.71554366e+00 
 8.23228000e-04  3.71553311e+00 
 8.23328000e-04  3.71551387e+00 
 8.23428000e-04  3.71548630e+00 
 8.23528000e-04  3.71545078e+00 
 8.23628000e-04  3.71540772e+00 
 8.23728000e-04  3.71535753e+00 
 8.23828000e-04  3.71530063e+00 
 8.23928000e-04  3.71523746e+00 
 8.24028000e-04  3.71516844e+00 
 8.24128000e-04  3.71509403e+00 
 8.24228000e-04  3.71501466e+00 
 8.24328000e-04  3.71493078e+00 
 8.24428000e-04  3.71484283e+00 
 8.24528000e-04  3.71475126e+00 
 8.24628000e-04  3.71465649e+00 
 8.24728000e-04  3.71455895e+00 
 8.24828000e-04  3.71445906e+00 
 8.24928000e-04  3.71435722e+00 
 8.25028000e-04  3.71425383e+00 
 8.25128000e-04  3.71414928e+00 
 8.25228000e-04  3.71404392e+00 
 8.25328000e-04  3.71393811e+00 
 8.25428000e-04  3.71383217e+00 
 8.25528000e-04  3.71372644e+00 
 8.25628000e-04  3.71362119e+00 
 8.25728000e-04  3.71351671e+00 
 8.25828000e-04  3.71341326e+00 
 8.25928000e-04  3.71331107e+00 
 8.26028000e-04  3.71321035e+00 
 8.26128000e-04  3.71311132e+00 
 8.26228000e-04  3.71301413e+00 
 8.26328000e-04  3.71291895e+00 
 8.26428000e-04  3.71282592e+00 
 8.26528000e-04  3.71273515e+00 
 8.26628000e-04  3.71264674e+00 
 8.26728000e-04  3.71256077e+00 
 8.26828000e-04  3.71247730e+00 
 8.26928000e-04  3.71239639e+00 
 8.27028000e-04  3.71231806e+00 
 8.27128000e-04  3.71224233e+00 
 8.27228000e-04  3.71216921e+00 
 8.27328000e-04  3.71209869e+00 
 8.27428000e-04  3.71203075e+00 
 8.27528000e-04  3.71196535e+00 
 8.27628000e-04  3.71190246e+00 
 8.27728000e-04  3.71184203e+00 
 8.27828000e-04  3.71178401e+00 
 8.27928000e-04  3.71172832e+00 
 8.28028000e-04  3.71167490e+00 
 8.28128000e-04  3.71162369e+00 
 8.28228000e-04  3.71157460e+00 
 8.28328000e-04  3.71152755e+00 
 8.28428000e-04  3.71148246e+00 
 8.28528000e-04  3.71143925e+00 
 8.28628000e-04  3.71139783e+00 
 8.28728000e-04  3.71135812e+00 
 8.28828000e-04  3.71132003e+00 
 8.28928000e-04  3.71128348e+00 
 8.29028000e-04  3.71124839e+00 
 8.29128000e-04  3.71121467e+00 
 8.29228000e-04  3.71118225e+00 
 8.29328000e-04  3.71115104e+00 
 8.29428000e-04  3.71112097e+00 
 8.29528000e-04  3.71109197e+00 
 8.29628000e-04  3.71106397e+00 
 8.29728000e-04  3.71103690e+00 
 8.29828000e-04  3.71101069e+00 
 8.29928000e-04  3.71098529e+00 
 8.30028000e-04  3.71096064e+00 
 8.30128000e-04  3.71093667e+00 
 8.30228000e-04  3.71091334e+00 
 8.30328000e-04  3.71089060e+00 
 8.30428000e-04  3.71086840e+00 
 8.30528000e-04  3.71084670e+00 
 8.30628000e-04  3.71082545e+00 
 8.30728000e-04  3.71080463e+00 
 8.30828000e-04  3.71078418e+00 
 8.30928000e-04  3.71076409e+00 
 8.31028000e-04  3.71074431e+00 
 8.31128000e-04  3.71072482e+00 
 8.31228000e-04  3.71070559e+00 
 8.31328000e-04  3.71068660e+00 
 8.31428000e-04  3.71066783e+00 
 8.31528000e-04  3.71064926e+00 
 8.31628000e-04  3.71063086e+00 
 8.31728000e-04  3.71061262e+00 
 8.31828000e-04  3.71059452e+00 
 8.31928000e-04  3.71057655e+00 
 8.32028000e-04  3.71055870e+00 
 8.32128000e-04  3.71054095e+00 
 8.32228000e-04  3.71052329e+00 
 8.32328000e-04  3.71050571e+00 
 8.32428000e-04  3.71048821e+00 
 8.32528000e-04  3.71047078e+00 
 8.32628000e-04  3.71045340e+00 
 8.32728000e-04  3.71043608e+00 
 8.32828000e-04  3.71041880e+00 
 8.32928000e-04  3.71040156e+00 
 8.33028000e-04  3.71038436e+00 
 8.33128000e-04  3.71036719e+00 
 8.33228000e-04  3.71035005e+00 
 8.33328000e-04  3.71033294e+00 
 8.33428000e-04  3.71031584e+00 
 8.33528000e-04  3.71029877e+00 
 8.33628000e-04  3.71028171e+00 
 8.33728000e-04  3.71026467e+00 
 8.33828000e-04  3.71024764e+00 
 8.33928000e-04  3.71023062e+00 
 8.34028000e-04  3.71021361e+00 
 8.34128000e-04  3.71019661e+00 
 8.34228000e-04  3.71017962e+00 
 8.34328000e-04  3.71016263e+00 
 8.34428000e-04  3.71014565e+00 
 8.34528000e-04  3.71012868e+00 
 8.34628000e-04  3.71011171e+00 
 8.34728000e-04  3.71009474e+00 
 8.34828000e-04  3.71007778e+00 
 8.34928000e-04  3.71006081e+00 
 8.35028000e-04  3.71004386e+00 
 8.35128000e-04  3.71002690e+00 
 8.35228000e-04  3.71000995e+00 
 8.35328000e-04  3.70999299e+00 
 8.35428000e-04  3.70997604e+00 
 8.35528000e-04  3.70995909e+00 
 8.35628000e-04  3.70994214e+00 
 8.35728000e-04  3.70992519e+00 
 8.35828000e-04  3.70990824e+00 
 8.35928000e-04  3.70989130e+00 
 8.36028000e-04  3.70987435e+00 
 8.36128000e-04  3.70985740e+00 
 8.36228000e-04  3.70984046e+00 
 8.36328000e-04  3.70982351e+00 
 8.36428000e-04  3.70980657e+00 
 8.36528000e-04  3.70978963e+00 
 8.36628000e-04  3.70977268e+00 
 8.36728000e-04  3.70975574e+00 
 8.36828000e-04  3.70973879e+00 
 8.36928000e-04  3.70972185e+00 
 8.37028000e-04  3.70970491e+00 
 8.37128000e-04  3.70968797e+00 
 8.37228000e-04  3.70967102e+00 
 8.37328000e-04  3.70965408e+00 
 8.37428000e-04  3.70963714e+00 
 8.37528000e-04  3.70962020e+00 
 8.37628000e-04  3.70960326e+00 
 8.37728000e-04  3.70958632e+00 
 8.37828000e-04  3.70956938e+00 
 8.37928000e-04  3.70955244e+00 
 8.38028000e-04  3.70953550e+00 
 8.38128000e-04  3.70951856e+00 
 8.38228000e-04  3.70950162e+00 
 8.38328000e-04  3.70948468e+00 
 8.38428000e-04  3.70946774e+00 
 8.38528000e-04  3.70945080e+00 
 8.38628000e-04  3.70943386e+00 
 8.38728000e-04  3.70941692e+00 
 8.38828000e-04  3.70939998e+00 
 8.38928000e-04  3.70938304e+00 
 8.39028000e-04  3.70936611e+00 
 8.39128000e-04  3.70934917e+00 
 8.39228000e-04  3.70933223e+00 
 8.39328000e-04  3.70931529e+00 
 8.39428000e-04  3.70929836e+00 
 8.39528000e-04  3.70928142e+00 
 8.39628000e-04  3.70926449e+00 
 8.39728000e-04  3.70924755e+00 
 8.39828000e-04  3.70923061e+00 
 8.39928000e-04  3.70921368e+00 
 8.40028000e-04  3.70919674e+00 
 8.40128000e-04  3.70917981e+00 
 8.40228000e-04  3.70916288e+00 
 8.40328000e-04  3.70914594e+00 
 8.40428000e-04  3.70912901e+00 
 8.40528000e-04  3.70911208e+00 
 8.40628000e-04  3.70909514e+00 
 8.40728000e-04  3.70907821e+00 
 8.40828000e-04  3.70906128e+00 
 8.40928000e-04  3.70904435e+00 
 8.41028000e-04  3.70902741e+00 
 8.41128000e-04  3.70901048e+00 
 8.41228000e-04  3.70899355e+00 
 8.41328000e-04  3.70897662e+00 
 8.41428000e-04  3.70895969e+00 
 8.41528000e-04  3.70894276e+00 
 8.41628000e-04  3.70892583e+00 
 8.41728000e-04  3.70890890e+00 
 8.41828000e-04  3.70889198e+00 
 8.41928000e-04  3.70887505e+00 
 8.42028000e-04  3.70885812e+00 
 8.42128000e-04  3.70884119e+00 
 8.42228000e-04  3.70882427e+00 
 8.42328000e-04  3.70880734e+00 
 8.42428000e-04  3.70879041e+00 
 8.42528000e-04  3.70877349e+00 
 8.42628000e-04  3.70875656e+00 
 8.42728000e-04  3.70873964e+00 
 8.42828000e-04  3.70872271e+00 
 8.42928000e-04  3.70870579e+00 
 8.43028000e-04  3.70868886e+00 
 8.43128000e-04  3.70867194e+00 
 8.43228000e-04  3.70865502e+00 
 8.43328000e-04  3.70863809e+00 
 8.43428000e-04  3.70862117e+00 
 8.43528000e-04  3.70860425e+00 
 8.43628000e-04  3.70858733e+00 
 8.43728000e-04  3.70857041e+00 
 8.43828000e-04  3.70855348e+00 
 8.43928000e-04  3.70853656e+00 
 8.44028000e-04  3.70851964e+00 
 8.44128000e-04  3.70850272e+00 
 8.44228000e-04  3.70848581e+00 
 8.44328000e-04  3.70846889e+00 
 8.44428000e-04  3.70845197e+00 
 8.44528000e-04  3.70843505e+00 
 8.44628000e-04  3.70841813e+00 
 8.44728000e-04  3.70840122e+00 
 8.44828000e-04  3.70838430e+00 
 8.44928000e-04  3.70836738e+00 
 8.45028000e-04  3.70835047e+00 
 8.45128000e-04  3.70833355e+00 
 8.45228000e-04  3.70831664e+00 
 8.45328000e-04  3.70829973e+00 
 8.45428000e-04  3.70828281e+00 
 8.45528000e-04  3.70826590e+00 
 8.45628000e-04  3.70824899e+00 
 8.45728000e-04  3.70823208e+00 
 8.45828000e-04  3.70821516e+00 
 8.45928000e-04  3.70819825e+00 
 8.46028000e-04  3.70818134e+00 
 8.46128000e-04  3.70816443e+00 
 8.46228000e-04  3.70814752e+00 
 8.46328000e-04  3.70813061e+00 
 8.46428000e-04  3.70811371e+00 
 8.46528000e-04  3.70809680e+00 
 8.46628000e-04  3.70807989e+00 
 8.46728000e-04  3.70806298e+00 
 8.46828000e-04  3.70804608e+00 
 8.46928000e-04  3.70802917e+00 
 8.47028000e-04  3.70801226e+00 
 8.47128000e-04  3.70799536e+00 
 8.47228000e-04  3.70797846e+00 
 8.47328000e-04  3.70796155e+00 
 8.47428000e-04  3.70794465e+00 
 8.47528000e-04  3.70792774e+00 
 8.47628000e-04  3.70791084e+00 
 8.47728000e-04  3.70789394e+00 
 8.47828000e-04  3.70787704e+00 
 8.47928000e-04  3.70786014e+00 
 8.48028000e-04  3.70784324e+00 
 8.48128000e-04  3.70782634e+00 
 8.48228000e-04  3.70780944e+00 
 8.48328000e-04  3.70779254e+00 
 8.48428000e-04  3.70777564e+00 
 8.48528000e-04  3.70775875e+00 
 8.48628000e-04  3.70774185e+00 
 8.48728000e-04  3.70772495e+00 
 8.48828000e-04  3.70770806e+00 
 8.48928000e-04  3.70769116e+00 
 8.49028000e-04  3.70767427e+00 
 8.49128000e-04  3.70765737e+00 
 8.49228000e-04  3.70764048e+00 
 8.49328000e-04  3.70762358e+00 
 8.49428000e-04  3.70760669e+00 
 8.49528000e-04  3.70758980e+00 
 8.49628000e-04  3.70757291e+00 
 8.49728000e-04  3.70755602e+00 
 8.49828000e-04  3.70753913e+00 
 8.49928000e-04  3.70752224e+00 
 8.50028000e-04  3.70750535e+00 
 8.50128000e-04  3.70748846e+00 
 8.50228000e-04  3.70747157e+00 
 8.50328000e-04  3.70745468e+00 
 8.50428000e-04  3.70743780e+00 
 8.50528000e-04  3.70742091e+00 
 8.50628000e-04  3.70740402e+00 
 8.50728000e-04  3.70738714e+00 
 8.50828000e-04  3.70737025e+00 
 8.50928000e-04  3.70735337e+00 
 8.51028000e-04  3.70733648e+00 
 8.51128000e-04  3.70731960e+00 
 8.51228000e-04  3.70730272e+00 
 8.51328000e-04  3.70728584e+00 
 8.51428000e-04  3.70726896e+00 
 8.51528000e-04  3.70725208e+00 
 8.51628000e-04  3.70723519e+00 
 8.51728000e-04  3.70721832e+00 
 8.51828000e-04  3.70720144e+00 
 8.51928000e-04  3.70718456e+00 
 8.52028000e-04  3.70716768e+00 
 8.52128000e-04  3.70715080e+00 
 8.52228000e-04  3.70713393e+00 
 8.52328000e-04  3.70711705e+00 
 8.52428000e-04  3.70710017e+00 
 8.52528000e-04  3.70708330e+00 
 8.52628000e-04  3.70706642e+00 
 8.52728000e-04  3.70704955e+00 
 8.52828000e-04  3.70703268e+00 
 8.52928000e-04  3.70701581e+00 
 8.53028000e-04  3.70699893e+00 
 8.53128000e-04  3.70698206e+00 
 8.53228000e-04  3.70696519e+00 
 8.53328000e-04  3.70694832e+00 
 8.53428000e-04  3.70693145e+00 
 8.53528000e-04  3.70691458e+00 
 8.53628000e-04  3.70689771e+00 
 8.53728000e-04  3.70688085e+00 
 8.53828000e-04  3.70686398e+00 
 8.53928000e-04  3.70684711e+00 
 8.54028000e-04  3.70683025e+00 
 8.54128000e-04  3.70681338e+00 
 8.54228000e-04  3.70679652e+00 
 8.54328000e-04  3.70677965e+00 
 8.54428000e-04  3.70676279e+00 
 8.54528000e-04  3.70674592e+00 
 8.54628000e-04  3.70672906e+00 
 8.54728000e-04  3.70671220e+00 
 8.54828000e-04  3.70669534e+00 
 8.54928000e-04  3.70667848e+00 
 8.55028000e-04  3.70666162e+00 
 8.55128000e-04  3.70664476e+00 
 8.55228000e-04  3.70662790e+00 
 8.55328000e-04  3.70661104e+00 
 8.55428000e-04  3.70659418e+00 
 8.55528000e-04  3.70657733e+00 
 8.55628000e-04  3.70656047e+00 
 8.55728000e-04  3.70654361e+00 
 8.55828000e-04  3.70652676e+00 
 8.55928000e-04  3.70650990e+00 
 8.56028000e-04  3.70649305e+00 
 8.56128000e-04  3.70647620e+00 
 8.56228000e-04  3.70645934e+00 
 8.56328000e-04  3.70644249e+00 
 8.56428000e-04  3.70642564e+00 
 8.56528000e-04  3.70640879e+00 
 8.56628000e-04  3.70639194e+00 
 8.56728000e-04  3.70637509e+00 
 8.56828000e-04  3.70635824e+00 
 8.56928000e-04  3.70634139e+00 
 8.57028000e-04  3.70632454e+00 
 8.57128000e-04  3.70630769e+00 
 8.57228000e-04  3.70629085e+00 
 8.57328000e-04  3.70627400e+00 
 8.57428000e-04  3.70625716e+00 
 8.57528000e-04  3.70624031e+00 
 8.57628000e-04  3.70622347e+00 
 8.57728000e-04  3.70620662e+00 
 8.57828000e-04  3.70618978e+00 
 8.57928000e-04  3.70617294e+00 
 8.58028000e-04  3.70615609e+00 
 8.58128000e-04  3.70613925e+00 
 8.58228000e-04  3.70612241e+00 
 8.58328000e-04  3.70610557e+00 
 8.58428000e-04  3.70608873e+00 
 8.58528000e-04  3.70607189e+00 
 8.58628000e-04  3.70605505e+00 
 8.58728000e-04  3.70603822e+00 
 8.58828000e-04  3.70602138e+00 
 8.58928000e-04  3.70600454e+00 
 8.59028000e-04  3.70598771e+00 
 8.59128000e-04  3.70597087e+00 
 8.59228000e-04  3.70595404e+00 
 8.59328000e-04  3.70593720e+00 
 8.59428000e-04  3.70592037e+00 
 8.59528000e-04  3.70590354e+00 
 8.59628000e-04  3.70588670e+00 
 8.59728000e-04  3.70586987e+00 
 8.59828000e-04  3.70585304e+00 
 8.59928000e-04  3.70583621e+00 
 8.60028000e-04  3.70581938e+00 
 8.60128000e-04  3.70580255e+00 
 8.60228000e-04  3.70578572e+00 
 8.60328000e-04  3.70576889e+00 
 8.60428000e-04  3.70575207e+00 
 8.60528000e-04  3.70573524e+00 
 8.60628000e-04  3.70571841e+00 
 8.60728000e-04  3.70570159e+00 
 8.60828000e-04  3.70568476e+00 
 8.60928000e-04  3.70566794e+00 
 8.61028000e-04  3.70565111e+00 
 8.61128000e-04  3.70563429e+00 
 8.61228000e-04  3.70561747e+00 
 8.61328000e-04  3.70560064e+00 
 8.61428000e-04  3.70558382e+00 
 8.61528000e-04  3.70556700e+00 
 8.61628000e-04  3.70555018e+00 
 8.61728000e-04  3.70553336e+00 
 8.61828000e-04  3.70551654e+00 
 8.61928000e-04  3.70549972e+00 
 8.62028000e-04  3.70548290e+00 
 8.62128000e-04  3.70546609e+00 
 8.62228000e-04  3.70544927e+00 
 8.62328000e-04  3.70543245e+00 
 8.62428000e-04  3.70541564e+00 
 8.62528000e-04  3.70539882e+00 
 8.62628000e-04  3.70538201e+00 
 8.62728000e-04  3.70536519e+00 
 8.62828000e-04  3.70534838e+00 
 8.62928000e-04  3.70533157e+00 
 8.63028000e-04  3.70531475e+00 
 8.63128000e-04  3.70529794e+00 
 8.63228000e-04  3.70528113e+00 
 8.63328000e-04  3.70526432e+00 
 8.63428000e-04  3.70524751e+00 
 8.63528000e-04  3.70523070e+00 
 8.63628000e-04  3.70521389e+00 
 8.63728000e-04  3.70519708e+00 
 8.63828000e-04  3.70518028e+00 
 8.63928000e-04  3.70516347e+00 
 8.64028000e-04  3.70514666e+00 
 8.64128000e-04  3.70512986e+00 
 8.64228000e-04  3.70511305e+00 
 8.64328000e-04  3.70509625e+00 
 8.64428000e-04  3.70507944e+00 
 8.64528000e-04  3.70506264e+00 
 8.64628000e-04  3.70504583e+00 
 8.64728000e-04  3.70502903e+00 
 8.64828000e-04  3.70501223e+00 
 8.64928000e-04  3.70499543e+00 
 8.65028000e-04  3.70497863e+00 
 8.65128000e-04  3.70496183e+00 
 8.65228000e-04  3.70494503e+00 
 8.65328000e-04  3.70492823e+00 
 8.65428000e-04  3.70491143e+00 
 8.65528000e-04  3.70489463e+00 
 8.65628000e-04  3.70487783e+00 
 8.65728000e-04  3.70486103e+00 
 8.65828000e-04  3.70484424e+00 
 8.65928000e-04  3.70482744e+00 
 8.66028000e-04  3.70481065e+00 
 8.66128000e-04  3.70479385e+00 
 8.66228000e-04  3.70477706e+00 
 8.66328000e-04  3.70476026e+00 
 8.66428000e-04  3.70474347e+00 
 8.66528000e-04  3.70472668e+00 
 8.66628000e-04  3.70470988e+00 
 8.66728000e-04  3.70469309e+00 
 8.66828000e-04  3.70467630e+00 
 8.66928000e-04  3.70465951e+00 
 8.67028000e-04  3.70464272e+00 
 8.67128000e-04  3.70462593e+00 
 8.67228000e-04  3.70460914e+00 
 8.67328000e-04  3.70459235e+00 
 8.67428000e-04  3.70457556e+00 
 8.67528000e-04  3.70455877e+00 
 8.67628000e-04  3.70454199e+00 
 8.67728000e-04  3.70452520e+00 
 8.67828000e-04  3.70450841e+00 
 8.67928000e-04  3.70449163e+00 
 8.68028000e-04  3.70447484e+00 
 8.68128000e-04  3.70445806e+00 
 8.68228000e-04  3.70444127e+00 
 8.68328000e-04  3.70442449e+00 
 8.68428000e-04  3.70440771e+00 
 8.68528000e-04  3.70439092e+00 
 8.68628000e-04  3.70437414e+00 
 8.68728000e-04  3.70435736e+00 
 8.68828000e-04  3.70434058e+00 
 8.68928000e-04  3.70432380e+00 
 8.69028000e-04  3.70430702e+00 
 8.69128000e-04  3.70429024e+00 
 8.69228000e-04  3.70427346e+00 
 8.69328000e-04  3.70425668e+00 
 8.69428000e-04  3.70423990e+00 
 8.69528000e-04  3.70422312e+00 
 8.69628000e-04  3.70420635e+00 
 8.69728000e-04  3.70418957e+00 
 8.69828000e-04  3.70417279e+00 
 8.69928000e-04  3.70415602e+00 
 8.70028000e-04  3.70413924e+00 
 8.70128000e-04  3.70412247e+00 
 8.70228000e-04  3.70410569e+00 
 8.70328000e-04  3.70408892e+00 
 8.70428000e-04  3.70407214e+00 
 8.70528000e-04  3.70405537e+00 
 8.70628000e-04  3.70403860e+00 
 8.70728000e-04  3.70402182e+00 
 8.70828000e-04  3.70400505e+00 
 8.70928000e-04  3.70398828e+00 
 8.71028000e-04  3.70397151e+00 
 8.71128000e-04  3.70395474e+00 
 8.71228000e-04  3.70393797e+00 
 8.71328000e-04  3.70392120e+00 
 8.71428000e-04  3.70390443e+00 
 8.71528000e-04  3.70388766e+00 
 8.71628000e-04  3.70387089e+00 
 8.71728000e-04  3.70385412e+00 
 8.71828000e-04  3.70383736e+00 
 8.71928000e-04  3.70382059e+00 
 8.72028000e-04  3.70380382e+00 
 8.72128000e-04  3.70378706e+00 
 8.72228000e-04  3.70377029e+00 
 8.72328000e-04  3.70375352e+00 
 8.72428000e-04  3.70373676e+00 
 8.72528000e-04  3.70371999e+00 
 8.72628000e-04  3.70370323e+00 
 8.72728000e-04  3.70368647e+00 
 8.72828000e-04  3.70366970e+00 
 8.72928000e-04  3.70365294e+00 
 8.73028000e-04  3.70363618e+00 
 8.73128000e-04  3.70361942e+00 
 8.73228000e-04  3.70360265e+00 
 8.73328000e-04  3.70358589e+00 
 8.73428000e-04  3.70356913e+00 
 8.73528000e-04  3.70355237e+00 
 8.73628000e-04  3.70353561e+00 
 8.73728000e-04  3.70351885e+00 
 8.73828000e-04  3.70350209e+00 
 8.73928000e-04  3.70348533e+00 
 8.74028000e-04  3.70346857e+00 
 8.74128000e-04  3.70345181e+00 
 8.74228000e-04  3.70343505e+00 
 8.74328000e-04  3.70341829e+00 
 8.74428000e-04  3.70340154e+00 
 8.74528000e-04  3.70338478e+00 
 8.74628000e-04  3.70336802e+00 
 8.74728000e-04  3.70335126e+00 
 8.74828000e-04  3.70333451e+00 
 8.74928000e-04  3.70331775e+00 
 8.75028000e-04  3.70330100e+00 
 8.75128000e-04  3.70328424e+00 
 8.75228000e-04  3.70326748e+00 
 8.75328000e-04  3.70325073e+00 
 8.75428000e-04  3.70323397e+00 
 8.75528000e-04  3.70321722e+00 
 8.75628000e-04  3.70320046e+00 
 8.75728000e-04  3.70318371e+00 
 8.75828000e-04  3.70316696e+00 
 8.75928000e-04  3.70315020e+00 
 8.76028000e-04  3.70313345e+00 
 8.76128000e-04  3.70311670e+00 
 8.76228000e-04  3.70309994e+00 
 8.76328000e-04  3.70308319e+00 
 8.76428000e-04  3.70306644e+00 
 8.76528000e-04  3.70304969e+00 
 8.76628000e-04  3.70303293e+00 
 8.76728000e-04  3.70301618e+00 
 8.76828000e-04  3.70299943e+00 
 8.76928000e-04  3.70298268e+00 
 8.77028000e-04  3.70296593e+00 
 8.77128000e-04  3.70294918e+00 
 8.77228000e-04  3.70293243e+00 
 8.77328000e-04  3.70291568e+00 
 8.77428000e-04  3.70289893e+00 
 8.77528000e-04  3.70288218e+00 
 8.77628000e-04  3.70286543e+00 
 8.77728000e-04  3.70284868e+00 
 8.77828000e-04  3.70283193e+00 
 8.77928000e-04  3.70281518e+00 
 8.78028000e-04  3.70279844e+00 
 8.78128000e-04  3.70278169e+00 
 8.78228000e-04  3.70276494e+00 
 8.78328000e-04  3.70274820e+00 
 8.78428000e-04  3.70273145e+00 
 8.78528000e-04  3.70271471e+00 
 8.78628000e-04  3.70269797e+00 
 8.78728000e-04  3.70268123e+00 
 8.78828000e-04  3.70266449e+00 
 8.78928000e-04  3.70264775e+00 
 8.79028000e-04  3.70263101e+00 
 8.79128000e-04  3.70261428e+00 
 8.79228000e-04  3.70259755e+00 
 8.79328000e-04  3.70258082e+00 
 8.79428000e-04  3.70256409e+00 
 8.79528000e-04  3.70254737e+00 
 8.79628000e-04  3.70253066e+00 
 8.79728000e-04  3.70251395e+00 
 8.79828000e-04  3.70249724e+00 
 8.79928000e-04  3.70248054e+00 
 8.80028000e-04  3.70246385e+00 
 8.80128000e-04  3.70244717e+00 
 8.80228000e-04  3.70243051e+00 
 8.80328000e-04  3.70241385e+00 
 8.80428000e-04  3.70239721e+00 
 8.80528000e-04  3.70238058e+00 
 8.80628000e-04  3.70236398e+00 
 8.80728000e-04  3.70234740e+00 
 8.80828000e-04  3.70233084e+00 
 8.80928000e-04  3.70231431e+00 
 8.81028000e-04  3.70229781e+00 
 8.81128000e-04  3.70228136e+00 
 8.81228000e-04  3.70226494e+00 
 8.81328000e-04  3.70224858e+00 
 8.81428000e-04  3.70223227e+00 
 8.81528000e-04  3.70221602e+00 
 8.81628000e-04  3.70219984e+00 
 8.81728000e-04  3.70218375e+00 
 8.81828000e-04  3.70216774e+00 
 8.81928000e-04  3.70215184e+00 
 8.82028000e-04  3.70213606e+00 
 8.82128000e-04  3.70212041e+00 
 8.82228000e-04  3.70210490e+00 
 8.82328000e-04  3.70208956e+00 
 8.82428000e-04  3.70207440e+00 
 8.82528000e-04  3.70205946e+00 
 8.82628000e-04  3.70204474e+00 
 8.82728000e-04  3.70203028e+00 
 8.82828000e-04  3.70201611e+00 
 8.82928000e-04  3.70200227e+00 
 8.83028000e-04  3.70198878e+00 
 8.83128000e-04  3.70197569e+00 
 8.83228000e-04  3.70196304e+00 
 8.83328000e-04  3.70195087e+00 
 8.83428000e-04  3.70193925e+00 
 8.83528000e-04  3.70192822e+00 
 8.83628000e-04  3.70191784e+00 
 8.83728000e-04  3.70190819e+00 
 8.83828000e-04  3.70189933e+00 
 8.83928000e-04  3.70189135e+00 
 8.84028000e-04  3.70188432e+00 
 8.84128000e-04  3.70187833e+00 
 8.84228000e-04  3.70187348e+00 
 8.84328000e-04  3.70186988e+00 
 8.84428000e-04  3.70186763e+00 
 8.84528000e-04  3.70186686e+00 
 8.84628000e-04  3.70186768e+00 
 8.84728000e-04  3.70187024e+00 
 8.84828000e-04  3.70187468e+00 
 8.84928000e-04  3.70188114e+00 
 8.85028000e-04  3.70188979e+00 
 8.85128000e-04  3.70190079e+00 
 8.85228000e-04  3.70191432e+00 
 8.85328000e-04  3.70193056e+00 
 8.85428000e-04  3.70194970e+00 
 8.85528000e-04  3.70197195e+00 
 8.85628000e-04  3.70199751e+00 
 8.85728000e-04  3.70202661e+00 
 8.85828000e-04  3.70205945e+00 
 8.85928000e-04  3.70209628e+00 
 8.86028000e-04  3.70213732e+00 
 8.86128000e-04  3.70218281e+00 
 8.86228000e-04  3.70223301e+00 
 8.86328000e-04  3.70228815e+00 
 8.86428000e-04  3.70234849e+00 
 8.86528000e-04  3.70241427e+00 
 8.86628000e-04  3.70248576e+00 
 8.86728000e-04  3.70256318e+00 
 8.86828000e-04  3.70264680e+00 
 8.86928000e-04  3.70273685e+00 
 8.87028000e-04  3.70283356e+00 
 8.87128000e-04  3.70293716e+00 
 8.87228000e-04  3.70304787e+00 
 8.87328000e-04  3.70316589e+00 
 8.87428000e-04  3.70329142e+00 
 8.87528000e-04  3.70342462e+00 
 8.87628000e-04  3.70356566e+00 
 8.87728000e-04  3.70371467e+00 
 8.87828000e-04  3.70387178e+00 
 8.87928000e-04  3.70403707e+00 
 8.88028000e-04  3.70421062e+00 
 8.88128000e-04  3.70439248e+00 
 8.88228000e-04  3.70458265e+00 
 8.88328000e-04  3.70478113e+00 
 8.88428000e-04  3.70498788e+00 
 8.88528000e-04  3.70520283e+00 
 8.88628000e-04  3.70542586e+00 
 8.88728000e-04  3.70565684e+00 
 8.88828000e-04  3.70589560e+00 
 8.88928000e-04  3.70614195e+00 
 8.89028000e-04  3.70639563e+00 
 8.89128000e-04  3.70665639e+00 
 8.89228000e-04  3.70692392e+00 
 8.89328000e-04  3.70719789e+00 
 8.89428000e-04  3.70747793e+00 
 8.89528000e-04  3.70776365e+00 
 8.89628000e-04  3.70805464e+00 
 8.89728000e-04  3.70835043e+00 
 8.89828000e-04  3.70865057e+00 
 8.89928000e-04  3.70895455e+00 
 8.90028000e-04  3.70926185e+00 
 8.90128000e-04  3.70957194e+00 
 8.90228000e-04  3.70988426e+00 
 8.90328000e-04  3.71019825e+00 
 8.90428000e-04  3.71051333e+00 
 8.90528000e-04  3.71082891e+00 
 8.90628000e-04  3.71114439e+00 
 8.90728000e-04  3.71145918e+00 
 8.90828000e-04  3.71177266e+00 
 8.90928000e-04  3.71208424e+00 
 8.91028000e-04  3.71239332e+00 
 8.91128000e-04  3.71269931e+00 
 8.91228000e-04  3.71300162e+00 
 8.91328000e-04  3.71329968e+00 
 8.91428000e-04  3.71359292e+00 
 8.91528000e-04  3.71388079e+00 
 8.91628000e-04  3.71416278e+00 
 8.91728000e-04  3.71443835e+00 
 8.91828000e-04  3.71470703e+00 
 8.91928000e-04  3.71496834e+00 
 8.92028000e-04  3.71522184e+00 
 8.92128000e-04  3.71546710e+00 
 8.92228000e-04  3.71570362e+00 
 8.92328000e-04  3.71593105e+00 
 8.92428000e-04  3.71614923e+00 
 8.92528000e-04  3.71635784e+00 
 8.92628000e-04  3.71655657e+00 
 8.92728000e-04  3.71674517e+00 
 8.92828000e-04  3.71692339e+00 
 8.92928000e-04  3.71709105e+00 
 8.93028000e-04  3.71724796e+00 
 8.93128000e-04  3.71739400e+00 
 8.93228000e-04  3.71752918e+00 
 8.93328000e-04  3.71765350e+00 
 8.93428000e-04  3.71776688e+00 
 8.93528000e-04  3.71786930e+00 
 8.93628000e-04  3.71796083e+00 
 8.93728000e-04  3.71804155e+00 
 8.93828000e-04  3.71811156e+00 
 8.93928000e-04  3.71817100e+00 
 8.94028000e-04  3.71822005e+00 
 8.94128000e-04  3.71825889e+00 
 8.94228000e-04  3.71828776e+00 
 8.94328000e-04  3.71830690e+00 
 8.94428000e-04  3.71831658e+00 
 8.94528000e-04  3.71831710e+00 
 8.94628000e-04  3.71830878e+00 
 8.94728000e-04  3.71829194e+00 
 8.94828000e-04  3.71826696e+00 
 8.94928000e-04  3.71823419e+00 
 8.95028000e-04  3.71819402e+00 
 8.95128000e-04  3.71814684e+00 
 8.95228000e-04  3.71809307e+00 
 8.95328000e-04  3.71803311e+00 
 8.95428000e-04  3.71796740e+00 
 8.95528000e-04  3.71789636e+00 
 8.95628000e-04  3.71782041e+00 
 8.95728000e-04  3.71773999e+00 
 8.95828000e-04  3.71765553e+00 
 8.95928000e-04  3.71756746e+00 
 8.96028000e-04  3.71747618e+00 
 8.96128000e-04  3.71738213e+00 
 8.96228000e-04  3.71728570e+00 
 8.96328000e-04  3.71718730e+00 
 8.96428000e-04  3.71708730e+00 
 8.96528000e-04  3.71698608e+00 
 8.96628000e-04  3.71688399e+00 
 8.96728000e-04  3.71678139e+00 
 8.96828000e-04  3.71667858e+00 
 8.96928000e-04  3.71657590e+00 
 8.97028000e-04  3.71647361e+00 
 8.97128000e-04  3.71637200e+00 
 8.97228000e-04  3.71627132e+00 
 8.97328000e-04  3.71617181e+00 
 8.97428000e-04  3.71607367e+00 
 8.97528000e-04  3.71597710e+00 
 8.97628000e-04  3.71588228e+00 
 8.97728000e-04  3.71578935e+00 
 8.97828000e-04  3.71569847e+00 
 8.97928000e-04  3.71560974e+00 
 8.98028000e-04  3.71552327e+00 
 8.98128000e-04  3.71543914e+00 
 8.98228000e-04  3.71535740e+00 
 8.98328000e-04  3.71527812e+00 
 8.98428000e-04  3.71520133e+00 
 8.98528000e-04  3.71512704e+00 
 8.98628000e-04  3.71505527e+00 
 8.98728000e-04  3.71498601e+00 
 8.98828000e-04  3.71491924e+00 
 8.98928000e-04  3.71485493e+00 
 8.99028000e-04  3.71479305e+00 
 8.99128000e-04  3.71473356e+00 
 8.99228000e-04  3.71467640e+00 
 8.99328000e-04  3.71462151e+00 
 8.99428000e-04  3.71456882e+00 
 8.99528000e-04  3.71451828e+00 
 8.99628000e-04  3.71446980e+00 
 8.99728000e-04  3.71442332e+00 
 8.99828000e-04  3.71437874e+00 
 8.99928000e-04  3.71433600e+00 
 9.00028000e-04  3.71429500e+00 
 9.00128000e-04  3.71425567e+00 
 9.00228000e-04  3.71421793e+00 
 9.00328000e-04  3.71418169e+00 
 9.00428000e-04  3.71414688e+00 
 9.00528000e-04  3.71411341e+00 
 9.00628000e-04  3.71408121e+00 
 9.00728000e-04  3.71405020e+00 
 9.00828000e-04  3.71402031e+00 
 9.00928000e-04  3.71399146e+00 
 9.01028000e-04  3.71396360e+00 
 9.01128000e-04  3.71393665e+00 
 9.01228000e-04  3.71391055e+00 
 9.01328000e-04  3.71388524e+00 
 9.01428000e-04  3.71386066e+00 
 9.01528000e-04  3.71383676e+00 
 9.01628000e-04  3.71381349e+00 
 9.01728000e-04  3.71379080e+00 
 9.01828000e-04  3.71376864e+00 
 9.01928000e-04  3.71374697e+00 
 9.02028000e-04  3.71372576e+00 
 9.02128000e-04  3.71370495e+00 
 9.02228000e-04  3.71368452e+00 
 9.02328000e-04  3.71366444e+00 
 9.02428000e-04  3.71364467e+00 
 9.02528000e-04  3.71362519e+00 
 9.02628000e-04  3.71360597e+00 
 9.02728000e-04  3.71358698e+00 
 9.02828000e-04  3.71356821e+00 
 9.02928000e-04  3.71354963e+00 
 9.03028000e-04  3.71353123e+00 
 9.03128000e-04  3.71351298e+00 
 9.03228000e-04  3.71349487e+00 
 9.03328000e-04  3.71347690e+00 
 9.03428000e-04  3.71345903e+00 
 9.03528000e-04  3.71344128e+00 
 9.03628000e-04  3.71342361e+00 
 9.03728000e-04  3.71340602e+00 
 9.03828000e-04  3.71338851e+00 
 9.03928000e-04  3.71337106e+00 
 9.04028000e-04  3.71335367e+00 
 9.04128000e-04  3.71333634e+00 
 9.04228000e-04  3.71331905e+00 
 9.04328000e-04  3.71330180e+00 
 9.04428000e-04  3.71328458e+00 
 9.04528000e-04  3.71326740e+00 
 9.04628000e-04  3.71325025e+00 
 9.04728000e-04  3.71323312e+00 
 9.04828000e-04  3.71321601e+00 
 9.04928000e-04  3.71319893e+00 
 9.05028000e-04  3.71318185e+00 
 9.05128000e-04  3.71316480e+00 
 9.05228000e-04  3.71314776e+00 
 9.05328000e-04  3.71313072e+00 
 9.05428000e-04  3.71311370e+00 
 9.05528000e-04  3.71309669e+00 
 9.05628000e-04  3.71307968e+00 
 9.05728000e-04  3.71306268e+00 
 9.05828000e-04  3.71304569e+00 
 9.05928000e-04  3.71302870e+00 
 9.06028000e-04  3.71301172e+00 
 9.06128000e-04  3.71299474e+00 
 9.06228000e-04  3.71297776e+00 
 9.06328000e-04  3.71296079e+00 
 9.06428000e-04  3.71294381e+00 
 9.06528000e-04  3.71292684e+00 
 9.06628000e-04  3.71290988e+00 
 9.06728000e-04  3.71289291e+00 
 9.06828000e-04  3.71287595e+00 
 9.06928000e-04  3.71285898e+00 
 9.07028000e-04  3.71284202e+00 
 9.07128000e-04  3.71282506e+00 
 9.07228000e-04  3.71280810e+00 
 9.07328000e-04  3.71279114e+00 
 9.07428000e-04  3.71277418e+00 
 9.07528000e-04  3.71275722e+00 
 9.07628000e-04  3.71274026e+00 
 9.07728000e-04  3.71272330e+00 
 9.07828000e-04  3.71270634e+00 
 9.07928000e-04  3.71268939e+00 
 9.08028000e-04  3.71267243e+00 
 9.08128000e-04  3.71265547e+00 
 9.08228000e-04  3.71263852e+00 
 9.08328000e-04  3.71262156e+00 
 9.08428000e-04  3.71260460e+00 
 9.08528000e-04  3.71258765e+00 
 9.08628000e-04  3.71257069e+00 
 9.08728000e-04  3.71255374e+00 
 9.08828000e-04  3.71253678e+00 
 9.08928000e-04  3.71251983e+00 
 9.09028000e-04  3.71250287e+00 
 9.09128000e-04  3.71248592e+00 
 9.09228000e-04  3.71246897e+00 
 9.09328000e-04  3.71245201e+00 
 9.09428000e-04  3.71243506e+00 
 9.09528000e-04  3.71241811e+00 
 9.09628000e-04  3.71240115e+00 
 9.09728000e-04  3.71238420e+00 
 9.09828000e-04  3.71236725e+00 
 9.09928000e-04  3.71235030e+00 
 9.10028000e-04  3.71233334e+00 
 9.10128000e-04  3.71231639e+00 
 9.10228000e-04  3.71229944e+00 
 9.10328000e-04  3.71228249e+00 
 9.10428000e-04  3.71226554e+00 
 9.10528000e-04  3.71224859e+00 
 9.10628000e-04  3.71223164e+00 
 9.10728000e-04  3.71221469e+00 
 9.10828000e-04  3.71219774e+00 
 9.10928000e-04  3.71218079e+00 
 9.11028000e-04  3.71216384e+00 
 9.11128000e-04  3.71214689e+00 
 9.11228000e-04  3.71212994e+00 
 9.11328000e-04  3.71211299e+00 
 9.11428000e-04  3.71209605e+00 
 9.11528000e-04  3.71207910e+00 
 9.11628000e-04  3.71206215e+00 
 9.11728000e-04  3.71204520e+00 
 9.11828000e-04  3.71202826e+00 
 9.11928000e-04  3.71201131e+00 
 9.12028000e-04  3.71199436e+00 
 9.12128000e-04  3.71197742e+00 
 9.12228000e-04  3.71196047e+00 
 9.12328000e-04  3.71194353e+00 
 9.12428000e-04  3.71192658e+00 
 9.12528000e-04  3.71190964e+00 
 9.12628000e-04  3.71189270e+00 
 9.12728000e-04  3.71187575e+00 
 9.12828000e-04  3.71185881e+00 
 9.12928000e-04  3.71184187e+00 
 9.13028000e-04  3.71182492e+00 
 9.13128000e-04  3.71180798e+00 
 9.13228000e-04  3.71179104e+00 
 9.13328000e-04  3.71177410e+00 
 9.13428000e-04  3.71175716e+00 
 9.13528000e-04  3.71174022e+00 
 9.13628000e-04  3.71172328e+00 
 9.13728000e-04  3.71170634e+00 
 9.13828000e-04  3.71168940e+00 
 9.13928000e-04  3.71167246e+00 
 9.14028000e-04  3.71165552e+00 
 9.14128000e-04  3.71163858e+00 
 9.14228000e-04  3.71162164e+00 
 9.14328000e-04  3.71160471e+00 
 9.14428000e-04  3.71158777e+00 
 9.14528000e-04  3.71157083e+00 
 9.14628000e-04  3.71155389e+00 
 9.14728000e-04  3.71153696e+00 
 9.14828000e-04  3.71152002e+00 
 9.14928000e-04  3.71150309e+00 
 9.15028000e-04  3.71148615e+00 
 9.15128000e-04  3.71146922e+00 
 9.15228000e-04  3.71145228e+00 
 9.15328000e-04  3.71143535e+00 
 9.15428000e-04  3.71141842e+00 
 9.15528000e-04  3.71140148e+00 
 9.15628000e-04  3.71138455e+00 
 9.15728000e-04  3.71136762e+00 
 9.15828000e-04  3.71135069e+00 
 9.15928000e-04  3.71133376e+00 
 9.16028000e-04  3.71131683e+00 
 9.16128000e-04  3.71129990e+00 
 9.16228000e-04  3.71128297e+00 
 9.16328000e-04  3.71126604e+00 
 9.16428000e-04  3.71124911e+00 
 9.16528000e-04  3.71123218e+00 
 9.16628000e-04  3.71121525e+00 
 9.16728000e-04  3.71119833e+00 
 9.16828000e-04  3.71118140e+00 
 9.16928000e-04  3.71116447e+00 
 9.17028000e-04  3.71114755e+00 
 9.17128000e-04  3.71113062e+00 
 9.17228000e-04  3.71111370e+00 
 9.17328000e-04  3.71109677e+00 
 9.17428000e-04  3.71107985e+00 
 9.17528000e-04  3.71106293e+00 
 9.17628000e-04  3.71104600e+00 
 9.17728000e-04  3.71102908e+00 
 9.17828000e-04  3.71101216e+00 
 9.17928000e-04  3.71099524e+00 
 9.18028000e-04  3.71097832e+00 
 9.18128000e-04  3.71096140e+00 
 9.18228000e-04  3.71094448e+00 
 9.18328000e-04  3.71092756e+00 
 9.18428000e-04  3.71091064e+00 
 9.18528000e-04  3.71089372e+00 
 9.18628000e-04  3.71087680e+00 
 9.18728000e-04  3.71085989e+00 
 9.18828000e-04  3.71084297e+00 
 9.18928000e-04  3.71082605e+00 
 9.19028000e-04  3.71080914e+00 
 9.19128000e-04  3.71079222e+00 
 9.19228000e-04  3.71077531e+00 
 9.19328000e-04  3.71075839e+00 
 9.19428000e-04  3.71074148e+00 
 9.19528000e-04  3.71072457e+00 
 9.19628000e-04  3.71070766e+00 
 9.19728000e-04  3.71069074e+00 
 9.19828000e-04  3.71067383e+00 
 9.19928000e-04  3.71065692e+00 
 9.20028000e-04  3.71064001e+00 
 9.20128000e-04  3.71062310e+00 
 9.20228000e-04  3.71060619e+00 
 9.20328000e-04  3.71058928e+00 
 9.20428000e-04  3.71057238e+00 
 9.20528000e-04  3.71055547e+00 
 9.20628000e-04  3.71053856e+00 
 9.20728000e-04  3.71052165e+00 
 9.20828000e-04  3.71050475e+00 
 9.20928000e-04  3.71048784e+00 
 9.21028000e-04  3.71047094e+00 
 9.21128000e-04  3.71045403e+00 
 9.21228000e-04  3.71043713e+00 
 9.21328000e-04  3.71042023e+00 
 9.21428000e-04  3.71040332e+00 
 9.21528000e-04  3.71038642e+00 
 9.21628000e-04  3.71036952e+00 
 9.21728000e-04  3.71035262e+00 
 9.21828000e-04  3.71033572e+00 
 9.21928000e-04  3.71031882e+00 
 9.22028000e-04  3.71030192e+00 
 9.22128000e-04  3.71028502e+00 
 9.22228000e-04  3.71026812e+00 
 9.22328000e-04  3.71025123e+00 
 9.22428000e-04  3.71023433e+00 
 9.22528000e-04  3.71021743e+00 
 9.22628000e-04  3.71020054e+00 
 9.22728000e-04  3.71018364e+00 
 9.22828000e-04  3.71016675e+00 
 9.22928000e-04  3.71014985e+00 
 9.23028000e-04  3.71013296e+00 
 9.23128000e-04  3.71011607e+00 
 9.23228000e-04  3.71009917e+00 
 9.23328000e-04  3.71008228e+00 
 9.23428000e-04  3.71006539e+00 
 9.23528000e-04  3.71004850e+00 
 9.23628000e-04  3.71003161e+00 
 9.23728000e-04  3.71001472e+00 
 9.23828000e-04  3.70999783e+00 
 9.23928000e-04  3.70998094e+00 
 9.24028000e-04  3.70996406e+00 
 9.24128000e-04  3.70994717e+00 
 9.24228000e-04  3.70993028e+00 
 9.24328000e-04  3.70991340e+00 
 9.24428000e-04  3.70989651e+00 
 9.24528000e-04  3.70987963e+00 
 9.24628000e-04  3.70986274e+00 
 9.24728000e-04  3.70984586e+00 
 9.24828000e-04  3.70982898e+00 
 9.24928000e-04  3.70981209e+00 
 9.25028000e-04  3.70979521e+00 
 9.25128000e-04  3.70977833e+00 
 9.25228000e-04  3.70976145e+00 
 9.25328000e-04  3.70974457e+00 
 9.25428000e-04  3.70972769e+00 
 9.25528000e-04  3.70971081e+00 
 9.25628000e-04  3.70969393e+00 
 9.25728000e-04  3.70967706e+00 
 9.25828000e-04  3.70966018e+00 
 9.25928000e-04  3.70964330e+00 
 9.26028000e-04  3.70962643e+00 
 9.26128000e-04  3.70960955e+00 
 9.26228000e-04  3.70959268e+00 
 9.26328000e-04  3.70957580e+00 
 9.26428000e-04  3.70955893e+00 
 9.26528000e-04  3.70954206e+00 
 9.26628000e-04  3.70952518e+00 
 9.26728000e-04  3.70950831e+00 
 9.26828000e-04  3.70949144e+00 
 9.26928000e-04  3.70947457e+00 
 9.27028000e-04  3.70945770e+00 
 9.27128000e-04  3.70944083e+00 
 9.27228000e-04  3.70942396e+00 
 9.27328000e-04  3.70940710e+00 
 9.27428000e-04  3.70939023e+00 
 9.27528000e-04  3.70937336e+00 
 9.27628000e-04  3.70935650e+00 
 9.27728000e-04  3.70933963e+00 
 9.27828000e-04  3.70932276e+00 
 9.27928000e-04  3.70930590e+00 
 9.28028000e-04  3.70928904e+00 
 9.28128000e-04  3.70927217e+00 
 9.28228000e-04  3.70925531e+00 
 9.28328000e-04  3.70923845e+00 
 9.28428000e-04  3.70922159e+00 
 9.28528000e-04  3.70920473e+00 
 9.28628000e-04  3.70918787e+00 
 9.28728000e-04  3.70917101e+00 
 9.28828000e-04  3.70915415e+00 
 9.28928000e-04  3.70913729e+00 
 9.29028000e-04  3.70912043e+00 
 9.29128000e-04  3.70910357e+00 
 9.29228000e-04  3.70908672e+00 
 9.29328000e-04  3.70906986e+00 
 9.29428000e-04  3.70905301e+00 
 9.29528000e-04  3.70903615e+00 
 9.29628000e-04  3.70901930e+00 
 9.29728000e-04  3.70900244e+00 
 9.29828000e-04  3.70898559e+00 
 9.29928000e-04  3.70896874e+00 
 9.30028000e-04  3.70895189e+00 
 9.30128000e-04  3.70893504e+00 
 9.30228000e-04  3.70891819e+00 
 9.30328000e-04  3.70890134e+00 
 9.30428000e-04  3.70888449e+00 
 9.30528000e-04  3.70886764e+00 
 9.30628000e-04  3.70885079e+00 
 9.30728000e-04  3.70883394e+00 
 9.30828000e-04  3.70881709e+00 
 9.30928000e-04  3.70880025e+00 
 9.31028000e-04  3.70878340e+00 
 9.31128000e-04  3.70876656e+00 
 9.31228000e-04  3.70874971e+00 
 9.31328000e-04  3.70873287e+00 
 9.31428000e-04  3.70871603e+00 
 9.31528000e-04  3.70869918e+00 
 9.31628000e-04  3.70868234e+00 
 9.31728000e-04  3.70866550e+00 
 9.31828000e-04  3.70864866e+00 
 9.31928000e-04  3.70863182e+00 
 9.32028000e-04  3.70861498e+00 
 9.32128000e-04  3.70859814e+00 
 9.32228000e-04  3.70858130e+00 
 9.32328000e-04  3.70856446e+00 
 9.32428000e-04  3.70854763e+00 
 9.32528000e-04  3.70853079e+00 
 9.32628000e-04  3.70851395e+00 
 9.32728000e-04  3.70849712e+00 
 9.32828000e-04  3.70848028e+00 
 9.32928000e-04  3.70846345e+00 
 9.33028000e-04  3.70844661e+00 
 9.33128000e-04  3.70842978e+00 
 9.33228000e-04  3.70841295e+00 
 9.33328000e-04  3.70839612e+00 
 9.33428000e-04  3.70837928e+00 
 9.33528000e-04  3.70836245e+00 
 9.33628000e-04  3.70834562e+00 
 9.33728000e-04  3.70832879e+00 
 9.33828000e-04  3.70831196e+00 
 9.33928000e-04  3.70829514e+00 
 9.34028000e-04  3.70827831e+00 
 9.34128000e-04  3.70826148e+00 
 9.34228000e-04  3.70824465e+00 
 9.34328000e-04  3.70822783e+00 
 9.34428000e-04  3.70821100e+00 
 9.34528000e-04  3.70819418e+00 
 9.34628000e-04  3.70817735e+00 
 9.34728000e-04  3.70816053e+00 
 9.34828000e-04  3.70814370e+00 
 9.34928000e-04  3.70812688e+00 
 9.35028000e-04  3.70811006e+00 
 9.35128000e-04  3.70809324e+00 
 9.35228000e-04  3.70807642e+00 
 9.35328000e-04  3.70805960e+00 
 9.35428000e-04  3.70804278e+00 
 9.35528000e-04  3.70802596e+00 
 9.35628000e-04  3.70800914e+00 
 9.35728000e-04  3.70799232e+00 
 9.35828000e-04  3.70797550e+00 
 9.35928000e-04  3.70795868e+00 
 9.36028000e-04  3.70794187e+00 
 9.36128000e-04  3.70792505e+00 
 9.36228000e-04  3.70790824e+00 
 9.36328000e-04  3.70789142e+00 
 9.36428000e-04  3.70787461e+00 
 9.36528000e-04  3.70785779e+00 
 9.36628000e-04  3.70784098e+00 
 9.36728000e-04  3.70782417e+00 
 9.36828000e-04  3.70780735e+00 
 9.36928000e-04  3.70779054e+00 
 9.37028000e-04  3.70777373e+00 
 9.37128000e-04  3.70775692e+00 
 9.37228000e-04  3.70774011e+00 
 9.37328000e-04  3.70772330e+00 
 9.37428000e-04  3.70770649e+00 
 9.37528000e-04  3.70768968e+00 
 9.37628000e-04  3.70767288e+00 
 9.37728000e-04  3.70765607e+00 
 9.37828000e-04  3.70763926e+00 
 9.37928000e-04  3.70762246e+00 
 9.38028000e-04  3.70760565e+00 
 9.38128000e-04  3.70758884e+00 
 9.38228000e-04  3.70757204e+00 
 9.38328000e-04  3.70755524e+00 
 9.38428000e-04  3.70753843e+00 
 9.38528000e-04  3.70752163e+00 
 9.38628000e-04  3.70750483e+00 
 9.38728000e-04  3.70748802e+00 
 9.38828000e-04  3.70747122e+00 
 9.38928000e-04  3.70745442e+00 
 9.39028000e-04  3.70743762e+00 
 9.39128000e-04  3.70742082e+00 
 9.39228000e-04  3.70740402e+00 
 9.39328000e-04  3.70738722e+00 
 9.39428000e-04  3.70737042e+00 
 9.39528000e-04  3.70735363e+00 
 9.39628000e-04  3.70733683e+00 
 9.39728000e-04  3.70732003e+00 
 9.39828000e-04  3.70730323e+00 
 9.39928000e-04  3.70728644e+00 
 9.40028000e-04  3.70726964e+00 
 9.40128000e-04  3.70725285e+00 
 9.40228000e-04  3.70723605e+00 
 9.40328000e-04  3.70721926e+00 
 9.40428000e-04  3.70720246e+00 
 9.40528000e-04  3.70718567e+00 
 9.40628000e-04  3.70716888e+00 
 9.40728000e-04  3.70715209e+00 
 9.40828000e-04  3.70713529e+00 
 9.40928000e-04  3.70711850e+00 
 9.41028000e-04  3.70710171e+00 
 9.41128000e-04  3.70708492e+00 
 9.41228000e-04  3.70706813e+00 
 9.41328000e-04  3.70705134e+00 
 9.41428000e-04  3.70703455e+00 
 9.41528000e-04  3.70701777e+00 
 9.41628000e-04  3.70700098e+00 
 9.41728000e-04  3.70698419e+00 
 9.41828000e-04  3.70696740e+00 
 9.41928000e-04  3.70695062e+00 
 9.42028000e-04  3.70693383e+00 
 9.42128000e-04  3.70691704e+00 
 9.42228000e-04  3.70690026e+00 
 9.42328000e-04  3.70688347e+00 
 9.42428000e-04  3.70686669e+00 
 9.42528000e-04  3.70684990e+00 
 9.42628000e-04  3.70683312e+00 
 9.42728000e-04  3.70681634e+00 
 9.42828000e-04  3.70679955e+00 
 9.42928000e-04  3.70678277e+00 
 9.43028000e-04  3.70676599e+00 
 9.43128000e-04  3.70674921e+00 
 9.43228000e-04  3.70673243e+00 
 9.43328000e-04  3.70671565e+00 
 9.43428000e-04  3.70669887e+00 
 9.43528000e-04  3.70668209e+00 
 9.43628000e-04  3.70666531e+00 
 9.43728000e-04  3.70664853e+00 
 9.43828000e-04  3.70663175e+00 
 9.43928000e-04  3.70661498e+00 
 9.44028000e-04  3.70659820e+00 
 9.44128000e-04  3.70658142e+00 
 9.44228000e-04  3.70656464e+00 
 9.44328000e-04  3.70654787e+00 
 9.44428000e-04  3.70653109e+00 
 9.44528000e-04  3.70651432e+00 
 9.44628000e-04  3.70649754e+00 
 9.44728000e-04  3.70648077e+00 
 9.44828000e-04  3.70646399e+00 
 9.44928000e-04  3.70644722e+00 
 9.45028000e-04  3.70643044e+00 
 9.45128000e-04  3.70641367e+00 
 9.45228000e-04  3.70639690e+00 
 9.45328000e-04  3.70638012e+00 
 9.45428000e-04  3.70636335e+00 
 9.45528000e-04  3.70634658e+00 
 9.45628000e-04  3.70632981e+00 
 9.45728000e-04  3.70631304e+00 
 9.45828000e-04  3.70629626e+00 
 9.45928000e-04  3.70627949e+00 
 9.46028000e-04  3.70626272e+00 
 9.46128000e-04  3.70624595e+00 
 9.46228000e-04  3.70622918e+00 
 9.46328000e-04  3.70621241e+00 
 9.46428000e-04  3.70619564e+00 
 9.46528000e-04  3.70617887e+00 
 9.46628000e-04  3.70616211e+00 
 9.46728000e-04  3.70614534e+00 
 9.46828000e-04  3.70612857e+00 
 9.46928000e-04  3.70611180e+00 
 9.47028000e-04  3.70609503e+00 
 9.47128000e-04  3.70607827e+00 
 9.47228000e-04  3.70606150e+00 
 9.47328000e-04  3.70604473e+00 
 9.47428000e-04  3.70602796e+00 
 9.47528000e-04  3.70601120e+00 
 9.47628000e-04  3.70599443e+00 
 9.47728000e-04  3.70597767e+00 
 9.47828000e-04  3.70596090e+00 
 9.47928000e-04  3.70594413e+00 
 9.48028000e-04  3.70592737e+00 
 9.48128000e-04  3.70591060e+00 
 9.48228000e-04  3.70589384e+00 
 9.48328000e-04  3.70587708e+00 
 9.48428000e-04  3.70586031e+00 
 9.48528000e-04  3.70584355e+00 
 9.48628000e-04  3.70582678e+00 
 9.48728000e-04  3.70581002e+00 
 9.48828000e-04  3.70579326e+00 
 9.48928000e-04  3.70577649e+00 
 9.49028000e-04  3.70575973e+00 
 9.49128000e-04  3.70574297e+00 
 9.49228000e-04  3.70572621e+00 
 9.49328000e-04  3.70570945e+00 
 9.49428000e-04  3.70569269e+00 
 9.49528000e-04  3.70567593e+00 
 9.49628000e-04  3.70565917e+00 
 9.49728000e-04  3.70564241e+00 
 9.49828000e-04  3.70562565e+00 
 9.49928000e-04  3.70560889e+00 
 9.50028000e-04  3.70559214e+00 
 9.50128000e-04  3.70557538e+00 
 9.50228000e-04  3.70555863e+00 
 9.50328000e-04  3.70554187e+00 
 9.50428000e-04  3.70552512e+00 
 9.50528000e-04  3.70550837e+00 
 9.50628000e-04  3.70549163e+00 
 9.50728000e-04  3.70547489e+00 
 9.50828000e-04  3.70545815e+00 
 9.50928000e-04  3.70544141e+00 
 9.51028000e-04  3.70542468e+00 
 9.51128000e-04  3.70540795e+00 
 9.51228000e-04  3.70539123e+00 
 9.51328000e-04  3.70537451e+00 
 9.51428000e-04  3.70535781e+00 
 9.51528000e-04  3.70534111e+00 
 9.51628000e-04  3.70532442e+00 
 9.51728000e-04  3.70530774e+00 
 9.51828000e-04  3.70529108e+00 
 9.51928000e-04  3.70527443e+00 
 9.52028000e-04  3.70525780e+00 
 9.52128000e-04  3.70524120e+00 
 9.52228000e-04  3.70522461e+00 
 9.52328000e-04  3.70520805e+00 
 9.52428000e-04  3.70519152e+00 
 9.52528000e-04  3.70517503e+00 
 9.52628000e-04  3.70515858e+00 
 9.52728000e-04  3.70514217e+00 
 9.52828000e-04  3.70512581e+00 
 9.52928000e-04  3.70510952e+00 
 9.53028000e-04  3.70509329e+00 
 9.53128000e-04  3.70507713e+00 
 9.53228000e-04  3.70506106e+00 
 9.53328000e-04  3.70504508e+00 
 9.53428000e-04  3.70502922e+00 
 9.53528000e-04  3.70501347e+00 
 9.53628000e-04  3.70499786e+00 
 9.53728000e-04  3.70498241e+00 
 9.53828000e-04  3.70496713e+00 
 9.53928000e-04  3.70495204e+00 
 9.54028000e-04  3.70493716e+00 
 9.54128000e-04  3.70492253e+00 
 9.54228000e-04  3.70490817e+00 
 9.54328000e-04  3.70489411e+00 
 9.54428000e-04  3.70488038e+00 
 9.54528000e-04  3.70486703e+00 
 9.54628000e-04  3.70485408e+00 
 9.54728000e-04  3.70484159e+00 
 9.54828000e-04  3.70482961e+00 
 9.54928000e-04  3.70481818e+00 
 9.55028000e-04  3.70480737e+00 
 9.55128000e-04  3.70479723e+00 
 9.55228000e-04  3.70478783e+00 
 9.55328000e-04  3.70477926e+00 
 9.55428000e-04  3.70477157e+00 
 9.55528000e-04  3.70476487e+00 
 9.55628000e-04  3.70475924e+00 
 9.55728000e-04  3.70475477e+00 
 9.55828000e-04  3.70475158e+00 
 9.55928000e-04  3.70474978e+00 
 9.56028000e-04  3.70474948e+00 
 9.56128000e-04  3.70475081e+00 
 9.56228000e-04  3.70475390e+00 
 9.56328000e-04  3.70475890e+00 
 9.56428000e-04  3.70476597e+00 
 9.56528000e-04  3.70477525e+00 
 9.56628000e-04  3.70478691e+00 
 9.56728000e-04  3.70480114e+00 
 9.56828000e-04  3.70481811e+00 
 9.56928000e-04  3.70483801e+00 
 9.57028000e-04  3.70486105e+00 
 9.57128000e-04  3.70488743e+00 
 9.57228000e-04  3.70491735e+00 
 9.57328000e-04  3.70495105e+00 
 9.57428000e-04  3.70498875e+00 
 9.57528000e-04  3.70503067e+00 
 9.57628000e-04  3.70507705e+00 
 9.57728000e-04  3.70512813e+00 
 9.57828000e-04  3.70518416e+00 
 9.57928000e-04  3.70524536e+00 
 9.58028000e-04  3.70531199e+00 
 9.58128000e-04  3.70538428e+00 
 9.58228000e-04  3.70546248e+00 
 9.58328000e-04  3.70554681e+00 
 9.58428000e-04  3.70563751e+00 
 9.58528000e-04  3.70573481e+00 
 9.58628000e-04  3.70583890e+00 
 9.58728000e-04  3.70595000e+00 
 9.58828000e-04  3.70606830e+00 
 9.58928000e-04  3.70619397e+00 
 9.59028000e-04  3.70632717e+00 
 9.59128000e-04  3.70646804e+00 
 9.59228000e-04  3.70661671e+00 
 9.59328000e-04  3.70677328e+00 
 9.59428000e-04  3.70693782e+00 
 9.59528000e-04  3.70711040e+00 
 9.59628000e-04  3.70729103e+00 
 9.59728000e-04  3.70747972e+00 
 9.59828000e-04  3.70767643e+00 
 9.59928000e-04  3.70788112e+00 
 9.60028000e-04  3.70809369e+00 
 9.60128000e-04  3.70831403e+00 
 9.60228000e-04  3.70854197e+00 
 9.60328000e-04  3.70877734e+00 
 9.60428000e-04  3.70901993e+00 
 9.60528000e-04  3.70926948e+00 
 9.60628000e-04  3.70952571e+00 
 9.60728000e-04  3.70978832e+00 
 9.60828000e-04  3.71005696e+00 
 9.60928000e-04  3.71033127e+00 
 9.61028000e-04  3.71061084e+00 
 9.61128000e-04  3.71089526e+00 
 9.61228000e-04  3.71118407e+00 
 9.61328000e-04  3.71147680e+00 
 9.61428000e-04  3.71177296e+00 
 9.61528000e-04  3.71207203e+00 
 9.61628000e-04  3.71237349e+00 
 9.61728000e-04  3.71267677e+00 
 9.61828000e-04  3.71298134e+00 
 9.61928000e-04  3.71328661e+00 
 9.62028000e-04  3.71359202e+00 
 9.62128000e-04  3.71389697e+00 
 9.62228000e-04  3.71420089e+00 
 9.62328000e-04  3.71450319e+00 
 9.62428000e-04  3.71480328e+00 
 9.62528000e-04  3.71510058e+00 
 9.62628000e-04  3.71539453e+00 
 9.62728000e-04  3.71568456e+00 
 9.62828000e-04  3.71597011e+00 
 9.62928000e-04  3.71625065e+00 
 9.63028000e-04  3.71652565e+00 
 9.63128000e-04  3.71679461e+00 
 9.63228000e-04  3.71705704e+00 
 9.63328000e-04  3.71731247e+00 
 9.63428000e-04  3.71756046e+00 
 9.63528000e-04  3.71780060e+00 
 9.63628000e-04  3.71803248e+00 
 9.63728000e-04  3.71825567e+00 
 9.63828000e-04  3.71846983e+00 
 9.63928000e-04  3.71867478e+00 
 9.64028000e-04  3.71887024e+00 
 9.64128000e-04  3.71905593e+00 
 9.64228000e-04  3.71923161e+00 
 9.64328000e-04  3.71939708e+00 
 9.64428000e-04  3.71955216e+00 
 9.64528000e-04  3.71969670e+00 
 9.64628000e-04  3.71983070e+00 
 9.64728000e-04  3.71995415e+00 
 9.64828000e-04  3.72006695e+00 
 9.64928000e-04  3.72016909e+00 
 9.65028000e-04  3.72026063e+00 
 9.65128000e-04  3.72034163e+00 
 9.65228000e-04  3.72041218e+00 
 9.65328000e-04  3.72047241e+00 
 9.65428000e-04  3.72052248e+00 
 9.65528000e-04  3.72056257e+00 
 9.65628000e-04  3.72059290e+00 
 9.65728000e-04  3.72061369e+00 
 9.65828000e-04  3.72062520e+00 
 9.65928000e-04  3.72062773e+00 
 9.66028000e-04  3.72062156e+00 
 9.66128000e-04  3.72060703e+00 
 9.66228000e-04  3.72058447e+00 
 9.66328000e-04  3.72055425e+00 
 9.66428000e-04  3.72051672e+00 
 9.66528000e-04  3.72047227e+00 
 9.66628000e-04  3.72042130e+00 
 9.66728000e-04  3.72036422e+00 
 9.66828000e-04  3.72030142e+00 
 9.66928000e-04  3.72023333e+00 
 9.67028000e-04  3.72016036e+00 
 9.67128000e-04  3.72008293e+00 
 9.67228000e-04  3.72000146e+00 
 9.67328000e-04  3.71991637e+00 
 9.67428000e-04  3.71982807e+00 
 9.67528000e-04  3.71973696e+00 
 9.67628000e-04  3.71964344e+00 
 9.67728000e-04  3.71954790e+00 
 9.67828000e-04  3.71945071e+00 
 9.67928000e-04  3.71935224e+00 
 9.68028000e-04  3.71925285e+00 
 9.68128000e-04  3.71915286e+00 
 9.68228000e-04  3.71905260e+00 
 9.68328000e-04  3.71895238e+00 
 9.68428000e-04  3.71885248e+00 
 9.68528000e-04  3.71875317e+00 
 9.68628000e-04  3.71865470e+00 
 9.68728000e-04  3.71855730e+00 
 9.68828000e-04  3.71846119e+00 
 9.68928000e-04  3.71836655e+00 
 9.69028000e-04  3.71827357e+00 
 9.69128000e-04  3.71818240e+00 
 9.69228000e-04  3.71809317e+00 
 9.69328000e-04  3.71800601e+00 
 9.69428000e-04  3.71792102e+00 
 9.69528000e-04  3.71783827e+00 
 9.69628000e-04  3.71775784e+00 
 9.69728000e-04  3.71767978e+00 
 9.69828000e-04  3.71760412e+00 
 9.69928000e-04  3.71753090e+00 
 9.70028000e-04  3.71746011e+00 
 9.70128000e-04  3.71739176e+00 
 9.70228000e-04  3.71732584e+00 
 9.70328000e-04  3.71726231e+00 
 9.70428000e-04  3.71720115e+00 
 9.70528000e-04  3.71714231e+00 
 9.70628000e-04  3.71708575e+00 
 9.70728000e-04  3.71703141e+00 
 9.70828000e-04  3.71697922e+00 
 9.70928000e-04  3.71692914e+00 
 9.71028000e-04  3.71688107e+00 
 9.71128000e-04  3.71683495e+00 
 9.71228000e-04  3.71679071e+00 
 9.71328000e-04  3.71674826e+00 
 9.71428000e-04  3.71670754e+00 
 9.71528000e-04  3.71666845e+00 
 9.71628000e-04  3.71663091e+00 
 9.71728000e-04  3.71659486e+00 
 9.71828000e-04  3.71656021e+00 
 9.71928000e-04  3.71652689e+00 
 9.72028000e-04  3.71649481e+00 
 9.72128000e-04  3.71646391e+00 
 9.72228000e-04  3.71643412e+00 
 9.72328000e-04  3.71640535e+00 
 9.72428000e-04  3.71637756e+00 
 9.72528000e-04  3.71635067e+00 
 9.72628000e-04  3.71632461e+00 
 9.72728000e-04  3.71629934e+00 
 9.72828000e-04  3.71627480e+00 
 9.72928000e-04  3.71625093e+00 
 9.73028000e-04  3.71622768e+00 
 9.73128000e-04  3.71620500e+00 
 9.73228000e-04  3.71618285e+00 
 9.73328000e-04  3.71616119e+00 
 9.73428000e-04  3.71613998e+00 
 9.73528000e-04  3.71611917e+00 
 9.73628000e-04  3.71609874e+00 
 9.73728000e-04  3.71607866e+00 
 9.73828000e-04  3.71605888e+00 
 9.73928000e-04  3.71603939e+00 
 9.74028000e-04  3.71602016e+00 
 9.74128000e-04  3.71600116e+00 
 9.74228000e-04  3.71598238e+00 
 9.74328000e-04  3.71596379e+00 
 9.74428000e-04  3.71594538e+00 
 9.74528000e-04  3.71592712e+00 
 9.74628000e-04  3.71590900e+00 
 9.74728000e-04  3.71589101e+00 
 9.74828000e-04  3.71587313e+00 
 9.74928000e-04  3.71585536e+00 
 9.75028000e-04  3.71583768e+00 
 9.75128000e-04  3.71582008e+00 
 9.75228000e-04  3.71580256e+00 
 9.75328000e-04  3.71578510e+00 
 9.75428000e-04  3.71576770e+00 
 9.75528000e-04  3.71575035e+00 
 9.75628000e-04  3.71573305e+00 
 9.75728000e-04  3.71571578e+00 
 9.75828000e-04  3.71569856e+00 
 9.75928000e-04  3.71568136e+00 
 9.76028000e-04  3.71566420e+00 
 9.76128000e-04  3.71564706e+00 
 9.76228000e-04  3.71562994e+00 
 9.76328000e-04  3.71561284e+00 
 9.76428000e-04  3.71559576e+00 
 9.76528000e-04  3.71557869e+00 
 9.76628000e-04  3.71556163e+00 
 9.76728000e-04  3.71554459e+00 
 9.76828000e-04  3.71552756e+00 
 9.76928000e-04  3.71551053e+00 
 9.77028000e-04  3.71549352e+00 
 9.77128000e-04  3.71547650e+00 
 9.77228000e-04  3.71545950e+00 
 9.77328000e-04  3.71544250e+00 
 9.77428000e-04  3.71542551e+00 
 9.77528000e-04  3.71540851e+00 
 9.77628000e-04  3.71539153e+00 
 9.77728000e-04  3.71537454e+00 
 9.77828000e-04  3.71535756e+00 
 9.77928000e-04  3.71534058e+00 
 9.78028000e-04  3.71532360e+00 
 9.78128000e-04  3.71530662e+00 
 9.78228000e-04  3.71528964e+00 
 9.78328000e-04  3.71527267e+00 
 9.78428000e-04  3.71525570e+00 
 9.78528000e-04  3.71523872e+00 
 9.78628000e-04  3.71522175e+00 
 9.78728000e-04  3.71520478e+00 
 9.78828000e-04  3.71518781e+00 
 9.78928000e-04  3.71517084e+00 
 9.79028000e-04  3.71515387e+00 
 9.79128000e-04  3.71513690e+00 
 9.79228000e-04  3.71511993e+00 
 9.79328000e-04  3.71510296e+00 
 9.79428000e-04  3.71508600e+00 
 9.79528000e-04  3.71506903e+00 
 9.79628000e-04  3.71505206e+00 
 9.79728000e-04  3.71503509e+00 
 9.79828000e-04  3.71501813e+00 
 9.79928000e-04  3.71500116e+00 
 9.80028000e-04  3.71498420e+00 
 9.80128000e-04  3.71496723e+00 
 9.80228000e-04  3.71495026e+00 
 9.80328000e-04  3.71493330e+00 
 9.80428000e-04  3.71491633e+00 
 9.80528000e-04  3.71489937e+00 
 9.80628000e-04  3.71488240e+00 
 9.80728000e-04  3.71486544e+00 
 9.80828000e-04  3.71484847e+00 
 9.80928000e-04  3.71483151e+00 
 9.81028000e-04  3.71481455e+00 
 9.81128000e-04  3.71479758e+00 
 9.81228000e-04  3.71478062e+00 
 9.81328000e-04  3.71476366e+00 
 9.81428000e-04  3.71474669e+00 
 9.81528000e-04  3.71472973e+00 
 9.81628000e-04  3.71471277e+00 
 9.81728000e-04  3.71469581e+00 
 9.81828000e-04  3.71467884e+00 
 9.81928000e-04  3.71466188e+00 
 9.82028000e-04  3.71464492e+00 
 9.82128000e-04  3.71462796e+00 
 9.82228000e-04  3.71461100e+00 
 9.82328000e-04  3.71459404e+00 
 9.82428000e-04  3.71457708e+00 
 9.82528000e-04  3.71456012e+00 
 9.82628000e-04  3.71454316e+00 
 9.82728000e-04  3.71452620e+00 
 9.82828000e-04  3.71450924e+00 
 9.82928000e-04  3.71449228e+00 
 9.83028000e-04  3.71447532e+00 
 9.83128000e-04  3.71445837e+00 
 9.83228000e-04  3.71444141e+00 
 9.83328000e-04  3.71442445e+00 
 9.83428000e-04  3.71440749e+00 
 9.83528000e-04  3.71439054e+00 
 9.83628000e-04  3.71437358e+00 
 9.83728000e-04  3.71435662e+00 
 9.83828000e-04  3.71433967e+00 
 9.83928000e-04  3.71432271e+00 
 9.84028000e-04  3.71430576e+00 
 9.84128000e-04  3.71428880e+00 
 9.84228000e-04  3.71427185e+00 
 9.84328000e-04  3.71425490e+00 
 9.84428000e-04  3.71423794e+00 
 9.84528000e-04  3.71422099e+00 
 9.84628000e-04  3.71420404e+00 
 9.84728000e-04  3.71418708e+00 
 9.84828000e-04  3.71417013e+00 
 9.84928000e-04  3.71415318e+00 
 9.85028000e-04  3.71413623e+00 
 9.85128000e-04  3.71411928e+00 
 9.85228000e-04  3.71410233e+00 
 9.85328000e-04  3.71408538e+00 
 9.85428000e-04  3.71406843e+00 
 9.85528000e-04  3.71405148e+00 
 9.85628000e-04  3.71403453e+00 
 9.85728000e-04  3.71401758e+00 
 9.85828000e-04  3.71400063e+00 
 9.85928000e-04  3.71398369e+00 
 9.86028000e-04  3.71396674e+00 
 9.86128000e-04  3.71394979e+00 
 9.86228000e-04  3.71393284e+00 
 9.86328000e-04  3.71391590e+00 
 9.86428000e-04  3.71389895e+00 
 9.86528000e-04  3.71388201e+00 
 9.86628000e-04  3.71386506e+00 
 9.86728000e-04  3.71384812e+00 
 9.86828000e-04  3.71383117e+00 
 9.86928000e-04  3.71381423e+00 
 9.87028000e-04  3.71379728e+00 
 9.87128000e-04  3.71378034e+00 
 9.87228000e-04  3.71376340e+00 
 9.87328000e-04  3.71374646e+00 
 9.87428000e-04  3.71372952e+00 
 9.87528000e-04  3.71371258e+00 
 9.87628000e-04  3.71369563e+00 
 9.87728000e-04  3.71367869e+00 
 9.87828000e-04  3.71366175e+00 
 9.87928000e-04  3.71364482e+00 
 9.88028000e-04  3.71362788e+00 
 9.88128000e-04  3.71361094e+00 
 9.88228000e-04  3.71359400e+00 
 9.88328000e-04  3.71357706e+00 
 9.88428000e-04  3.71356013e+00 
 9.88528000e-04  3.71354319e+00 
 9.88628000e-04  3.71352625e+00 
 9.88728000e-04  3.71350932e+00 
 9.88828000e-04  3.71349238e+00 
 9.88928000e-04  3.71347545e+00 
 9.89028000e-04  3.71345852e+00 
 9.89128000e-04  3.71344158e+00 
 9.89228000e-04  3.71342465e+00 
 9.89328000e-04  3.71340772e+00 
 9.89428000e-04  3.71339079e+00 
 9.89528000e-04  3.71337385e+00 
 9.89628000e-04  3.71335692e+00 
 9.89728000e-04  3.71333999e+00 
 9.89828000e-04  3.71332306e+00 
 9.89928000e-04  3.71330613e+00 
 9.90028000e-04  3.71328921e+00 
 9.90128000e-04  3.71327228e+00 
 9.90228000e-04  3.71325535e+00 
 9.90328000e-04  3.71323842e+00 
 9.90428000e-04  3.71322150e+00 
 9.90528000e-04  3.71320457e+00 
 9.90628000e-04  3.71318764e+00 
 9.90728000e-04  3.71317072e+00 
 9.90828000e-04  3.71315379e+00 
 9.90928000e-04  3.71313687e+00 
 9.91028000e-04  3.71311995e+00 
 9.91128000e-04  3.71310302e+00 
 9.91228000e-04  3.71308610e+00 
 9.91328000e-04  3.71306918e+00 
 9.91428000e-04  3.71305226e+00 
 9.91528000e-04  3.71303534e+00 
 9.91628000e-04  3.71301842e+00 
 9.91728000e-04  3.71300150e+00 
 9.91828000e-04  3.71298458e+00 
 9.91928000e-04  3.71296766e+00 
 9.92028000e-04  3.71295074e+00 
 9.92128000e-04  3.71293382e+00 
 9.92228000e-04  3.71291691e+00 
 9.92328000e-04  3.71289999e+00 
 9.92428000e-04  3.71288307e+00 
 9.92528000e-04  3.71286616e+00 
 9.92628000e-04  3.71284924e+00 
 9.92728000e-04  3.71283233e+00 
 9.92828000e-04  3.71281542e+00 
 9.92928000e-04  3.71279850e+00 
 9.93028000e-04  3.71278159e+00 
 9.93128000e-04  3.71276468e+00 
 9.93228000e-04  3.71274777e+00 
 9.93328000e-04  3.71273086e+00 
 9.93428000e-04  3.71271395e+00 
 9.93528000e-04  3.71269704e+00 
 9.93628000e-04  3.71268013e+00 
 9.93728000e-04  3.71266322e+00 
 9.93828000e-04  3.71264631e+00 
 9.93928000e-04  3.71262940e+00 
 9.94028000e-04  3.71261250e+00 
 9.94128000e-04  3.71259559e+00 
 9.94228000e-04  3.71257868e+00 
 9.94328000e-04  3.71256178e+00 
 9.94428000e-04  3.71254487e+00 
 9.94528000e-04  3.71252797e+00 
 9.94628000e-04  3.71251107e+00 
 9.94728000e-04  3.71249416e+00 
 9.94828000e-04  3.71247726e+00 
 9.94928000e-04  3.71246036e+00 
 9.95028000e-04  3.71244346e+00 
 9.95128000e-04  3.71242656e+00 
 9.95228000e-04  3.71240966e+00 
 9.95328000e-04  3.71239276e+00 
 9.95428000e-04  3.71237586e+00 
 9.95528000e-04  3.71235896e+00 
 9.95628000e-04  3.71234206e+00 
 9.95728000e-04  3.71232517e+00 
 9.95828000e-04  3.71230827e+00 
 9.95928000e-04  3.71229137e+00 
 9.96028000e-04  3.71227448e+00 
 9.96128000e-04  3.71225758e+00 
 9.96228000e-04  3.71224069e+00 
 9.96328000e-04  3.71222380e+00 
 9.96428000e-04  3.71220690e+00 
 9.96528000e-04  3.71219001e+00 
 9.96628000e-04  3.71217312e+00 
 9.96728000e-04  3.71215623e+00 
 9.96828000e-04  3.71213934e+00 
 9.96928000e-04  3.71212245e+00 
 9.97028000e-04  3.71210556e+00 
 9.97128000e-04  3.71208867e+00 
 9.97228000e-04  3.71207178e+00 
 9.97328000e-04  3.71205490e+00 
 9.97428000e-04  3.71203801e+00 
 9.97528000e-04  3.71202112e+00 
 9.97628000e-04  3.71200424e+00 
 9.97728000e-04  3.71198735e+00 
 9.97828000e-04  3.71197047e+00 
 9.97928000e-04  3.71195358e+00 
 9.98028000e-04  3.71193670e+00 
 9.98128000e-04  3.71191982e+00 
 9.98228000e-04  3.71190293e+00 
 9.98328000e-04  3.71188605e+00 
 9.98428000e-04  3.71186917e+00 
 9.98528000e-04  3.71185229e+00 
 9.98628000e-04  3.71183541e+00 
 9.98728000e-04  3.71181853e+00 
 9.98828000e-04  3.71180165e+00 
 9.98928000e-04  3.71178478e+00 
 9.99028000e-04  3.71176790e+00 
 9.99128000e-04  3.71175102e+00 
 9.99228000e-04  3.71173415e+00 
 9.99328000e-04  3.71171727e+00 
 9.99428000e-04  3.71170040e+00 
 9.99528000e-04  3.71168352e+00 
 9.99628000e-04  3.71166665e+00 
 9.99728000e-04  3.71164977e+00 
 9.99828000e-04  3.71163290e+00 
 9.99928000e-04  3.71161603e+00 
 1.00000000e-03  3.71160388e+00 
